/*******************************************************************************
 * Size: 24 px
 * Bpp: 4
 * Opts: --bpp 4 --size 24 --font inter-500-latin.ttf -r 0x20-0x7E,0xA0-0xFF --font inter-500-latin-ext.ttf -r 0x0150-0x0151,0x0170-0x0171 --font fa-solid-900.ttf -r 0xF001,0xF021,0xF023,0xF026-0xF028,0xF048,0xF04B-0xF04D,0xF051,0xF07B,0xF09C,0xF240-0xF244 --format lvgl --lv-include lvgl.h -o out/mp3_inter_24.c
 ******************************************************************************/

#ifdef LV_LVGL_H_INCLUDE_SIMPLE
#include "lvgl.h"
#else
#include "lvgl.h"
#endif

#ifndef MP3_INTER_24
#define MP3_INTER_24 1
#endif

#if MP3_INTER_24

/*-----------------
 *    BITMAPS
 *----------------*/

/*Store the image of the glyphs*/
static LV_ATTRIBUTE_LARGE_CONST const uint8_t glyph_bitmap[] = {
    /* U+0020 " " */

    /* U+0021 "!" */
    0xc, 0xff, 0x8, 0x6, 0x10, 0x70, 0xf, 0xfe,
    0x38, 0x80, 0x7f, 0xf1, 0x4, 0x0, 0x60, 0x1b,
    0x15, 0x80, 0xb, 0x50, 0x1, 0x21, 0x0, 0x36,
    0xf4, 0x80, 0x80, 0xe, 0xe, 0x8, 0xa0,

    /* U+0022 "\"" */
    0x8f, 0xf0, 0x1f, 0xf9, 0x80, 0x30, 0x80, 0xf,
    0xc0, 0x23, 0x0, 0x84, 0x4, 0x3, 0x8, 0x6,
    0x10, 0x3, 0x98, 0x18, 0x7, 0x32, 0x20, 0x0,
    0xa8, 0x40,

    /* U+0023 "#" */
    0x0, 0xc3, 0xfe, 0x0, 0xdf, 0xe1, 0x0, 0xe5,
    0x3, 0x0, 0x84, 0x0, 0x20, 0x1c, 0x40, 0xc0,
    0x12, 0x81, 0x80, 0x7b, 0xc3, 0x40, 0x23, 0x5,
    0x0, 0x97, 0xfc, 0xc1, 0x1f, 0xf4, 0x3, 0x7e,
    0x86, 0x80, 0x7f, 0xf0, 0x18, 0x23, 0xf4, 0x1,
    0xff, 0x80, 0x1b, 0xf6, 0x1, 0x30, 0x18, 0x4,
    0x40, 0x2, 0x0, 0xe2, 0x6, 0x0, 0x98, 0xc,
    0x3, 0xde, 0x1a, 0x1, 0x18, 0x28, 0x4, 0xdf,
    0xe6, 0x8, 0xff, 0xa0, 0x1b, 0xf4, 0x38, 0x3,
    0xff, 0x80, 0xc1, 0x1f, 0xc0, 0xf, 0xfc, 0x0,
    0xef, 0xb0, 0x9, 0x40, 0xc0, 0x22, 0x1, 0x10,
    0x7, 0x18, 0x28, 0x4, 0xe0, 0x40, 0x1e, 0xe0,
    0xe0, 0x8, 0x81, 0x40, 0x3c, 0xa0, 0x60, 0x16,
    0x87, 0x80, 0x60,

    /* U+0024 "$" */
    0x0, 0xf7, 0x40, 0x7, 0xff, 0x65, 0x2b, 0x45,
    0xf6, 0x48, 0x3, 0xaa, 0xd4, 0x80, 0x4, 0xda,
    0xe0, 0x14, 0xa8, 0x14, 0x1, 0x38, 0x2, 0x14,
    0x5, 0x80, 0xf5, 0xc5, 0x63, 0x40, 0x10, 0x4,
    0x0, 0xa0, 0xe, 0x29, 0x64, 0x1, 0x0, 0x60,
    0x7, 0x9a, 0x64, 0x4, 0x40, 0x5b, 0x20, 0xf,
    0xef, 0x20, 0x4d, 0x17, 0x50, 0xf, 0x16, 0xc9,
    0x80, 0x55, 0xf2, 0x20, 0x1c, 0xd9, 0xc0, 0x19,
    0xb8, 0xc0, 0x3c, 0x22, 0x7f, 0x90, 0x7, 0x0,
    0x7f, 0x99, 0xc0, 0x89, 0x3d, 0xc0, 0xf, 0xbc,
    0x0, 0x3c, 0x22, 0x80, 0xe, 0x1a, 0x0, 0x1b,
    0x88, 0x3e, 0x38, 0xac, 0x79, 0x3, 0x80, 0x30,
    0x80, 0xe0, 0x9, 0xc4, 0x16, 0x0, 0x5, 0xb2,
    0x82, 0x0, 0x26, 0xca, 0x0, 0xe6, 0xbe, 0x17,
    0xd9, 0x30, 0xf, 0xfe, 0x28,

    /* U+0025 "%" */
    0x2, 0xae, 0xfc, 0x30, 0xf, 0xa3, 0xe4, 0x2,
    0x1c, 0x52, 0x33, 0x61, 0x0, 0x72, 0x39, 0x48,
    0x4, 0xe2, 0x99, 0x87, 0xa, 0x0, 0xc3, 0x41,
    0xe0, 0x18, 0x40, 0xc0, 0x1c, 0x2, 0x1, 0xac,
    0x60, 0x80, 0x30, 0x81, 0x80, 0x38, 0x4, 0x2,
    0x65, 0x47, 0x0, 0xe7, 0x14, 0xdc, 0x70, 0xa0,
    0x1, 0x48, 0xd0, 0x7, 0x87, 0x10, 0x8c, 0xd8,
    0x40, 0xe, 0xb, 0x10, 0xf, 0x8a, 0xff, 0xd8,
    0x60, 0x7, 0x35, 0x50, 0x7, 0xff, 0xc, 0xe0,
    0xa8, 0x3, 0xff, 0x89, 0xc1, 0xc0, 0x3, 0xcf,
    0xe9, 0x0, 0xfe, 0x92, 0x73, 0x3, 0xc3, 0x30,
    0x35, 0x80, 0x7c, 0xac, 0x70, 0x0, 0xa0, 0x8c,
    0xe1, 0x42, 0x0, 0xe1, 0xb0, 0xe0, 0x9, 0x41,
    0x0, 0xa, 0xc, 0x1, 0xd4, 0x32, 0x40, 0x1f,
    0xfc, 0x37, 0x45, 0x60, 0xc, 0xa0, 0x80, 0x5,
    0x6, 0x0, 0x8a, 0x6, 0xc0, 0x3a, 0x82, 0x33,
    0x85, 0x8, 0x2, 0xf0, 0xa1, 0x0, 0xe3, 0xb3,
    0x30, 0x35, 0x80,

    /* U+0026 "&" */
    0x0, 0x97, 0x3f, 0xd8, 0xa0, 0x1f, 0xa2, 0x8c,
    0x0, 0x75, 0x0, 0x1e, 0x17, 0x3, 0xcd, 0x50,
    0x71, 0x0, 0xe4, 0x0, 0x71, 0x95, 0x80, 0x14,
    0x3, 0xf1, 0x80, 0x8, 0x0, 0xe0, 0x1c, 0x80,
    0x9, 0x2, 0xe0, 0x33, 0x0, 0x70, 0xb0, 0x3d,
    0xe9, 0x13, 0x40, 0x3e, 0x90, 0x2, 0x2, 0x60,
    0x80, 0x7c, 0xa0, 0x1a, 0x84, 0x3, 0xe8, 0xa0,
    0xd, 0xa0, 0x17, 0xf9, 0x41, 0x5c, 0x17, 0xec,
    0xe, 0xc0, 0x80, 0xc, 0x1c, 0x3, 0x40, 0x92,
    0x9, 0x2a, 0x0, 0x30, 0x60, 0x20, 0x9, 0x9c,
    0x1a, 0x1, 0x40, 0xc, 0x6, 0x20, 0x14, 0x20,
    0x5, 0x0, 0xf, 0x0, 0x62, 0x91, 0xba, 0x0,
    0x42, 0x0, 0x47, 0x2, 0xad, 0xc8, 0x0, 0xda,
    0x40, 0x8, 0xc5, 0x10, 0x1, 0xc7, 0x70, 0x45,
    0xe2,

    /* U+0027 "'" */
    0x8f, 0xf0, 0x7, 0x78, 0x4, 0x20, 0x20, 0x1c,
    0x60, 0x60, 0xc8, 0x80,

    /* U+0028 "(" */
    0x0, 0x91, 0x50, 0x0, 0x37, 0x46, 0x0, 0x80,
    0x3, 0x0, 0x18, 0x14, 0x41, 0x40, 0x1c, 0x0,
    0xf0, 0x2, 0x0, 0x10, 0x10, 0x0, 0x42, 0x18,
    0x0, 0x70, 0x1, 0x80, 0x8, 0x0, 0xc0, 0xf,
    0x0, 0x10, 0x0, 0x40, 0x3f, 0xe1, 0x0, 0x8,
    0x3, 0x80, 0x4, 0x0, 0x40, 0x2, 0x0, 0x8,
    0x1, 0x80, 0x12, 0x82, 0x0, 0x5c, 0x0, 0x50,
    0x2, 0x8, 0x70, 0x5, 0x0, 0x84, 0x0, 0x62,
    0xb,

    /* U+0029 ")" */
    0x55, 0x18, 0x5, 0x95, 0xa0, 0x15, 0x80, 0xb0,
    0x0, 0x8c, 0x2c, 0x2, 0xb0, 0x23, 0x0, 0x28,
    0x2, 0xc0, 0x4, 0x40, 0x40, 0x9, 0xc0, 0xc0,
    0x2d, 0x0, 0x18, 0x0, 0xc0, 0xc, 0x0, 0x70,
    0x1, 0x80, 0x4, 0x0, 0x20, 0x1f, 0x84, 0x0,
    0x40, 0x6, 0x0, 0x8, 0x3, 0x0, 0xa, 0x0,
    0x40, 0x21, 0x2, 0x20, 0x28, 0x1, 0x40, 0x14,
    0x0, 0xa0, 0x32, 0x4, 0x20, 0x80, 0x4, 0x2,
    0x20, 0x0,

    /* U+002A "*" */
    0x0, 0xd5, 0xe4, 0x1, 0x88, 0x0, 0x60, 0x60,
    0x20, 0x3b, 0x64, 0x1, 0x37, 0x41, 0xa2, 0x35,
    0x3, 0x64, 0x7c, 0xaf, 0xc, 0x80, 0xe3, 0x9c,
    0x6, 0x8c, 0x2, 0xb4, 0x3, 0xe6, 0x45, 0x8,
    0x3b, 0xb1, 0x9a, 0x6c, 0xc1, 0xb9, 0x38, 0x31,
    0x80, 0xc0, 0xc6, 0xd4, 0x3, 0x62, 0x98, 0x4,

    /* U+002B "+" */
    0x0, 0xc5, 0xfe, 0x20, 0xf, 0xfe, 0xe0, 0x91,
    0x4c, 0x0, 0x72, 0x28, 0x77, 0x75, 0x80, 0x2b,
    0x77, 0x0, 0x7f, 0xf0, 0x33, 0xfe, 0xd0, 0x6,
    0xff, 0xd8, 0x1, 0xff, 0xdc, 0x37, 0x71, 0x80,
    0x60,

    /* U+002C "," */
    0x6, 0xbb, 0x10, 0x6a, 0x29, 0x3, 0x2, 0x0,
    0x8, 0x3c, 0x8, 0x0, 0x80, 0xc0, 0x62, 0x6,
    0x16, 0x0,

    /* U+002D "-" */
    0x2, 0x2f, 0x85, 0x77, 0x7e, 0x60, 0xf, 0xe0,

    /* U+002E "." */
    0x0, 0x29, 0x0, 0x36, 0xb4, 0x80, 0x80, 0xe,
    0xe, 0x8, 0xa0,

    /* U+002F "/" */
    0x0, 0xf3, 0xc1, 0x0, 0x71, 0x43, 0x80, 0x79,
    0x40, 0x88, 0x1, 0xd8, 0x8, 0x1, 0xe4, 0xd,
    0x0, 0xe4, 0x0, 0x20, 0x7, 0x60, 0x18, 0x7,
    0x94, 0x2c, 0x3, 0x84, 0x81, 0x0, 0x39, 0xc0,
    0x4c, 0x3, 0xb0, 0x10, 0x3, 0xc8, 0x18, 0x1,
    0xc6, 0x20, 0xe0, 0x1c, 0x80, 0x42, 0x1, 0xd6,
    0x8, 0x1, 0xe3, 0xd, 0x0, 0xe4, 0x0, 0x20,
    0x7, 0x68, 0x20, 0x7, 0x90, 0x30, 0x3, 0x84,
    0x81, 0x0, 0x39, 0xc0, 0x4c, 0x3, 0x80,

    /* U+0030 "0" */
    0x0, 0x8a, 0x77, 0xfd, 0x8a, 0x1, 0xe4, 0xd6,
    0x20, 0x1, 0xd5, 0x0, 0x31, 0x58, 0x1, 0xee,
    0x8c, 0x16, 0x40, 0x28, 0x0, 0x5c, 0x22, 0xe1,
    0x83, 0x10, 0xa, 0x82, 0xa0, 0x6, 0xf0, 0x5,
    0x82, 0x0, 0x3c, 0x3, 0x8c, 0x81, 0x3, 0x40,
    0x8, 0x1, 0xe7, 0x2, 0x1, 0x0, 0x8, 0x7,
    0x88, 0x0, 0x26, 0x1, 0xff, 0xc0, 0x33, 0x0,
    0x7f, 0xf0, 0xc, 0x40, 0x2, 0x1, 0xe2, 0x0,
    0xe, 0x80, 0x10, 0x3, 0xce, 0x4, 0x8, 0x0,
    0xf0, 0xe, 0x32, 0x4, 0x1, 0x40, 0x54, 0x0,
    0xde, 0x0, 0xa0, 0x4, 0x80, 0x2e, 0x11, 0xb0,
    0xc1, 0x8c, 0x0, 0x56, 0x0, 0x7b, 0x93, 0x4,
    0x90, 0xc, 0x9a, 0xc4, 0x2, 0x95, 0x60, 0x10,

    /* U+0031 "1" */
    0x0, 0xd, 0xff, 0xc0, 0x4, 0xf4, 0x0, 0xd1,
    0x62, 0x46, 0x1, 0x30, 0x36, 0xb0, 0x4, 0x75,
    0x20, 0x1d, 0x8a, 0x1, 0xe1, 0x0, 0xff, 0xff,
    0x80, 0x7f, 0xf0, 0x0,

    /* U+0032 "2" */
    0x0, 0x96, 0xfb, 0xfa, 0x8c, 0x3, 0xae, 0x90,
    0x40, 0x57, 0x1c, 0x2, 0x94, 0x4, 0xbc, 0x91,
    0x8, 0x40, 0x16, 0x4, 0xb4, 0x36, 0xf0, 0x7,
    0x82, 0x80, 0x38, 0x3, 0xa, 0x82, 0x82, 0x6e,
    0x94, 0x3, 0x84, 0xc, 0x0, 0x44, 0x0, 0xe1,
    0x40, 0x40, 0xf, 0xea, 0x0, 0x58, 0x7, 0xea,
    0x40, 0xa2, 0x0, 0xfa, 0x54, 0x1d, 0x40, 0x3e,
    0xa6, 0x7, 0x80, 0xf, 0xa9, 0x41, 0xe0, 0x3,
    0xea, 0x50, 0x68, 0x0, 0xfa, 0x94, 0x1a, 0x40,
    0x3e, 0xa5, 0x2, 0xc5, 0x5f, 0xa, 0x28, 0x0,
    0xaa, 0xbe, 0x21, 0x0, 0xff, 0xe0, 0x0,

    /* U+0033 "3" */
    0x0, 0x96, 0xfb, 0xfa, 0xd4, 0x3, 0xae, 0x90,
    0x40, 0x52, 0xac, 0x2, 0xa4, 0x4, 0xac, 0xa4,
    0x4, 0x80, 0x15, 0x5, 0xb5, 0x35, 0xb3, 0x7,
    0x0, 0x44, 0x40, 0x1c, 0x80, 0x10, 0xbb, 0x88,
    0x3, 0x90, 0x8, 0x3, 0xf1, 0xd1, 0x84, 0x0,
    0x72, 0x7f, 0xb1, 0x4e, 0xd4, 0x3, 0xfc, 0x26,
    0x1, 0xe4, 0xdd, 0x5a, 0x94, 0x60, 0x7, 0x88,
    0x89, 0x50, 0x6, 0xc0, 0x1f, 0xcc, 0x0, 0xc6,
    0xbb, 0x8, 0x7, 0xf9, 0x11, 0x20, 0x1d, 0x20,
    0xd, 0x61, 0x7, 0xb5, 0x45, 0xb7, 0x1, 0x70,
    0xc2, 0x4, 0xab, 0xa4, 0x2, 0xc0, 0x1, 0x6c,
    0xa0, 0x80, 0xa4, 0xe9, 0x0,

    /* U+0034 "4" */
    0x0, 0xf9, 0xff, 0xe2, 0x0, 0xfc, 0x50, 0x1,
    0xff, 0xc0, 0x90, 0xf, 0xfe, 0x2, 0xa0, 0x28,
    0x7, 0xf0, 0xd8, 0x36, 0x0, 0x7f, 0x40, 0x8a,
    0x0, 0x3f, 0x91, 0x82, 0xc4, 0x3, 0xfa, 0x41,
    0x14, 0x3, 0xfa, 0x8, 0x24, 0x3, 0xf8, 0x9c,
    0x20, 0x80, 0x3f, 0xb8, 0x9, 0xc0, 0x3f, 0x98,
    0xc1, 0x51, 0x36, 0x0, 0x15, 0xb, 0x0, 0xf,
    0x77, 0x94, 0x1, 0x16, 0xa0, 0x1f, 0xfc, 0x2a,
    0xff, 0xfa, 0x40, 0x1b, 0xee, 0x1, 0xff, 0xd0,

    /* U+0035 "5" */
    0x6, 0xff, 0xfe, 0x40, 0x7, 0x0, 0x7f, 0xf0,
    0x8, 0xb, 0x33, 0xe5, 0x0, 0x30, 0x31, 0x9f,
    0xc2, 0x0, 0x10, 0x20, 0xf, 0xf1, 0x7, 0x0,
    0x8, 0x40, 0x38, 0x40, 0x1f, 0x7f, 0xbd, 0xaa,
    0x1, 0x10, 0x1, 0xd0, 0x2, 0x2a, 0x90, 0x0,
    0xa1, 0x25, 0xff, 0xa8, 0x81, 0x94, 0xa, 0xf6,
    0xd0, 0x0, 0xb8, 0x0, 0x80, 0xf, 0xe1, 0x60,
    0x21, 0x0, 0xfe, 0x10, 0x9, 0x66, 0x40, 0x1e,
    0x20, 0x0, 0x9b, 0x34, 0x1, 0x8d, 0x41, 0x1,
    0x84, 0x26, 0x48, 0x6f, 0x80, 0x8, 0x0, 0x68,
    0x83, 0x5e, 0x40, 0x2, 0x8c, 0x0, 0x7f, 0x6,
    0x0, 0x27, 0xd5, 0x0, 0x0,

    /* U+0036 "6" */
    0x0, 0xcf, 0xbf, 0xec, 0x70, 0xe, 0x2e, 0x82,
    0x0, 0x1c, 0x69, 0x0, 0x7, 0x4, 0x1a, 0xa5,
    0x40, 0xbc, 0x1, 0x22, 0x17, 0x2a, 0xd4, 0xe0,
    0x4a, 0xc, 0xa, 0x80, 0x1a, 0x1d, 0xc2, 0x82,
    0x1c, 0x1, 0x8, 0x2, 0x20, 0x86, 0x0, 0x44,
    0x67, 0xf7, 0xd1, 0x0, 0x38, 0x0, 0xb6, 0x60,
    0x12, 0xea, 0x1, 0x80, 0x28, 0xaf, 0xfa, 0x0,
    0x14, 0x20, 0x11, 0x6a, 0x0, 0xbc, 0x80, 0xb1,
    0x80, 0x2c, 0x3, 0x98, 0x43, 0x38, 0x0, 0x40,
    0x1e, 0x30, 0x74, 0x0, 0x18, 0x7, 0x88, 0x18,
    0xc8, 0x24, 0x40, 0x34, 0x80, 0x3c, 0x24, 0x7,
    0xdc, 0xd6, 0xd8, 0xd, 0x41, 0x24, 0x6, 0x32,
    0x90, 0xf, 0x40, 0x26, 0xd6, 0x20, 0x13, 0x9c,
    0x10,

    /* U+0037 "7" */
    0xff, 0xff, 0xa8, 0x3, 0xff, 0x81, 0x75, 0x5f,
    0x38, 0x0, 0x91, 0x57, 0xe4, 0x0, 0x48, 0x7,
    0xc8, 0x60, 0xe2, 0x1, 0xf4, 0x0, 0xc8, 0x7,
    0xca, 0x61, 0x22, 0x1, 0xf4, 0x0, 0xb8, 0x7,
    0xca, 0x41, 0x20, 0x1f, 0xa0, 0x5, 0xc0, 0x3e,
    0x62, 0x8, 0x0, 0xfd, 0x0, 0x4c, 0x1, 0xf3,
    0x8, 0x40, 0x7, 0xe8, 0x2, 0x50, 0xf, 0x9c,
    0x42, 0x0, 0x3f, 0x48, 0x12, 0x80, 0x7c, 0xe2,
    0x12, 0x1, 0xf0,

    /* U+0038 "8" */
    0x0, 0x96, 0xfb, 0xfa, 0xd4, 0x3, 0xae, 0x90,
    0x40, 0x52, 0xb0, 0x2, 0x84, 0x4, 0xbd, 0xb4,
    0x3, 0xa0, 0x3, 0x1, 0x5a, 0x12, 0x5a, 0x2,
    0x80, 0x4, 0x10, 0x3, 0x8c, 0x0, 0x20, 0x60,
    0xa0, 0x1c, 0x60, 0x42, 0x10, 0x7, 0x66, 0x27,
    0x48, 0x12, 0x0, 0x4c, 0x44, 0x67, 0x62, 0x9e,
    0x20, 0x5, 0x48, 0x1, 0xc7, 0x20, 0x15, 0xb0,
    0x3e, 0xfe, 0xb8, 0x2e, 0x2, 0xa0, 0x3c, 0x10,
    0x14, 0x48, 0x1b, 0x60, 0x2, 0x40, 0x39, 0x80,
    0x1a, 0x1, 0xff, 0xc1, 0xf0, 0x3, 0x0, 0x73,
    0x0, 0xd, 0x84, 0x22, 0x4c, 0x8e, 0x64, 0x0,
    0x90, 0xc2, 0x6, 0xcd, 0xc6, 0x1, 0xc1, 0x2,
    0xd9, 0x41, 0x1, 0x38, 0xe3, 0x0,

    /* U+0039 "9" */
    0x0, 0x96, 0xfb, 0xfa, 0x8c, 0x3, 0xae, 0x90,
    0x40, 0x57, 0x20, 0x2, 0xb4, 0x3, 0xab, 0x92,
    0x7, 0x60, 0x34, 0x4, 0xc5, 0x46, 0xd2, 0x8,
    0xb, 0x0, 0x48, 0x7, 0x48, 0xa, 0x90, 0x0,
    0x80, 0x39, 0x80, 0x18, 0x60, 0x1, 0x0, 0xe6,
    0x0, 0x16, 0x0, 0x20, 0x3, 0xa4, 0x0, 0xea,
    0x40, 0xd4, 0x64, 0x9a, 0x40, 0x1b, 0xc8, 0x17,
    0x36, 0xca, 0x48, 0x1c, 0xb, 0x5c, 0x80, 0x53,
    0x18, 0xc0, 0x80, 0x28, 0xdf, 0xeb, 0x32, 0x10,
    0xf4, 0xaa, 0x10, 0x7, 0x50, 0x1, 0xdc, 0xaa,
    0x90, 0xc, 0x6e, 0xa, 0x26, 0x80, 0x98, 0xcb,
    0x38, 0x0, 0x80, 0x5, 0x18, 0x1c, 0xd3, 0x0,
    0xe1, 0x0, 0x7, 0x24, 0xc4, 0x9, 0xfc, 0xc0,
    0x0,

    /* U+003A ":" */
    0x0, 0x29, 0x0, 0x36, 0xb4, 0x80, 0x80, 0xe,
    0x10, 0x8, 0xa0, 0xff, 0x60, 0x1f, 0xfc, 0xb5,
    0x20, 0x6, 0xd6, 0x90, 0x10, 0x1, 0xc1, 0xc1,
    0x14,

    /* U+003B ";" */
    0x0, 0x21, 0x80, 0x22, 0xf1, 0x80, 0xc0, 0x1e,
    0x1e, 0x25, 0x60, 0x9d, 0xa4, 0x1, 0xff, 0xce,
    0x6b, 0xb1, 0x6, 0xa2, 0x90, 0x30, 0x20, 0x0,
    0x83, 0xc0, 0x80, 0x8, 0xc, 0x6, 0x20, 0x61,
    0x60, 0x0,

    /* U+003C "<" */
    0x0, 0xff, 0xe4, 0x9d, 0x28, 0x7, 0xc7, 0x78,
    0xa0, 0x1e, 0x4c, 0xc2, 0x0, 0xb0, 0x4, 0xbb,
    0x66, 0x7, 0x5c, 0x60, 0xdb, 0x44, 0x9, 0x98,
    0x50, 0x7, 0x49, 0x3, 0x6d, 0x98, 0x6, 0x10,
    0x3, 0xc1, 0x0, 0x7a, 0x4, 0x1f, 0xa4, 0x80,
    0x39, 0xfa, 0x48, 0x1b, 0x6d, 0x0, 0x39, 0xb6,
    0x88, 0x12, 0xf5, 0x80, 0x39, 0x76, 0xcc, 0xa,
    0x54, 0x3, 0xc9, 0x98, 0x40, 0xf, 0xf1, 0xde,
    0x38,

    /* U+003D "=" */
    0x13, 0x3f, 0xf0, 0xb6, 0x67, 0xf9, 0x80, 0x3f,
    0xf8, 0xf, 0xff, 0xfe, 0x70, 0xf, 0xfe, 0x0,
    0x99, 0xff, 0x85, 0xb3, 0x3f, 0xcc, 0x1, 0xff,
    0xc0,

    /* U+003E ">" */
    0x0, 0xff, 0xe0, 0x2d, 0x18, 0x7, 0xf9, 0x72,
    0xd0, 0x3, 0xe6, 0x10, 0x4b, 0xc4, 0x0, 0xe3,
    0xea, 0x30, 0x3b, 0xd5, 0x0, 0xe5, 0xcc, 0x28,
    0x15, 0x6b, 0x0, 0x71, 0xd6, 0xb0, 0x14, 0xf0,
    0x7, 0x8a, 0x1c, 0x0, 0x20, 0x1c, 0x53, 0xce,
    0x3, 0x0, 0x12, 0x5e, 0xb0, 0x14, 0xf3, 0x82,
    0xe5, 0xa0, 0x15, 0x6b, 0x0, 0x16, 0x8c, 0xe,
    0xf5, 0x40, 0x3c, 0x99, 0x84, 0x0, 0xf3, 0xe5,
    0x98, 0x7, 0xe0,

    /* U+003F "?" */
    0x0, 0x96, 0xfb, 0xf6, 0x48, 0x3, 0x5d, 0x20,
    0x81, 0x36, 0xa0, 0x1, 0xd0, 0x12, 0xf2, 0x0,
    0x16, 0x0, 0x90, 0x2b, 0x43, 0x79, 0x0, 0x28,
    0x33, 0x20, 0x3, 0x28, 0x0, 0x82, 0x25, 0x40,
    0x32, 0x80, 0x8, 0x3, 0xe5, 0x90, 0x15, 0x0,
    0xf4, 0xd0, 0xe, 0x80, 0x7b, 0x18, 0x17, 0xcc,
    0x3, 0x8c, 0xc0, 0xd4, 0x20, 0x1e, 0x50, 0x4,
    0x0, 0x7e, 0x34, 0x40, 0x80, 0x7e, 0x5b, 0xb0,
    0x7, 0xf9, 0x8, 0x3, 0xfa, 0xed, 0xa8, 0x1,
    0xf9, 0x40, 0x6, 0x1, 0xfa, 0x0, 0xd8, 0x3,
    0x0,

    /* U+0040 "@" */
    0x0, 0xf1, 0xbd, 0xef, 0xfb, 0xb1, 0xc8, 0x3,
    0xfc, 0x57, 0x90, 0x84, 0x0, 0x13, 0x8d, 0xa1,
    0x0, 0xf9, 0x35, 0x1, 0x6b, 0xbf, 0xdd, 0x6c,
    0xb, 0xe6, 0x1, 0xc9, 0x60, 0x7b, 0x4a, 0x20,
    0x1, 0x49, 0xe3, 0x1d, 0x20, 0x8, 0x68, 0x13,
    0x8, 0x3, 0xf0, 0xe1, 0x8f, 0x0, 0x52, 0x22,
    0xa0, 0xf, 0xfe, 0x6, 0x81, 0xa0, 0x1, 0x81,
    0x84, 0x0, 0x33, 0xdf, 0xd0, 0xb6, 0xe0, 0x2c,
    0x1e, 0x6, 0x21, 0x20, 0x2, 0xf6, 0x10, 0x17,
    0xb4, 0xd0, 0x6, 0x82, 0x2, 0x1, 0x8, 0x3,
    0x84, 0xf3, 0xf9, 0xc4, 0x3, 0x20, 0x0, 0xbc,
    0x18, 0x0, 0x46, 0x1a, 0x60, 0x30, 0x60, 0x1f,
    0x9, 0x0, 0x80, 0x10, 0x10, 0x40, 0x35, 0x80,
    0x7f, 0xf0, 0x44, 0x8, 0x3, 0xff, 0x82, 0x26,
    0x2, 0x0, 0x10, 0x20, 0xe, 0xf0, 0xc, 0x20,
    0x3, 0xe0, 0x60, 0x2, 0x2, 0x8, 0x6, 0x40,
    0xc, 0xa0, 0x42, 0x60, 0x42, 0x4, 0x61, 0x60,
    0x13, 0x98, 0x38, 0x3, 0xc1, 0x41, 0x0, 0xc,
    0x0, 0xe1, 0x5f, 0xdf, 0x87, 0x2, 0xee, 0x20,
    0xc8, 0x1, 0x82, 0x44, 0xb, 0x14, 0x48, 0x93,
    0x18, 0x82, 0x9, 0x82, 0x0, 0x80, 0x1a, 0x0,
    0x15, 0x77, 0xeb, 0x1, 0xdf, 0xf5, 0x90, 0x4,
    0x34, 0x9, 0x84, 0x1, 0xff, 0xc5, 0x59, 0x3,
    0xda, 0x52, 0x0, 0x9, 0xb5, 0x88, 0x7, 0xe6,
    0xc4, 0x5, 0xad, 0xff, 0x76, 0x4a, 0x30, 0x7,
    0xf1, 0xde, 0x42, 0x10, 0x0, 0x49, 0xa9, 0x80,
    0x38,

    /* U+0041 "A" */
    0x0, 0xf2, 0xff, 0xc8, 0x1, 0xff, 0xc0, 0xe0,
    0xb, 0x80, 0x3f, 0xe1, 0x40, 0x40, 0x50, 0xf,
    0xf9, 0x80, 0x12, 0x0, 0x60, 0xf, 0xf5, 0x2,
    0x11, 0x2, 0x80, 0x3f, 0x8c, 0x83, 0x41, 0x40,
    0xc8, 0x3, 0xf5, 0x0, 0x1c, 0x2c, 0x1, 0x40,
    0x1f, 0x9c, 0xc, 0x40, 0xc8, 0x18, 0x3, 0xe4,
    0x10, 0xb0, 0x9, 0x40, 0x50, 0x3, 0xdc, 0x0,
    0x60, 0xa, 0x80, 0x1c, 0x1, 0xe5, 0x0, 0x77,
    0xfd, 0xa0, 0x5, 0x0, 0xe6, 0x0, 0xff, 0x94,
    0x3, 0x50, 0x3, 0x37, 0x7a, 0xc0, 0x1c, 0x1,
    0x11, 0x82, 0x19, 0x17, 0x22, 0x1, 0x4, 0x0,
    0xa0, 0xe, 0x0, 0xfb, 0x80, 0xc, 0x0, 0xa0,
    0x2, 0x80, 0x7c, 0xa0, 0xa, 0x3, 0x20, 0x50,
    0xf, 0xe5, 0x2, 0x30,

    /* U+0042 "B" */
    0x1f, 0xff, 0xba, 0xd4, 0x3, 0xfe, 0x14, 0xab,
    0x0, 0xe4, 0xcc, 0xae, 0x4, 0x11, 0xc0, 0x31,
    0x19, 0xc8, 0xfe, 0x0, 0xb0, 0xf, 0xf0, 0x98,
    0x8, 0x7, 0xf8, 0x4c, 0x1c, 0x3, 0xf9, 0x34,
    0x6, 0x0, 0x33, 0x7f, 0xeb, 0x38, 0xf2, 0x0,
    0xff, 0xa2, 0x0, 0x1c, 0xdf, 0xfb, 0x58, 0x1a,
    0xc0, 0x3f, 0x8a, 0x58, 0x10, 0xc0, 0x3f, 0xd4,
    0x0, 0x40, 0xf, 0xfe, 0xf, 0x80, 0x7f, 0xa8,
    0x1, 0xa0, 0x11, 0x22, 0x65, 0xa6, 0x1, 0x50,
    0x9, 0x2e, 0xf5, 0x28, 0xe, 0x80, 0x7f, 0x9,
    0x3f, 0x98, 0x0,

    /* U+0043 "C" */
    0x0, 0xc5, 0x1b, 0xfe, 0xea, 0x50, 0xf, 0x9f,
    0x5c, 0x80, 0x2, 0xb5, 0x82, 0x1, 0xa6, 0x0,
    0x9, 0x10, 0x61, 0x3, 0xf1, 0x0, 0x2b, 0x1,
    0x6d, 0xbb, 0xa7, 0x98, 0x6, 0xc0, 0x16, 0x0,
    0xf2, 0x0, 0xe9, 0x30, 0x51, 0x41, 0x7, 0x20,
    0xf, 0xa1, 0x98, 0x46, 0x0, 0xb0, 0xf, 0xc9,
    0x32, 0x3e, 0x0, 0x18, 0x7, 0xff, 0x0, 0xc0,
    0x3f, 0xf8, 0x66, 0x0, 0x10, 0xf, 0xfe, 0x7,
    0x0, 0x8, 0x3, 0xff, 0x80, 0x60, 0xb, 0x0,
    0xfc, 0x93, 0x23, 0x41, 0x7, 0x20, 0xf, 0xa1,
    0x98, 0x41, 0x60, 0xf, 0x20, 0xe, 0xa3, 0x5,
    0x10, 0x56, 0x2, 0xdb, 0x76, 0x9e, 0x50, 0x2b,
    0x0, 0xa6, 0x0, 0x9, 0x12, 0xc2, 0x7, 0x82,
    0x1, 0x9f, 0x58, 0x80, 0x2, 0xb7, 0x82, 0x0,

    /* U+0044 "D" */
    0x1f, 0xff, 0xb6, 0x90, 0x3, 0xff, 0x82, 0x4b,
    0x76, 0x10, 0xf, 0xd, 0xdd, 0x2e, 0x20, 0x9e,
    0x20, 0x1c, 0xe8, 0x93, 0x47, 0x30, 0xd, 0x0,
    0x7f, 0xf0, 0x25, 0x41, 0xc, 0x3, 0xff, 0x81,
    0x0, 0xa, 0x0, 0xff, 0xe0, 0x11, 0x1, 0x0,
    0x3f, 0xf8, 0x2c, 0x6, 0x1, 0xff, 0xc1, 0x10,
    0x10, 0xf, 0xfe, 0x8, 0x80, 0x80, 0x7f, 0xf0,
    0x58, 0x8, 0x3, 0xff, 0x80, 0x44, 0x5, 0x0,
    0xff, 0xe0, 0x40, 0x2, 0x80, 0x3f, 0xe9, 0x50,
    0x43, 0x0, 0xce, 0x89, 0x34, 0xf3, 0x1, 0x50,
    0x7, 0xd, 0xdd, 0x2c, 0x20, 0x98, 0x20, 0x1f,
    0xe2, 0x6b, 0xb0, 0x80, 0x40,

    /* U+0045 "E" */
    0x1f, 0xff, 0xf7, 0x0, 0x7f, 0xf0, 0xd2, 0xef,
    0xed, 0x0, 0x89, 0x13, 0xe3, 0x0, 0xff, 0xed,
    0xb7, 0xff, 0xca, 0x1, 0xff, 0xc3, 0x4b, 0xbf,
    0x90, 0x2, 0x24, 0x4f, 0x84, 0x3, 0xff, 0xb6,
    0x48, 0x9f, 0x80, 0x24, 0xbb, 0xfc, 0x1, 0xff,
    0xc0,

    /* U+0046 "F" */
    0x1f, 0xff, 0xf6, 0x0, 0x7f, 0xf0, 0xd2, 0xef,
    0xef, 0x0, 0x89, 0x13, 0xe3, 0x0, 0xff, 0xed,
    0x91, 0x9f, 0xc0, 0x19, 0x33, 0x3e, 0x0, 0xff,
    0xe2, 0x37, 0xff, 0xc0, 0x1f, 0xff, 0xd0,

    /* U+0047 "G" */
    0x0, 0xc5, 0x3b, 0xfe, 0xea, 0x50, 0xf, 0x9f,
    0x58, 0x80, 0x2, 0xb5, 0x84, 0x1, 0xa6, 0x0,
    0x9, 0x10, 0x61, 0x3, 0xc1, 0x0, 0x2b, 0x1,
    0x6d, 0xbb, 0xa7, 0x98, 0x6, 0x80, 0x16, 0x0,
    0xf2, 0x0, 0xe9, 0x30, 0x42, 0x41, 0x7, 0x20,
    0xf, 0xba, 0xa8, 0x66, 0x0, 0x58, 0x7, 0xe2,
    0x55, 0xf, 0x0, 0x8, 0x3, 0xff, 0x80, 0x60,
    0x1, 0x0, 0xcb, 0xff, 0xe9, 0x30, 0x0, 0x80,
    0x7f, 0xc3, 0xc0, 0x2, 0x0, 0xcb, 0xbb, 0x58,
    0x3, 0xd0, 0x1, 0x60, 0x1c, 0x45, 0x0, 0x42,
    0x64, 0xe, 0x40, 0x1f, 0x78, 0x1, 0xc2, 0x0,
    0x1e, 0x40, 0x1d, 0x8, 0xa, 0x20, 0xac, 0x5,
    0xb6, 0xed, 0x1a, 0xe0, 0x36, 0x1, 0x4c, 0x0,
    0x12, 0x25, 0xc8, 0xf, 0x4, 0x3, 0x3e, 0xb1,
    0x0, 0x9, 0x2b, 0x8, 0x0,

    /* U+0048 "H" */
    0x1f, 0xf4, 0x80, 0x7e, 0xcf, 0xf0, 0x7, 0xff,
    0xfc, 0x3, 0xff, 0x8c, 0xdf, 0xff, 0x8c, 0x3,
    0xff, 0x90, 0x97, 0x7f, 0x88, 0x3, 0x89, 0x13,
    0xf0, 0x80, 0x7f, 0xff, 0xc0, 0x3f, 0xf8, 0xa0,

    /* U+0049 "I" */
    0x1f, 0xf4, 0x80, 0x7f, 0xfd, 0x0,

    /* U+004A "J" */
    0x0, 0xfd, 0x9f, 0xc0, 0x1f, 0xff, 0xf0, 0xf,
    0xfe, 0x68, 0x80, 0x7f, 0x7f, 0x58, 0x7, 0xc6,
    0x20, 0xc0, 0x1c, 0x40, 0x5, 0x2, 0x20, 0x4,
    0x62, 0xf, 0xc0, 0xc, 0x64, 0x6d, 0x0, 0x72,
    0xb0, 0xc, 0xdc, 0x88, 0x3a, 0x4, 0xda, 0x8,
    0xa, 0x5c, 0x0,

    /* U+004B "K" */
    0x1f, 0xf4, 0x80, 0x78, 0xbb, 0xfc, 0xa0, 0x1f,
    0xc3, 0x82, 0x12, 0xa0, 0x1f, 0x87, 0x4, 0x21,
    0x80, 0x3f, 0xb4, 0x81, 0xdc, 0x1, 0xfd, 0x86,
    0xd, 0x0, 0x1f, 0xd6, 0x60, 0xb2, 0x1, 0xfd,
    0x28, 0x9, 0x40, 0x1f, 0xcc, 0xc0, 0x4, 0x80,
    0x7f, 0x2c, 0x80, 0x52, 0x1, 0xfc, 0x60, 0xaa,
    0x4, 0x70, 0xf, 0xe4, 0xab, 0x10, 0x83, 0x0,
    0xfd, 0x60, 0x34, 0x0, 0xe0, 0xf, 0x94, 0x2,
    0x47, 0x2, 0x90, 0xf, 0x18, 0x6, 0x83, 0x6,
    0x50, 0xf, 0xfb, 0x80, 0x16, 0x20, 0x1f, 0xe2,
    0x90, 0x1d, 0x0, 0xff, 0x99, 0x40, 0xdc,

    /* U+004C "L" */
    0x1f, 0xf4, 0x80, 0x7f, 0xff, 0xc0, 0x3f, 0xff,
    0xe0, 0x1f, 0xfc, 0x52, 0x44, 0xf8, 0x80, 0x24,
    0xbb, 0xfa, 0x80, 0x3f, 0xf8, 0x0,

    /* U+004D "M" */
    0x1f, 0xfc, 0x20, 0x1f, 0x8b, 0xff, 0x0, 0x73,
    0x0, 0x7e, 0xb0, 0xf, 0xea, 0x0, 0xfc, 0xe0,
    0x1f, 0x20, 0x11, 0x80, 0x79, 0x44, 0x10, 0x3,
    0xb0, 0x42, 0x40, 0x3d, 0xc0, 0x62, 0x1, 0xe7,
    0x5, 0x0, 0xe1, 0x40, 0xb0, 0xf, 0x7e, 0x80,
    0x18, 0x3, 0x30, 0x1, 0x80, 0x3e, 0x41, 0xa,
    0x0, 0xd4, 0x6, 0x20, 0x1f, 0x98, 0xc, 0xc0,
    0x4, 0x20, 0xa0, 0xf, 0xea, 0x0, 0x50, 0x3,
    0x80, 0xc, 0x1, 0xfc, 0x46, 0xe, 0x0, 0x50,
    0x60, 0xf, 0xfa, 0x40, 0x4d, 0x0, 0x14, 0x1,
    0xff, 0x28, 0x85, 0xe8, 0x11, 0x80, 0x7f, 0xf0,
    0x1c, 0x11, 0x1, 0x40, 0x1f, 0xfc, 0x1b, 0x3,
    0x20, 0x60, 0xf, 0xfe, 0x9, 0x18, 0x1, 0x44,
    0x3, 0xff, 0x85, 0x40, 0xe, 0x0, 0xf8,

    /* U+004E "N" */
    0x1f, 0xf9, 0x40, 0x3e, 0x7f, 0xf1, 0x80, 0x6b,
    0x10, 0xf, 0xfe, 0x10, 0xd8, 0x7, 0xff, 0x4,
    0xc1, 0x50, 0x3, 0xff, 0x80, 0x86, 0x12, 0x1,
    0xff, 0xc1, 0xf0, 0x29, 0x0, 0xff, 0x84, 0xd8,
    0x18, 0xc0, 0x3f, 0xc6, 0x10, 0x21, 0xc0, 0x1f,
    0xfc, 0x1, 0xb0, 0x28, 0x0, 0xff, 0xe0, 0x2a,
    0x3, 0x90, 0x7, 0xff, 0x2, 0x80, 0x1c, 0x1,
    0xff, 0xc0, 0x19, 0x3, 0x60, 0xf, 0xfe, 0x3,
    0x18, 0x40, 0x7, 0xff, 0x7, 0x80, 0x6c, 0x3,
    0xff, 0x80, 0x50, 0x6, 0x1, 0xff, 0xc1, 0x72,
    0x0, 0xff, 0xe1, 0xf0, 0x6,

    /* U+004F "O" */
    0x0, 0xc5, 0x1b, 0xfe, 0xea, 0x50, 0xf, 0xcf,
    0xae, 0x40, 0x1, 0x5a, 0xc1, 0x0, 0xe9, 0x80,
    0x2, 0x44, 0xb0, 0x81, 0xf8, 0x80, 0x4a, 0xc0,
    0x5b, 0x6e, 0xd3, 0xcc, 0x3, 0x40, 0x15, 0x80,
    0x3c, 0x80, 0x3a, 0x50, 0x11, 0x0, 0x82, 0xe,
    0x40, 0x1f, 0x48, 0x3, 0x80, 0xc0, 0x16, 0x1,
    0xf8, 0x88, 0x8, 0x1c, 0x0, 0x20, 0xf, 0xe7,
    0x1, 0x3, 0x0, 0x8, 0x7, 0xf1, 0x80, 0x4,
    0xc0, 0x2, 0x1, 0xfc, 0x60, 0x1, 0xe0, 0x1,
    0x0, 0x7f, 0x38, 0x8, 0x18, 0x2, 0xc0, 0x3f,
    0x11, 0x1, 0x1, 0x4, 0x1c, 0x80, 0x3e, 0x90,
    0x7, 0x0, 0x2c, 0x1, 0xe4, 0x1, 0xd2, 0x80,
    0x88, 0x0, 0x2b, 0x1, 0x6d, 0xbb, 0x4f, 0x30,
    0xd, 0x0, 0x69, 0x80, 0x2, 0x44, 0xb0, 0x81,
    0xf8, 0x80, 0x73, 0xeb, 0x10, 0x0, 0x52, 0xb0,
    0x40, 0x20,

    /* U+0050 "P" */
    0x1f, 0xff, 0xb6, 0x8c, 0x3, 0xfe, 0x25, 0xc8,
    0x0, 0xe4, 0xcc, 0xae, 0x4, 0x1d, 0x80, 0x31,
    0x19, 0xc8, 0xf8, 0x0, 0xb0, 0xf, 0xf1, 0x30,
    0x10, 0x80, 0x7f, 0xb8, 0x0, 0x40, 0x1f, 0xee,
    0x0, 0x10, 0x7, 0xf1, 0x30, 0x10, 0x80, 0x48,
    0x67, 0x23, 0xe0, 0x2, 0xc0, 0x31, 0x66, 0x57,
    0x2, 0xc, 0xc0, 0xf, 0xe2, 0x5b, 0x90, 0xe,
    0x6f, 0xfd, 0xb4, 0x80, 0x1f, 0xff, 0xd0,

    /* U+0051 "Q" */
    0x0, 0xc5, 0x1b, 0xfe, 0xea, 0x50, 0xf, 0xcf,
    0xae, 0x40, 0x1, 0x5a, 0xc1, 0x0, 0xe9, 0x80,
    0x2, 0x44, 0xb0, 0x81, 0xf8, 0x80, 0x4a, 0xc0,
    0x5b, 0x6e, 0xd3, 0xcc, 0x3, 0x40, 0x15, 0x80,
    0x3c, 0x80, 0x3a, 0x50, 0x11, 0x0, 0x82, 0xe,
    0x40, 0x1f, 0x48, 0x3, 0x80, 0xc0, 0x16, 0x1,
    0xf8, 0x88, 0x8, 0x1c, 0x0, 0x20, 0xf, 0xe7,
    0x1, 0x3, 0x0, 0x8, 0x7, 0xf1, 0x80, 0x4,
    0xc0, 0x2, 0x1, 0xfc, 0x60, 0x1, 0xe0, 0x1,
    0x0, 0x7f, 0x38, 0x8, 0x18, 0x2, 0xc0, 0x23,
    0x99, 0x8, 0x11, 0x1, 0x1, 0x4, 0x1c, 0x80,
    0x6, 0xad, 0xa1, 0x20, 0xe, 0x0, 0x58, 0x3,
    0xc8, 0x1, 0xa2, 0x7e, 0x80, 0x88, 0x0, 0x2b,
    0x1, 0x6d, 0xbb, 0x8c, 0x2, 0x1a, 0x0, 0xd3,
    0x0, 0x4, 0x89, 0x20, 0xa, 0x84, 0x3, 0x9f,
    0x58, 0x80, 0x2, 0x80, 0x9, 0x10, 0xf, 0x14,
    0xef, 0xfb, 0xaf, 0x84, 0xa8, 0x3, 0xff, 0x82,
    0x3a, 0xe6, 0x40,

    /* U+0052 "R" */
    0x1f, 0xff, 0xba, 0x94, 0x3, 0xfe, 0x15, 0xab,
    0x0, 0xe4, 0xcc, 0xae, 0x4, 0x12, 0x0, 0x31,
    0x19, 0xc8, 0xfe, 0x20, 0xc0, 0x1f, 0xe1, 0x60,
    0x12, 0x0, 0xff, 0xe0, 0x88, 0x7, 0xf9, 0x0,
    0x4, 0x1, 0xf8, 0xe8, 0xc1, 0x4, 0x2, 0x6f,
    0xfd, 0x8a, 0x3, 0x40, 0x1f, 0xf3, 0x78, 0x80,
    0x62, 0xcc, 0x8c, 0x1, 0xe2, 0x1, 0xc8, 0x67,
    0x68, 0x2, 0x0, 0x3f, 0xc2, 0xe0, 0x2e, 0x1,
    0xfe, 0x81, 0x8, 0x10, 0xf, 0xf4, 0x80, 0x24,
    0x3, 0xfc, 0xe2, 0xe, 0x20, 0x1f, 0xe8, 0x0,
    0x40,

    /* U+0053 "S" */
    0x0, 0x92, 0xb7, 0xfd, 0xb2, 0x40, 0x1d, 0x56,
    0xa4, 0x0, 0x26, 0xd7, 0x0, 0xa5, 0x40, 0xa2,
    0xa8, 0xe0, 0x8, 0x50, 0x16, 0x3, 0xd7, 0x55,
    0x46, 0x80, 0x20, 0x8, 0x1, 0x40, 0x1c, 0x52,
    0xc8, 0x2, 0x0, 0xc0, 0xf, 0x34, 0xc8, 0x8,
    0x80, 0xb6, 0x40, 0x1f, 0xde, 0x40, 0x9b, 0xa9,
    0x50, 0xf, 0x16, 0xc9, 0x81, 0x35, 0x7c, 0x88,
    0x7, 0x36, 0x74, 0xa8, 0x1, 0xb8, 0xc0, 0x3c,
    0x2d, 0x5f, 0x20, 0xe, 0x0, 0xff, 0x33, 0x81,
    0x12, 0x7b, 0x80, 0x1f, 0x78, 0x0, 0x78, 0x45,
    0x0, 0x1c, 0x34, 0x0, 0x37, 0x10, 0x7c, 0x75,
    0x54, 0x79, 0x3, 0x80, 0x30, 0x80, 0xe2, 0xa8,
    0xe2, 0xb, 0x0, 0x2, 0xd9, 0x41, 0x0, 0x13,
    0x65, 0x0, 0x0,

    /* U+0054 "T" */
    0xff, 0xff, 0xe0, 0xc8, 0x7, 0xff, 0xb, 0x2e,
    0xf2, 0x80, 0x26, 0xef, 0x8d, 0x13, 0x10, 0x1,
    0x51, 0x31, 0x0, 0x7f, 0xff, 0xc0, 0x3f, 0xff,
    0xe0, 0x1f, 0xfd, 0x40,

    /* U+0055 "U" */
    0x1f, 0xf4, 0x80, 0x7e, 0xdf, 0xd0, 0xf, 0xff,
    0xf8, 0x7, 0xff, 0xfc, 0x40, 0x4, 0x1, 0xf8,
    0x80, 0x40, 0x81, 0x4, 0x3, 0xc8, 0x0, 0x50,
    0xa0, 0x5, 0x8, 0x6, 0x2a, 0x0, 0x50, 0x39,
    0x82, 0x7c, 0xb3, 0x2b, 0x44, 0x18, 0xc0, 0x1a,
    0x80, 0x2d, 0x32, 0x50, 0x3, 0x48, 0x4, 0x37,
    0x65, 0x20, 0x1, 0x36, 0x48, 0x0,

    /* U+0056 "V" */
    0x3f, 0xf5, 0x0, 0x7f, 0x57, 0xf8, 0xcc, 0x40,
    0xa0, 0x1f, 0xca, 0x4, 0x61, 0x40, 0x6, 0x0,
    0xf9, 0x40, 0xa, 0x0, 0x60, 0x6, 0x80, 0x7d,
    0xc0, 0xa, 0x0, 0xa, 0x2, 0x8, 0x7, 0xa,
    0x1, 0x90, 0x5, 0xc0, 0x6, 0x0, 0xe7, 0x0,
    0x50, 0x6, 0x50, 0x5, 0x0, 0x76, 0x80, 0x1c,
    0x3, 0x98, 0x8, 0x80, 0x10, 0xa0, 0x28, 0x80,
    0x75, 0x0, 0x28, 0x2, 0x60, 0x7, 0x0, 0x78,
    0xc8, 0x18, 0x2, 0xb0, 0x14, 0x0, 0xf9, 0x40,
    0x4c, 0x4, 0xc1, 0xc0, 0x3f, 0x50, 0x2, 0xc1,
    0xc0, 0x14, 0x1, 0xf8, 0x8c, 0x14, 0x34, 0x8,
    0xc0, 0x3f, 0xa8, 0x8, 0xd0, 0x28, 0x3, 0xfc,
    0xc0, 0xf, 0x0, 0x30, 0x7, 0xfc, 0xa0, 0x60,
    0x82, 0x1, 0xff, 0x70, 0x5, 0xc0, 0x1e,

    /* U+0057 "W" */
    0x4f, 0xf4, 0x0, 0x7a, 0x3f, 0xd4, 0x1, 0xe7,
    0xff, 0x2a, 0x0, 0x10, 0x3, 0xca, 0x0, 0x40,
    0xf, 0x58, 0x1, 0x1, 0x0, 0xc4, 0x3, 0x9,
    0x0, 0x4, 0x80, 0x38, 0xc0, 0xc4, 0x34, 0x0,
    0x80, 0x19, 0x0, 0x44, 0x8, 0x1, 0x90, 0x1,
    0x60, 0x4, 0x0, 0x60, 0x6, 0xc0, 0x55, 0x6,
    0x0, 0x6c, 0x0, 0x20, 0x0, 0x84, 0x10, 0x3,
    0x38, 0x1e, 0x2, 0x0, 0x64, 0x1, 0x30, 0x9,
    0xc0, 0x84, 0x0, 0x42, 0x18, 0x80, 0x26, 0x1,
    0x18, 0x20, 0x6, 0xc0, 0x2, 0x0, 0x10, 0x0,
    0x86, 0x0, 0x40, 0x2, 0x0, 0x3c, 0x3, 0x28,
    0x3, 0x0, 0x18, 0x6, 0x0, 0x40, 0xc0, 0x6,
    0x0, 0x10, 0x3, 0x8c, 0x10, 0x0, 0x81, 0x60,
    0xd, 0x4, 0x0, 0x20, 0x10, 0x80, 0x75, 0x81,
    0x9, 0x88, 0x20, 0x1, 0x0, 0x6, 0x6, 0xa,
    0x1, 0xe4, 0x0, 0x22, 0x0, 0x4c, 0x0, 0x42,
    0x8, 0x80, 0x6, 0x0, 0x78, 0xc4, 0x37, 0x40,
    0x80, 0x19, 0xc3, 0xc, 0x0, 0x80, 0x1f, 0x20,
    0x1b, 0x86, 0x0, 0x6c, 0x5, 0xc0, 0x40, 0xf,
    0xde, 0x8, 0x40, 0xe0, 0x19, 0x0, 0x50, 0x34,
    0x3, 0xf2, 0x0, 0x44, 0x20, 0x18, 0x4c, 0x2,
    0x40, 0xf, 0xc2, 0x40, 0x5, 0x0, 0xf5, 0x80,
    0x8, 0x80, 0x18,

    /* U+0058 "X" */
    0x8, 0xff, 0x40, 0x7, 0xd3, 0xfe, 0x60, 0x4,
    0x10, 0x39, 0x80, 0x72, 0x30, 0x23, 0x0, 0x5e,
    0x0, 0xe0, 0xc, 0x34, 0x3, 0x40, 0x18, 0xa0,
    0xa, 0x40, 0x2a, 0x10, 0xa1, 0x0, 0xe7, 0x40,
    0x64, 0x5, 0x40, 0x64, 0x0, 0xfa, 0x84, 0x24,
    0x6c, 0xa, 0x40, 0x3f, 0xd, 0x81, 0x78, 0x87,
    0x0, 0x7f, 0x95, 0x40, 0x21, 0x6, 0x1, 0xff,
    0x70, 0x4, 0x80, 0x1f, 0xf0, 0xd0, 0x5, 0xc0,
    0x1f, 0xf5, 0x88, 0x38, 0x14, 0x80, 0x7f, 0x32,
    0x83, 0xc2, 0x3, 0x20, 0x7, 0xc5, 0x20, 0x50,
    0x12, 0x0, 0xa1, 0x0, 0xf7, 0x0, 0x38, 0x0,
    0x52, 0x3, 0x40, 0x1d, 0x6, 0x10, 0x60, 0x13,
    0x20, 0x23, 0x0, 0x48, 0xe0, 0x6e, 0x1, 0xd4,
    0x21, 0x24, 0x3, 0x40, 0xe, 0x0, 0xf0, 0xd0,
    0x3, 0x80,

    /* U+0059 "Y" */
    0x2f, 0xf7, 0x8, 0x7, 0xc9, 0xfe, 0xc0, 0x28,
    0x1, 0x80, 0xf, 0xa4, 0x1, 0xc0, 0x7, 0x20,
    0x63, 0x0, 0xe7, 0x20, 0x72, 0x0, 0xb8, 0x1,
    0xc0, 0x18, 0x60, 0x6, 0x0, 0x31, 0xb0, 0x13,
    0x80, 0x56, 0x0, 0xa0, 0xf, 0x48, 0x84, 0x8,
    0x22, 0x82, 0xa0, 0x7, 0xd6, 0x0, 0x80, 0x90,
    0x5, 0x80, 0x7e, 0x54, 0x6, 0x72, 0x9, 0x10,
    0xf, 0xea, 0x0, 0x40, 0x1b, 0x0, 0x7f, 0x86,
    0x40, 0x2e, 0x0, 0xff, 0xe0, 0x30, 0x1, 0x8,
    0x3, 0xff, 0xfe, 0x1, 0xff, 0xd5,

    /* U+005A "Z" */
    0x9f, 0xff, 0xfb, 0x80, 0x3f, 0xf8, 0x37, 0x99,
    0xf9, 0x80, 0x16, 0x46, 0x7f, 0x3, 0x2, 0xa8,
    0x3, 0xe1, 0xd0, 0x1b, 0x0, 0xfd, 0x62, 0x14,
    0x20, 0x1f, 0x32, 0x83, 0xa0, 0x7, 0xc5, 0x20,
    0x50, 0x1, 0xfb, 0x80, 0x1e, 0x1, 0xf9, 0xcc,
    0x20, 0x80, 0x3e, 0x38, 0x4, 0x70, 0xf, 0xdc,
    0x3, 0x40, 0x1f, 0xa4, 0x82, 0xc4, 0x3, 0xe4,
    0x60, 0x65, 0x0, 0xf8, 0x68, 0x6, 0x8c, 0xff,
    0x48, 0x80, 0xe6, 0x7f, 0x0, 0x7f, 0xf0, 0x40,

    /* U+005B "[" */
    0x0, 0xf4, 0x7f, 0xe7, 0x0, 0xfe, 0xff, 0x38,
    0x7, 0xff, 0xfc, 0x3, 0xff, 0x99, 0xfe, 0x70,
    0xf, 0x0,

    /* U+005C "\\" */
    0x38, 0x60, 0xf, 0x3b, 0xa4, 0x40, 0x39, 0x0,
    0x8, 0x1, 0xe4, 0xc, 0x0, 0xf6, 0x83, 0x80,
    0x79, 0x0, 0x48, 0x3, 0x88, 0x41, 0x0, 0x3c,
    0xe1, 0xa0, 0x1e, 0xc0, 0x40, 0xf, 0x20, 0x1,
    0x0, 0x38, 0x4c, 0x30, 0x3, 0xc8, 0x8, 0x1,
    0xeb, 0x3, 0x10, 0xe, 0x30, 0x2, 0x0, 0x79,
    0x3, 0x0, 0x3d, 0xa0, 0xe0, 0x1e, 0x40, 0x12,
    0x0, 0xe2, 0x20, 0x28, 0x7, 0x90, 0x30, 0x3,
    0xd8, 0x8, 0x1, 0xe5, 0x0, 0x20,

    /* U+005D "]" */
    0x0, 0xf5, 0x7f, 0xe6, 0x0, 0xf5, 0x7f, 0x0,
    0x7f, 0xff, 0xc0, 0x3f, 0xf9, 0x6, 0x1, 0x57,
    0xe8, 0x7, 0xf0,

    /* U+005E "^" */
    0x0, 0xe1, 0x0, 0xfe, 0xce, 0xf3, 0x0, 0xf2,
    0x18, 0x2, 0x0, 0x3d, 0xe1, 0x2, 0x86, 0x1,
    0x8d, 0x5, 0xd8, 0x24, 0x3, 0x40, 0x30, 0x48,
    0x29, 0x0, 0x9, 0x2, 0x40, 0x54, 0x2c, 0x1,
    0x0, 0xa2, 0x0, 0x80, 0x61, 0xc, 0x88, 0x0,
    0x45, 0x30, 0x60,

    /* U+005F "_" */
    0x22, 0xff, 0x83, 0x77, 0xfe, 0x10, 0xf, 0xfe,
    0x0,

    /* U+0060 "`" */
    0x6, 0x73, 0x0, 0xbe, 0x34, 0x2, 0x92, 0x16,
    0x0, 0xb8, 0x2c, 0x0,

    /* U+0061 "a" */
    0x0, 0x8e, 0xbb, 0xfb, 0x1c, 0x3, 0x3e, 0x28,
    0x80, 0x9c, 0x60, 0x1, 0x20, 0xa, 0xfb, 0x5c,
    0xd, 0xc1, 0xa1, 0x71, 0x4, 0xa0, 0x82, 0xc0,
    0x9e, 0x84, 0x3, 0x8, 0x10, 0x6, 0x47, 0x9b,
    0xe3, 0x0, 0xd3, 0xf7, 0xc, 0x80, 0x20, 0x14,
    0xb0, 0x1c, 0xe7, 0x71, 0x0, 0x26, 0x4, 0xc6,
    0x31, 0x1, 0x0, 0xe2, 0x0, 0xc2, 0x80, 0x11,
    0x83, 0x30, 0x44, 0xb8, 0x1, 0xbc, 0x1, 0x3d,
    0xca, 0x5, 0x0, 0x8f, 0x54, 0x40, 0x5b, 0x4c,
    0x0,

    /* U+0062 "b" */
    0x4f, 0xf2, 0x80, 0x7f, 0xfa, 0xa, 0xbb, 0xf5,
    0xc0, 0x3c, 0x78, 0xa2, 0x5, 0x18, 0x20, 0x1a,
    0x42, 0xb6, 0xd0, 0xe, 0xc0, 0x3b, 0xd4, 0x92,
    0xd0, 0x14, 0x80, 0x26, 0x10, 0xd, 0xe0, 0x5,
    0x0, 0xb0, 0x3, 0x90, 0x1, 0xc0, 0x10, 0x80,
    0x7e, 0x20, 0x8, 0x40, 0x3f, 0x10, 0x5, 0x80,
    0x1c, 0x80, 0xe, 0x0, 0x98, 0x80, 0x34, 0x0,
    0x14, 0x2, 0x1c, 0x62, 0x4b, 0x30, 0x52, 0x0,
    0xac, 0x27, 0x6d, 0x0, 0xec, 0x3, 0xe, 0x28,
    0x81, 0x46, 0x8, 0x0,

    /* U+0063 "c" */
    0x0, 0x9b, 0x3b, 0xf6, 0x48, 0x2, 0x1c, 0x93,
    0x10, 0x26, 0xd4, 0x0, 0x51, 0x82, 0xde, 0xc8,
    0x85, 0x92, 0x20, 0x1a, 0x90, 0x9b, 0x0, 0xb,
    0xa0, 0x8, 0x0, 0xc5, 0xbe, 0xea, 0x4, 0x20,
    0x1c, 0x40, 0x1, 0x1, 0x0, 0xfe, 0x10, 0x10,
    0xf, 0xe5, 0x2, 0x10, 0xe, 0x31, 0xd, 0x0,
    0x40, 0x6, 0x2c, 0xe9, 0x44, 0x3, 0x51, 0x93,
    0x60, 0x2, 0x82, 0x8c, 0x17, 0x36, 0x44, 0x2c,
    0xc0, 0x72, 0x4c, 0x40, 0x9b, 0x50, 0x0,

    /* U+0064 "d" */
    0x0, 0xfe, 0x7f, 0xf0, 0x80, 0x7f, 0xf7, 0x46,
    0x37, 0xfa, 0x44, 0x3, 0x8b, 0xdc, 0x80, 0x5b,
    0x3c, 0x3, 0x70, 0x82, 0xe6, 0x24, 0x9c, 0x2,
    0x53, 0x6, 0xa3, 0x33, 0x60, 0x6, 0xf0, 0x4,
    0x0, 0x63, 0x40, 0x9, 0x80, 0x84, 0x3, 0x8c,
    0x2, 0x10, 0x10, 0xf, 0x78, 0x4, 0x20, 0x20,
    0x1e, 0xf0, 0x9, 0x80, 0x84, 0x3, 0x90, 0x2,
    0xf0, 0x4, 0x0, 0x64, 0x30, 0x9, 0x48, 0x1a,
    0x8c, 0xcf, 0x62, 0x1, 0xbc, 0x41, 0x73, 0x10,
    0x72, 0x1, 0x8b, 0xdc, 0x80, 0x5b, 0x44, 0x2,

    /* U+0065 "e" */
    0x0, 0x9b, 0x3b, 0xf6, 0x44, 0x3, 0xe, 0x49,
    0x88, 0x13, 0x72, 0x0, 0x54, 0x60, 0xfb, 0xaa,
    0x10, 0xb1, 0x4, 0x40, 0x4c, 0x11, 0x17, 0x0,
    0x12, 0x1a, 0x2, 0xc0, 0x18, 0x90, 0x14, 0x14,
    0x7, 0xbb, 0xc8, 0x4, 0x2, 0x0, 0x11, 0xf0,
    0x6, 0x10, 0x3f, 0xff, 0xe0, 0x50, 0x20, 0xf,
    0xf6, 0x80, 0xb8, 0x7, 0x65, 0x28, 0x22, 0x2,
    0x24, 0xc9, 0x30, 0xd4, 0xc0, 0x14, 0x60, 0xd9,
    0xb6, 0x60, 0xcc, 0x0, 0xe, 0x4a, 0x8, 0xa,
    0xdc, 0x80, 0x0,

    /* U+0066 "f" */
    0x0, 0xe5, 0x76, 0x30, 0x8, 0xfa, 0xa2, 0x68,
    0x2, 0xd1, 0x3, 0x36, 0x80, 0xc, 0x41, 0xf3,
    0x8, 0x0, 0x70, 0x6, 0x0, 0x59, 0xf6, 0x0,
    0xbf, 0xf1, 0x80, 0x7f, 0x67, 0x50, 0x2, 0xbb,
    0x86, 0x2, 0x20, 0x0, 0x8c, 0x1, 0xff, 0xff,
    0x0, 0xf8,

    /* U+0067 "g" */
    0x0, 0xc, 0x6f, 0xf4, 0x8b, 0x7f, 0x88, 0xb,
    0x1c, 0x80, 0x5b, 0x0, 0x3b, 0x88, 0x17, 0x31,
    0x5, 0x0, 0x12, 0x18, 0x2d, 0x19, 0x9e, 0xc4,
    0x2, 0xd0, 0x5, 0x80, 0x64, 0x30, 0x9, 0x40,
    0x84, 0x3, 0x90, 0x2, 0x10, 0x10, 0xf, 0x78,
    0x4, 0x20, 0x20, 0x1f, 0xe6, 0x2, 0x10, 0xe,
    0xc0, 0xb, 0xc0, 0x12, 0x1, 0x89, 0x0, 0x25,
    0x20, 0x79, 0x32, 0x5c, 0x0, 0xee, 0x10, 0x6c,
    0xda, 0x38, 0x0, 0xc7, 0xec, 0x40, 0x2d, 0x82,
    0x1, 0xc3, 0x3b, 0xfd, 0x22, 0x20, 0x1, 0x80,
    0xb8, 0x80, 0x75, 0x80, 0x8d, 0xd1, 0x8a, 0x22,
    0x3a, 0x30, 0x60, 0x19, 0x2, 0xae, 0xe6, 0x28,
    0x24, 0x0, 0x1b, 0x58, 0x80, 0x2, 0xb5, 0x60,
    0x0,

    /* U+0068 "h" */
    0x4f, 0xf2, 0x0, 0x7f, 0xf9, 0xa, 0xbb, 0xf5,
    0xc0, 0x38, 0xb1, 0x44, 0xa, 0x28, 0x3, 0x41,
    0x56, 0x40, 0x1, 0x4c, 0x3, 0x62, 0x9b, 0xd8,
    0x2, 0xc0, 0x28, 0x0, 0xc8, 0x0, 0x20, 0x8,
    0xc0, 0x38, 0x40, 0x40, 0x3f, 0xff, 0xe0, 0x1f,
    0xc0,

    /* U+0069 "i" */
    0x5, 0x60, 0x6a, 0x98, 0x0, 0xcd, 0x53, 0x0,
    0xac, 0x9, 0xfe, 0x50, 0xf, 0xff, 0x20,

    /* U+006A "j" */
    0x0, 0x95, 0x80, 0x27, 0xa9, 0x80, 0xf, 0xcf,
    0x53, 0x0, 0x12, 0xb0, 0x4, 0x9f, 0xe5, 0x0,
    0xff, 0xff, 0x80, 0x4, 0x0, 0x20, 0x10, 0xa4,
    0x0, 0x15, 0xec, 0x81, 0x84, 0x0, 0x51, 0x20,

    /* U+006B "k" */
    0x4f, 0xf2, 0x80, 0x7f, 0xfb, 0x2f, 0xfc, 0xa0,
    0x1f, 0xa9, 0x2, 0x54, 0x3, 0xe9, 0x50, 0x86,
    0x0, 0xfa, 0x18, 0x1d, 0xc0, 0x1f, 0x3b, 0x81,
    0x60, 0x3, 0xe9, 0x80, 0x5, 0x0, 0x7e, 0x30,
    0x8, 0xc0, 0x3f, 0x98, 0x1, 0xc2, 0x1, 0xf3,
    0xcc, 0x1, 0x50, 0x7, 0xda, 0xe, 0x80, 0x8e,
    0x1, 0xfd, 0x44, 0x10, 0x80, 0x1f, 0x87, 0x80,
    0x14, 0x20, 0x1f, 0x8e, 0x40, 0x74, 0x0,

    /* U+006C "l" */
    0x4f, 0xf2, 0x80, 0x7f, 0xfd, 0x0,

    /* U+006D "m" */
    0x4f, 0xf1, 0x9a, 0xff, 0xa4, 0x40, 0x67, 0xbf,
    0x5c, 0x3, 0x97, 0x10, 0x5, 0xa8, 0xbd, 0x84,
    0xa, 0x28, 0x3, 0x4c, 0x77, 0x1c, 0x13, 0xf,
    0x3f, 0x8, 0x14, 0xc0, 0x25, 0x71, 0x14, 0x18,
    0xf, 0x18, 0x1f, 0x0, 0x10, 0x2, 0xf0, 0xc,
    0xa0, 0x3, 0x0, 0x8c, 0x1, 0xc0, 0x1f, 0xff,
    0xf0, 0xf, 0xff, 0xf8, 0x0,

    /* U+006E "n" */
    0x4f, 0xf1, 0x95, 0x77, 0xeb, 0x0, 0x72, 0xe2,
    0x88, 0x14, 0xd0, 0x6, 0x94, 0xce, 0xb1, 0x5,
    0x30, 0x8, 0xe8, 0xc5, 0x34, 0x1, 0x60, 0x15,
    0x0, 0x63, 0x0, 0x10, 0x4, 0x60, 0x1c, 0x20,
    0x20, 0x1f, 0xff, 0xf0, 0xf, 0xe0,

    /* U+006F "o" */
    0x0, 0x9b, 0x3b, 0xf6, 0x48, 0x3, 0xd, 0xc9,
    0x88, 0x13, 0x6a, 0x80, 0x54, 0x80, 0xb9, 0xb2,
    0x21, 0x46, 0x8, 0x80, 0x6a, 0x32, 0x6c, 0x0,
    0x78, 0x68, 0x2, 0x0, 0x31, 0x30, 0x18, 0xa8,
    0x10, 0x80, 0x76, 0x0, 0x14, 0x40, 0x40, 0x3c,
    0x20, 0x1, 0x10, 0x8, 0x7, 0x84, 0x0, 0x2a,
    0x4, 0x20, 0x1d, 0x80, 0x5, 0xd0, 0x4, 0x0,
    0x62, 0x60, 0x31, 0x44, 0x3, 0x51, 0x93, 0x60,
    0x3, 0xc0, 0x14, 0x80, 0xb9, 0xb2, 0x21, 0x46,
    0x0, 0x1b, 0x93, 0x10, 0x26, 0xd5, 0x0, 0x0,

    /* U+0070 "p" */
    0x4f, 0xf2, 0x15, 0xf7, 0xeb, 0x80, 0x78, 0xb5,
    0x4, 0xa, 0x30, 0x40, 0x34, 0x9e, 0x7f, 0x30,
    0x1d, 0x80, 0x61, 0xd3, 0x1, 0x95, 0x5, 0x20,
    0x9, 0x84, 0x3, 0x48, 0x1, 0x40, 0x2d, 0x0,
    0xe3, 0x0, 0x70, 0x4, 0x20, 0x1f, 0x88, 0x2,
    0x10, 0xf, 0xc4, 0x1, 0x60, 0x7, 0x20, 0x3,
    0x80, 0x26, 0x20, 0xd, 0x0, 0x5, 0x0, 0xd8,
    0xc4, 0x96, 0x60, 0xa4, 0x1, 0x48, 0x4e, 0xda,
    0x1, 0xd8, 0x6, 0x3c, 0x51, 0x2, 0x8c, 0x10,
    0xe, 0x2a, 0xef, 0xd7, 0x0, 0xff, 0xf5, 0x80,

    /* U+0071 "q" */
    0x0, 0xc, 0x6f, 0xf4, 0x8b, 0x7f, 0x84, 0xb,
    0xdc, 0x80, 0x5b, 0x4, 0x3, 0x70, 0x82, 0xe6,
    0x24, 0xa4, 0x2, 0x53, 0x6, 0xa3, 0x33, 0x60,
    0x80, 0x5e, 0x0, 0x80, 0xc, 0x68, 0x1, 0x30,
    0x10, 0x80, 0x71, 0x80, 0x42, 0x2, 0x1, 0xef,
    0x0, 0x84, 0x4, 0x3, 0xde, 0x1, 0x30, 0x10,
    0x80, 0x72, 0x0, 0x5e, 0x0, 0x80, 0xc, 0x86,
    0x1, 0x29, 0x3, 0x51, 0x99, 0xec, 0x3, 0xbc,
    0x41, 0x73, 0x10, 0x6e, 0x1, 0x8b, 0xdc, 0x80,
    0x5b, 0x7c, 0x3, 0x86, 0x37, 0xfa, 0x44, 0x3,
    0xff, 0xd8,

    /* U+0072 "r" */
    0x0, 0xfc, 0x9f, 0xe3, 0x4c, 0xfc, 0x0, 0xae,
    0xc6, 0x1, 0xce, 0x77, 0xbc, 0x1, 0x1e, 0x21,
    0x10, 0x2, 0xa0, 0xf, 0x8c, 0x3, 0xff, 0xe0,

    /* U+0073 "s" */
    0x0, 0x25, 0x77, 0xf5, 0xa8, 0x5, 0x16, 0xa2,
    0x2, 0x95, 0x20, 0x6e, 0x7, 0x9f, 0xaa, 0xc,
    0x8a, 0x0, 0xf3, 0x2, 0xa7, 0x95, 0x30, 0x5,
    0x80, 0x68, 0x61, 0x52, 0x7, 0xea, 0x73, 0x0,
    0xd8, 0xc0, 0x2b, 0x19, 0xca, 0x0, 0x19, 0xfb,
    0x84, 0x1, 0xa5, 0x0, 0xc8, 0xf7, 0xa0, 0xe,
    0x6b, 0xb0, 0x6, 0x21, 0x7, 0x14, 0x45, 0x10,
    0x95, 0x8, 0x5b, 0x98, 0x2e, 0xf6, 0xa8, 0x23,
    0x86, 0x49, 0x88, 0xa, 0x55, 0x80,

    /* U+0074 "t" */
    0x0, 0x6f, 0xd8, 0x7, 0xff, 0x1f, 0x3c, 0x81,
    0x3f, 0xca, 0x1, 0xfb, 0x38, 0x40, 0xfb, 0x8a,
    0x2, 0x60, 0xe2, 0x20, 0xf, 0xff, 0x3b, 0x2,
    0x20, 0x84, 0x1, 0xe0, 0xb, 0xd7, 0x0, 0x25,
    0x18, 0x3, 0x80,

    /* U+0075 "u" */
    0x4f, 0xf2, 0x80, 0x77, 0x7d, 0x80, 0x7f, 0xff,
    0xc0, 0x3f, 0x9c, 0x0, 0x60, 0x1c, 0x20, 0x2,
    0x0, 0x68, 0x6, 0x60, 0x8, 0x48, 0x12, 0x91,
    0x11, 0x22, 0x1, 0x48, 0x1, 0x6e, 0xcf, 0x4,
    0x1, 0x26, 0x20, 0x81, 0xd3, 0x80, 0x40,

    /* U+0076 "v" */
    0x4f, 0xf4, 0x0, 0x7a, 0xff, 0xc2, 0x82, 0xa,
    0x1, 0xc2, 0x80, 0xa2, 0xc, 0x4, 0x60, 0x19,
    0xc0, 0x1c, 0x0, 0xa0, 0x5, 0x80, 0x6a, 0x1,
    0x40, 0x1, 0x20, 0x30, 0x4, 0x26, 0xc, 0x1,
    0xb8, 0x5, 0x0, 0xc, 0x0, 0xa0, 0xc, 0xa0,
    0xd, 0x0, 0x58, 0x19, 0x0, 0x73, 0x3, 0x81,
    0x18, 0x50, 0x7, 0xa8, 0x5, 0x14, 0x0, 0xc0,
    0x1e, 0x32, 0xc, 0xc0, 0x28, 0x7, 0xea, 0x5,
    0x40, 0x90, 0xf, 0xcc, 0x4, 0x4, 0x60, 0x1f,
    0x85, 0x0, 0x14, 0x1, 0xc0,

    /* U+0077 "w" */
    0x2f, 0xf4, 0x0, 0x67, 0xff, 0x30, 0x6, 0xaf,
    0xf0, 0x91, 0x1, 0x0, 0x36, 0x0, 0x30, 0x3,
    0x20, 0x18, 0x82, 0x1, 0x88, 0x4, 0x80, 0x4,
    0x0, 0x88, 0x42, 0xc0, 0x1a, 0x0, 0x40, 0x2,
    0x1, 0x88, 0x88, 0x0, 0xa0, 0x5, 0x0, 0x20,
    0x3, 0x0, 0x18, 0xa, 0x80, 0x80, 0xc, 0x2,
    0x20, 0x4, 0xa0, 0x80, 0x4, 0xc, 0xd0, 0xd0,
    0x2, 0x2, 0x80, 0x6f, 0x2, 0x10, 0x30, 0x45,
    0x4, 0x3, 0x0, 0x60, 0x6, 0x40, 0x2, 0x20,
    0xc, 0x48, 0x40, 0xd0, 0x5, 0x0, 0x30, 0x98,
    0x66, 0x2, 0xc0, 0xe, 0x9, 0x80, 0x80, 0x1e,
    0xb0, 0x44, 0x2, 0x0, 0x30, 0x35, 0x43, 0xc0,
    0x3c, 0xa0, 0x46, 0x26, 0x0, 0x50, 0x51, 0x5,
    0x0, 0xf1, 0x10, 0x0, 0x80, 0x19, 0x0, 0x8,
    0x1, 0xf9, 0x40, 0x1e, 0x1, 0xb0, 0x1, 0xa0,
    0x18,

    /* U+0078 "x" */
    0xb, 0xff, 0x10, 0x6, 0xaf, 0xf1, 0x5, 0x0,
    0x38, 0x2, 0x45, 0x7, 0x20, 0x19, 0x3, 0x60,
    0x5, 0x1, 0x40, 0x4, 0xc8, 0x10, 0x10, 0x21,
    0xc0, 0x1d, 0x40, 0x34, 0xe0, 0xe6, 0x1, 0xc3,
    0x20, 0xa0, 0x50, 0x1, 0xf3, 0x80, 0x54, 0x1,
    0xfa, 0xc0, 0x29, 0x10, 0xf, 0x2a, 0x82, 0x84,
    0x56, 0x1, 0xc3, 0x60, 0x8b, 0x0, 0xaa, 0x0,
    0xd6, 0x21, 0x20, 0xc6, 0x16, 0x20, 0x5, 0x50,
    0x39, 0x0, 0x38, 0x6, 0xc0, 0x6c, 0xa, 0x0,
    0x22, 0x70, 0x55, 0x0,

    /* U+0079 "y" */
    0x4f, 0xf4, 0x0, 0x7a, 0xbf, 0xc2, 0x82, 0xa,
    0x1, 0xc2, 0xa0, 0x82, 0xc, 0x4, 0x60, 0x19,
    0xc0, 0x1e, 0x0, 0xa0, 0x5, 0x80, 0x6a, 0x1,
    0x40, 0x1, 0x20, 0x30, 0x4, 0x26, 0xc, 0x1,
    0xb8, 0x5, 0x0, 0xc, 0x0, 0xa0, 0xc, 0xa0,
    0xd, 0x0, 0x50, 0x19, 0x0, 0x73, 0x3, 0x81,
    0x10, 0x28, 0x3, 0xd4, 0x2, 0x6a, 0x0, 0x60,
    0xf, 0x19, 0x5, 0xd8, 0x14, 0x3, 0xf5, 0x2,
    0x98, 0x48, 0x7, 0xe6, 0x2, 0x2, 0x30, 0xf,
    0xc2, 0x80, 0xa, 0x0, 0xff, 0x10, 0x1, 0x80,
    0x3f, 0xce, 0x8, 0x20, 0x1f, 0x21, 0xd0, 0x87,
    0x80, 0x7c, 0x37, 0x8a, 0xa, 0x80, 0x1f, 0x28,
    0x81, 0x45, 0x0, 0x7c,

    /* U+007A "z" */
    0x5f, 0xff, 0xeb, 0x0, 0xff, 0x92, 0xef, 0xc4,
    0x0, 0xf1, 0x44, 0xe3, 0x20, 0x84, 0x0, 0xe4,
    0x80, 0x47, 0x0, 0xe1, 0xa0, 0x1a, 0x0, 0xf6,
    0x88, 0x68, 0x80, 0x74, 0x98, 0x49, 0x80, 0x72,
    0xb0, 0x2b, 0x0, 0x71, 0xd0, 0x15, 0x0, 0x70,
    0xf0, 0x2, 0x91, 0x3d, 0x24, 0x0, 0x8b, 0xbf,
    0x0, 0x7f, 0xc0,

    /* U+007B "{" */
    0x0, 0xe1, 0x57, 0x10, 0xc, 0xfd, 0x50, 0x40,
    0x12, 0x40, 0xb, 0x10, 0x5, 0xa0, 0xf, 0x91,
    0x0, 0x88, 0x10, 0x40, 0x3e, 0x10, 0xf, 0x38,
    0x7, 0xff, 0x14, 0x80, 0xc0, 0x30, 0xc0, 0x87,
    0x0, 0x55, 0xce, 0x6, 0xe0, 0x10, 0x80, 0x1b,
    0x0, 0x37, 0x80, 0x1b, 0x4, 0x2, 0x4f, 0xe0,
    0x36, 0x0, 0xe1, 0x30, 0xe0, 0xf, 0xc6, 0x1,
    0xff, 0xc3, 0x70, 0xf, 0xc2, 0xc, 0x1, 0xed,
    0x3, 0x71, 0x0, 0xcc, 0x21, 0x1c, 0x60, 0x10,
    0xfb, 0x10, 0x0,

    /* U+007C "|" */
    0xf, 0xf2, 0x80, 0x7f, 0xff, 0xc0, 0x3f, 0xfa,
    0xa0,

    /* U+007D "}" */
    0x46, 0x40, 0xe, 0xe9, 0xbd, 0x20, 0xb, 0xd0,
    0xb, 0xc0, 0x25, 0xb8, 0x2, 0x20, 0x6, 0x50,
    0x3, 0x0, 0x62, 0x0, 0xff, 0x8, 0x7, 0xff,
    0xc, 0x80, 0x38, 0x82, 0x50, 0x3, 0x48, 0xd,
    0xf8, 0x4, 0x9a, 0x1, 0xe5, 0xd0, 0x1, 0x80,
    0x56, 0xd, 0xf8, 0x1, 0x8, 0x60, 0x7, 0xff,
    0x20, 0x40, 0x2, 0x1, 0x88, 0x0, 0xe0, 0x11,
    0xf8, 0x0, 0xc0, 0x15, 0x86, 0xe, 0x1, 0x84,
    0xe6, 0x0, 0x20,

    /* U+007E "~" */
    0x0, 0x2e, 0xfe, 0x20, 0x4, 0x33, 0x20, 0x2,
    0xd1, 0x1, 0xdb, 0x0, 0x9, 0x98, 0x0, 0x90,
    0x3b, 0x60, 0x98, 0x4f, 0x3, 0x0, 0x18, 0x42,
    0x4c, 0x81, 0xec, 0xc2, 0x40, 0xc, 0xc5, 0x0,
    0x36, 0x18, 0x14, 0xa8, 0x0,

    /* U+00A0 " " */

    /* U+00A1 "¡" */
    0x8, 0xfb, 0x0, 0x38, 0x22, 0x81, 0x0, 0x1c,
    0x36, 0xf8, 0x80, 0x8, 0x20, 0x5, 0xa9, 0x0,
    0x62, 0xb8, 0x6, 0x10, 0x1, 0x80, 0x7f, 0xf1,
    0xc4, 0x3, 0xff, 0x8a, 0x20, 0xe0, 0x10,

    /* U+00A2 "¢" */
    0x0, 0xe8, 0xd0, 0xf, 0xf0, 0x90, 0x7, 0xe8,
    0xe6, 0xf, 0xb3, 0x0, 0x87, 0x5c, 0x40, 0x24,
    0xc6, 0x0, 0x51, 0x3, 0xa8, 0xd9, 0x4, 0x9a,
    0x20, 0x1e, 0x8, 0xd3, 0x0, 0x9, 0xa0, 0x9,
    0x0, 0xc3, 0xde, 0xea, 0x4, 0x20, 0x1c, 0x20,
    0x1, 0x1, 0x0, 0xfe, 0x10, 0x10, 0xf, 0xe5,
    0x2, 0x10, 0xe, 0x30, 0x6, 0x80, 0x24, 0x3,
    0xe, 0x7c, 0x22, 0x1, 0xe0, 0x8d, 0x30, 0x1,
    0x61, 0x44, 0xe, 0xa3, 0x64, 0x12, 0x60, 0x3b,
    0x2, 0x1, 0x26, 0x30, 0x6, 0x7e, 0x60, 0xfb,
    0x30, 0xf, 0x84, 0x80, 0x38,

    /* U+00A3 "£" */
    0x0, 0xcb, 0x7d, 0xfb, 0x22, 0x1, 0xd3, 0x48,
    0x20, 0x4d, 0xc8, 0x1, 0x33, 0x0, 0xea, 0xe0,
    0x42, 0x84, 0x1, 0x60, 0x58, 0xa8, 0xfa, 0x2,
    0xc0, 0x2, 0xa, 0x0, 0xc7, 0x56, 0xc0, 0x20,
    0x1, 0x0, 0xe5, 0x41, 0x0, 0xc2, 0x1, 0xfa,
    0xbc, 0x1, 0x1d, 0xda, 0xc0, 0x26, 0x10, 0x8,
    0x47, 0x38, 0x5, 0x9e, 0x0, 0x7f, 0xfd, 0x80,
    0x1c, 0x20, 0x20, 0x1f, 0xfc, 0xb3, 0x0, 0xff,
    0xe0, 0x10, 0x78, 0x7, 0x57, 0x4b, 0x70, 0x21,
    0x22, 0x78, 0x45, 0x22, 0x9, 0x77, 0xe1, 0xc,
    0x30, 0xf, 0xe2, 0x94,

    /* U+00A4 "¤" */
    0x0, 0xff, 0xe0, 0x88, 0x5, 0x96, 0x5, 0x3b,
    0xfd, 0x8e, 0x5, 0xf0, 0x6, 0x64, 0xfd, 0x62,
    0x1, 0x38, 0xfd, 0x15, 0x3, 0xb0, 0x9, 0xf7,
    0xfd, 0x66, 0x1, 0x60, 0x7, 0x64, 0x10, 0x1,
    0x31, 0x80, 0x2, 0x0, 0x80, 0x83, 0x0, 0xf4,
    0x90, 0x30, 0x9, 0x83, 0x80, 0x7e, 0xb0, 0xc0,
    0x20, 0x20, 0xf, 0xe5, 0x7, 0x0, 0xff, 0xe2,
    0x90, 0x10, 0x7, 0xf2, 0x83, 0x80, 0x98, 0x38,
    0x7, 0xeb, 0xf, 0x0, 0x40, 0x42, 0x0, 0x7a,
    0x48, 0x14, 0x1, 0x80, 0xb, 0x82, 0x0, 0x26,
    0x30, 0x1, 0x1, 0x1c, 0x2, 0x7d, 0xff, 0x59,
    0x88, 0x2, 0x81, 0x1e, 0x7f, 0x58, 0x80, 0x7,
    0x1d, 0xeb, 0x40,

    /* U+00A5 "¥" */
    0x6f, 0xf3, 0x80, 0x70, 0xff, 0xb0, 0x18, 0x82,
    0x40, 0x3a, 0x40, 0x10, 0x0, 0xb0, 0x15, 0x0,
    0xce, 0x6, 0x80, 0x6, 0x20, 0x80, 0x9, 0xc0,
    0x10, 0x1, 0xac, 0x9, 0x0, 0x12, 0x6, 0x80,
    0x19, 0x88, 0x3c, 0x14, 0x42, 0x0, 0x3d, 0x60,
    0x87, 0x0, 0x68, 0x1, 0xe6, 0x20, 0xc2, 0x8,
    0x0, 0xe5, 0xbb, 0x10, 0x6, 0xfb, 0x80, 0x8,
    0x91, 0x0, 0x1c, 0x88, 0x30, 0x9, 0xff, 0xe5,
    0x0, 0x7f, 0xd6, 0x1, 0xff, 0xc5, 0x7f, 0xf9,
    0x40, 0x1f, 0xf5, 0x80, 0x44, 0x89, 0x0, 0x48,
    0x96, 0x0, 0x4b, 0x77, 0x28, 0x2, 0xee, 0x70,
    0xf, 0xfe, 0x90,

    /* U+00A6 "¦" */
    0xaf, 0xb0, 0xf, 0xfe, 0x31, 0x91, 0x27, 0x64,
    0x3, 0xfa, 0x7a, 0x8c, 0x44, 0x1, 0xff, 0xc6,

    /* U+00A7 "§" */
    0x0, 0xa3, 0x7f, 0xad, 0x0, 0x3b, 0x5c, 0x80,
    0x52, 0xd4, 0x2, 0x72, 0x8, 0xdd, 0x28, 0x50,
    0x80, 0x34, 0xd, 0xc8, 0x94, 0x22, 0x50, 0x1,
    0x80, 0x80, 0x6f, 0xe4, 0x0, 0x50, 0x15, 0x88,
    0x0, 0x40, 0x31, 0xc8, 0x27, 0x40, 0x7, 0xa2,
    0x13, 0x22, 0x7e, 0x70, 0x9, 0x9d, 0xcc, 0xcd,
    0x90, 0x8c, 0x10, 0xc0, 0xe, 0x6e, 0x53, 0xd0,
    0x20, 0x63, 0x0, 0xd4, 0x6, 0x54, 0x0, 0xc9,
    0x10, 0x8, 0x41, 0x8a, 0x80, 0xd, 0xd2, 0x72,
    0x22, 0x40, 0x5e, 0x50, 0x3, 0x63, 0x16, 0x80,
    0x43, 0x58, 0x80, 0x2, 0xc3, 0x0, 0xe3, 0xbb,
    0x9, 0x60, 0x6, 0x10, 0x9, 0x34, 0x8, 0xc0,
    0x1b, 0xca, 0x1, 0x8, 0x1, 0x80, 0x2, 0x16,
    0xa2, 0x72, 0x0, 0x40, 0x7, 0x0, 0xd7, 0x62,
    0x4, 0x8, 0x0, 0xb5, 0x84, 0x5, 0x2d, 0xc0,
    0x0,

    /* U+00A8 "¨" */
    0x4d, 0xa0, 0x2, 0x6d, 0x7, 0x92, 0x90, 0x79,
    0x29, 0x70, 0x21, 0x7, 0x2, 0x10,

    /* U+00A9 "©" */
    0x0, 0xf2, 0x4e, 0xff, 0xb6, 0x4c, 0x3, 0xf8,
    0xb2, 0xd8, 0x80, 0x4, 0xd9, 0x64, 0x1, 0xe4,
    0xd3, 0x4, 0x9b, 0xb4, 0x18, 0x26, 0x18, 0x6,
    0x2b, 0x1, 0xbb, 0x32, 0x21, 0xf2, 0xc4, 0x5a,
    0x20, 0x17, 0x0, 0xfa, 0x1d, 0xf7, 0xe2, 0x23,
    0x4, 0x54, 0x0, 0x43, 0xa, 0x16, 0xc4, 0x10,
    0x3b, 0x82, 0xb0, 0x43, 0xe, 0x4, 0x41, 0xc8,
    0x36, 0xe9, 0xc1, 0xd1, 0x48, 0x28, 0x10, 0x34,
    0x24, 0x16, 0x48, 0x90, 0xc1, 0xa0, 0xa0, 0x80,
    0x20, 0x40, 0xe1, 0xc0, 0x1a, 0x7e, 0x43, 0x40,
    0xc0, 0x3f, 0xf9, 0x2, 0x4, 0xe, 0x1a, 0x1,
    0xab, 0x9c, 0x34, 0xc, 0x10, 0x34, 0x38, 0x1a,
    0x4, 0x50, 0xa2, 0xa0, 0xa0, 0x81, 0xe0, 0x89,
    0x38, 0x3f, 0x71, 0xc1, 0xc9, 0x48, 0x28, 0x14,
    0xc2, 0x86, 0x28, 0xc0, 0x5, 0x50, 0x56, 0x8,
    0x60, 0xe, 0x1, 0xf3, 0x5c, 0xff, 0x6a, 0xa6,
    0x8, 0xa4, 0x2, 0x2b, 0x1, 0xcb, 0x64, 0x43,
    0x65, 0x88, 0xb4, 0x80, 0x32, 0x69, 0x82, 0x4d,
    0xda, 0x4c, 0x13, 0xc, 0x3, 0xc5, 0x96, 0xc4,
    0x0, 0x26, 0xcb, 0x20, 0x8,

    /* U+00AA "ª" */
    0x0, 0x1d, 0x77, 0xf4, 0x90, 0x1, 0x71, 0x40,
    0xc1, 0xb0, 0x43, 0x49, 0xfb, 0x38, 0x86, 0x42,
    0x36, 0x0, 0x21, 0x1, 0x0, 0x2c, 0xe7, 0x79,
    0x81, 0x85, 0x51, 0x9d, 0xd2, 0x80, 0x2, 0x50,
    0xdb, 0x96, 0x10, 0x0, 0x80, 0x71, 0xa8, 0x0,
    0xc8, 0x36, 0xf3, 0x4, 0x1, 0x62, 0x8a, 0xd,
    0x59, 0xe8,

    /* U+00AB "«" */
    0x0, 0xd3, 0xfe, 0x40, 0x9f, 0xf2, 0x0, 0x4e,
    0xc1, 0x28, 0xec, 0x12, 0x80, 0x5, 0x80, 0x76,
    0x58, 0x7, 0x60, 0x1, 0xd0, 0x24, 0x1d, 0x2,
    0x40, 0x0, 0xb4, 0xe, 0xcb, 0x40, 0xac, 0x2,
    0x81, 0x8, 0x8, 0x10, 0x90, 0xd, 0x64, 0x14,
    0x36, 0x41, 0x42, 0x1, 0xf, 0x88, 0xb4, 0x7c,
    0x45, 0xa0, 0x18, 0xb4, 0xe, 0x8b, 0x40, 0xe8,
    0x3, 0x1d, 0x2, 0xc1, 0xd0, 0x2c, 0x0, 0x65,
    0x82, 0x54, 0x58, 0x25, 0x40,

    /* U+00AC "¬" */
    0x2, 0x2f, 0xe1, 0x6d, 0xdf, 0xeb, 0x0, 0xff,
    0x9b, 0xff, 0xe5, 0x0, 0xff, 0xe6, 0x0,

    /* U+00AE "®" */
    0x0, 0xc4, 0xf3, 0x27, 0x20, 0xf, 0xd, 0x6c,
    0x33, 0x23, 0x68, 0x40, 0x21, 0xc5, 0x4b, 0xee,
    0x5a, 0x2e, 0x8, 0x2, 0x8a, 0x2d, 0x4, 0x49,
    0x70, 0x54, 0x8, 0x85, 0x76, 0xff, 0x75, 0x8b,
    0xaa, 0x1e, 0x84, 0x0, 0x86, 0xe9, 0x2c, 0x24,
    0x29, 0x40, 0x80, 0x22, 0x20, 0x18, 0x18, 0x10,
    0x8, 0x6, 0xde, 0x8, 0x0, 0x9d, 0xc2, 0x20,
    0xb, 0x60, 0xc, 0x4, 0x1b, 0x41, 0x80, 0x33,
    0x8c, 0x3, 0x7, 0xb0, 0xc1, 0x36, 0x80, 0x3e,
    0xe, 0x9, 0x42, 0x83, 0x50, 0x80, 0x2, 0x98,
    0x1c, 0x0, 0x4b, 0x1a, 0xeb, 0xb7, 0x48, 0xd9,
    0x80, 0x49, 0xee, 0x68, 0x82, 0x8f, 0x40, 0x0,

    /* U+00AF "¯" */
    0x9d, 0xde, 0xb2, 0x2f, 0x28,

    /* U+00B0 "°" */
    0x0, 0x2e, 0x76, 0x28, 0x5, 0x14, 0x62, 0x75,
    0x0, 0x4e, 0x15, 0xf4, 0xe, 0x4a, 0xe, 0xa0,
    0xac, 0x8, 0x1, 0xe1, 0x1, 0x40, 0x63, 0x3,
    0x70, 0x43, 0x61, 0xcf, 0xc0, 0x63, 0x9, 0x82,
    0x2, 0x99, 0x0,

    /* U+00B1 "±" */
    0x0, 0xc5, 0xfe, 0x20, 0xf, 0xfe, 0x85, 0x7f,
    0xda, 0x0, 0xdf, 0xfa, 0xc0, 0x3f, 0xf8, 0x11,
    0x99, 0x50, 0x2, 0xb3, 0x29, 0x23, 0x39, 0xc0,
    0xe, 0x67, 0x10, 0x7, 0xff, 0x10, 0xdd, 0xc6,
    0x1, 0xf8, 0x62, 0x2, 0x1, 0xab, 0xff, 0xfd,
    0x60, 0x1f, 0xfc, 0x8, 0xcc, 0xff, 0x48,

    /* U+00B2 "²" */
    0x4, 0xbe, 0xfd, 0x81, 0x5, 0xb4, 0x33, 0x13,
    0xe0, 0x61, 0x3e, 0xe6, 0x81, 0x1c, 0xec, 0x0,
    0x18, 0x0, 0x60, 0x19, 0xac, 0x28, 0x2, 0x1b,
    0x92, 0xc5, 0x0, 0x37, 0x23, 0xe9, 0x80, 0x22,
    0x40, 0xb, 0xbb, 0x31, 0x0, 0x44, 0x5b, 0x80,

    /* U+00B3 "³" */
    0x4, 0xbe, 0xfe, 0xb4, 0x4, 0xb4, 0x33, 0x2,
    0x59, 0xb5, 0xee, 0x75, 0x0, 0x44, 0x85, 0xba,
    0xb3, 0xc3, 0x0, 0xbe, 0x98, 0xf0, 0xc0, 0x23,
    0x59, 0x50, 0x8b, 0xfb, 0x0, 0xb, 0x80, 0x20,
    0x13, 0xf7, 0x88, 0x20, 0xf1, 0x44, 0x85, 0x70,
    0xc0,

    /* U+00B4 "´" */
    0x0, 0x1b, 0xb0, 0x5, 0xd1, 0x80, 0x5, 0x21,
    0xb0, 0x4, 0x85, 0x8, 0x0,

    /* U+00B5 "µ" */
    0x4f, 0xf2, 0x80, 0x76, 0xfd, 0x80, 0x7f, 0xff,
    0xc0, 0x3f, 0xfa, 0x6, 0x1, 0xc6, 0x1, 0xf4,
    0x80, 0x63, 0x10, 0xf, 0xd0, 0x20, 0x7c, 0x0,
    0x60, 0xe, 0x17, 0xef, 0xc2, 0x60, 0x2f, 0x40,
    0xa, 0xdc, 0x40, 0xf2, 0x5c, 0x80, 0x3d, 0x1d,
    0xf8, 0x61, 0x1b, 0xe8, 0x1, 0xff, 0xec,

    /* U+00B6 "¶" */
    0x0, 0xc, 0x6f, 0xff, 0xb8, 0x13, 0x9c, 0x80,
    0x3e, 0x1b, 0x0, 0xed, 0xd0, 0x1, 0xe4, 0x3,
    0xc4, 0x41, 0x1, 0x30, 0xf, 0xf9, 0xc0, 0x3f,
    0xe7, 0x0, 0xff, 0xb4, 0x3, 0xfe, 0x62, 0x0,
    0xff, 0xb0, 0xc0, 0x3f, 0xc3, 0x96, 0xea, 0x80,
    0x1f, 0x92, 0x2a, 0xc0, 0x3f, 0xfe, 0xa0,

    /* U+00B7 "·" */
    0x0, 0x29, 0x0, 0x36, 0xb4, 0x80, 0x80, 0xe,
    0xe, 0x8, 0xa0,

    /* U+00B8 "¸" */
    0x2f, 0x10, 0x3, 0x3, 0x10, 0x3b, 0x56, 0x91,
    0xca, 0x83, 0x6f, 0xb9, 0xa7, 0x66, 0xe0, 0x0,

    /* U+00B9 "¹" */
    0x5, 0xef, 0xf1, 0x55, 0x4, 0x2, 0x18, 0xd0,
    0xa, 0xdc, 0x3, 0xff, 0xac,

    /* U+00BA "º" */
    0x0, 0x9f, 0x7f, 0xad, 0x0, 0x36, 0x41, 0x10,
    0x12, 0xdc, 0x1, 0x6, 0x39, 0xbd, 0x1, 0x4,
    0xc, 0x12, 0x60, 0x7, 0x30, 0xa1, 0x10, 0x20,
    0x6, 0x50, 0x30, 0xf, 0xf8, 0x44, 0x8, 0x1,
    0x94, 0xc, 0x18, 0x24, 0xc0, 0xe, 0x61, 0x41,
    0x6, 0x39, 0xbd, 0x1, 0x4, 0x0, 0xc8, 0x22,
    0x2, 0x5b, 0x80,

    /* U+00BB "»" */
    0xa, 0xff, 0x18, 0x57, 0xf8, 0xc0, 0x3a, 0x8c,
    0x34, 0xa8, 0xc3, 0x48, 0x3, 0xb4, 0x87, 0xc7,
    0x48, 0x7c, 0x40, 0x30, 0xf8, 0x16, 0x8f, 0x81,
    0x68, 0x7, 0x15, 0x81, 0xd1, 0x58, 0x1d, 0x0,
    0x72, 0x28, 0x29, 0xa2, 0x82, 0xa0, 0x6, 0x65,
    0x7, 0x36, 0x50, 0x74, 0x0, 0x92, 0x41, 0x61,
    0x24, 0x16, 0x0, 0x22, 0xa0, 0x3a, 0x2a, 0x3,
    0xa0, 0x8, 0x7c, 0x4b, 0x47, 0xc4, 0xb4, 0x3,
    0x40, 0x17, 0x8c, 0x1, 0x78, 0x80, 0x40,

    /* U+00BC "¼" */
    0x1, 0xbf, 0xf2, 0x0, 0x7c, 0x3d, 0xe4, 0x1,
    0x7a, 0x0, 0x7f, 0xa8, 0x64, 0x80, 0x2, 0x18,
    0x60, 0x1f, 0x99, 0x10, 0xc0, 0x10, 0xf9, 0x80,
    0x7e, 0x29, 0x1a, 0x0, 0xe1, 0x0, 0xfe, 0xe0,
    0xb1, 0x0, 0xff, 0xe1, 0x39, 0xaa, 0x80, 0x3f,
    0xf8, 0x45, 0x3, 0x60, 0x1f, 0xfc, 0x3e, 0xa,
    0x10, 0xf, 0xfe, 0x14, 0x1b, 0x20, 0x1, 0x7f,
    0xd0, 0x1, 0xa2, 0x54, 0xd, 0xca, 0x40, 0x2b,
    0x0, 0xf9, 0x18, 0x43, 0x83, 0x80, 0x28, 0x11,
    0x0, 0x7f, 0x49, 0x39, 0x80, 0x9, 0xce, 0x0,
    0x3f, 0x23, 0x14, 0x0, 0x52, 0x1e, 0x1, 0xfd,
    0x41, 0xc0, 0x12, 0x21, 0x4c, 0x3, 0xf5, 0xc,
    0x18, 0x5, 0x0, 0xd7, 0x20, 0xee, 0x0, 0x95,
    0x46, 0xe0, 0x18, 0x40, 0xd0, 0x2, 0xd0, 0x0,
    0xd8, 0x70, 0x7, 0x6f, 0xfd, 0x0, 0xf4, 0x0,
    0x56, 0xb2, 0x0, 0xfe, 0x47, 0xc0,

    /* U+00BD "½" */
    0x0, 0x13, 0x30, 0x40, 0x3f, 0x23, 0x8, 0x6,
    0x6d, 0x99, 0x28, 0x7, 0xc9, 0x74, 0x20, 0x10,
    0xc9, 0x90, 0x7, 0xe1, 0xa0, 0xe0, 0xe, 0x7c,
    0x10, 0xf, 0xd6, 0x30, 0x40, 0x18, 0x60, 0x3,
    0xf9, 0x54, 0x6e, 0x1, 0xff, 0xc3, 0x1a, 0xe,
    0x0, 0xff, 0xe2, 0x50, 0x49, 0x0, 0x7f, 0xf0,
    0xdd, 0x10, 0xc0, 0x1f, 0xfc, 0x32, 0x81, 0xa0,
    0x3, 0x55, 0xb8, 0x7, 0xfb, 0x82, 0x84, 0x2a,
    0x55, 0x23, 0x40, 0x36, 0x7a, 0x4, 0x1b, 0x20,
    0xa, 0x8e, 0xf1, 0x11, 0x40, 0x3c, 0x6e, 0x52,
    0x0, 0x1f, 0xe2, 0x17, 0x0, 0xfd, 0xc1, 0xc0,
    0x1f, 0x1a, 0x8a, 0x80, 0x74, 0x93, 0x98, 0x7,
    0x8b, 0x42, 0x80, 0x39, 0x18, 0xa0, 0x3, 0xc5,
    0x83, 0x28, 0x1, 0x86, 0x83, 0xc0, 0x3c, 0x3e,
    0x30, 0xc0, 0x1d, 0x63, 0x4, 0x1, 0xec, 0x20,
    0xcb, 0xb3, 0x0, 0x15, 0x46, 0xe0, 0x1e, 0x12,
    0x0, 0x22, 0x5e,

    /* U+00BE "¾" */
    0x5, 0xcf, 0xe9, 0x0, 0xfc, 0x7f, 0xc2, 0x0,
    0x6a, 0x34, 0x36, 0x90, 0xf, 0xb8, 0x28, 0x40,
    0x7, 0x1b, 0x7e, 0xe, 0x1, 0xe8, 0x26, 0x40,
    0x9, 0x5c, 0x81, 0x1, 0x40, 0x38, 0xdc, 0xa4,
    0x3, 0xcf, 0xf2, 0x94, 0x1, 0xdc, 0x1c, 0x1,
    0xf2, 0x39, 0xa5, 0x0, 0x69, 0x27, 0x30, 0xf,
    0x8e, 0x30, 0x51, 0x0, 0x4, 0x62, 0x80, 0xf,
    0x45, 0x28, 0x18, 0x83, 0x80, 0xd0, 0x70, 0x7,
    0xdc, 0xb5, 0xf8, 0xa, 0x61, 0x63, 0x6, 0x0,
    0x7f, 0xf3, 0x3, 0x63, 0xab, 0x5d, 0x2, 0xa8,
    0xdc, 0x0, 0x30, 0x1, 0xc7, 0x15, 0x28, 0x3,
    0x61, 0xc0, 0x15, 0x80, 0x80, 0x7f, 0xa8, 0x64,
    0x80, 0x6, 0xaa, 0x60, 0xf, 0xe6, 0x44, 0x30,
    0x5, 0xc1, 0x0, 0x1f, 0xc5, 0x21, 0x40, 0x13,
    0x13, 0x90, 0x7, 0xf7, 0x5, 0x8, 0x5, 0x0,
    0x96, 0xe1, 0x2c, 0x1, 0x9c, 0xd5, 0x40, 0x18,
    0x40, 0xd0, 0x2, 0xe0, 0x8, 0xa0, 0x6c, 0x3,
    0xbf, 0xf3, 0x4, 0xc0, 0x4, 0xee, 0xd1, 0x0,
    0xfe, 0xd7, 0x50,

    /* U+00BF "¿" */
    0x0, 0xcb, 0xda, 0x40, 0x1f, 0x48, 0x95, 0x80,
    0x7c, 0xa0, 0xc, 0x0, 0xfa, 0x6f, 0x14, 0x3,
    0xf2, 0x18, 0x7, 0xe2, 0x88, 0x8, 0x7, 0xc8,
    0xee, 0x0, 0xfd, 0xa0, 0x1, 0x0, 0xf4, 0x20,
    0x28, 0x7, 0xe, 0x38, 0x15, 0x80, 0x76, 0x18,
    0x2e, 0x88, 0x6, 0x72, 0x6, 0xa0, 0xf, 0x60,
    0x2, 0x40, 0x3e, 0x70, 0x20, 0xe, 0xbc, 0x76,
    0x2, 0x20, 0x4, 0x88, 0x30, 0xe0, 0x6, 0x21,
    0x2d, 0x0, 0x19, 0x1c, 0x6, 0xf6, 0x84, 0x28,
    0x42, 0x2d, 0x4, 0x5, 0x71, 0x40,

    /* U+00C0 "À" */
    0x0, 0xe6, 0xff, 0x10, 0x7, 0xff, 0x5, 0x8c,
    0x2c, 0x3, 0xff, 0x85, 0xc0, 0xc2, 0x1, 0xff,
    0xc1, 0x2b, 0x93, 0x0, 0xff, 0xe1, 0x23, 0x10,
    0x7, 0xff, 0x5, 0x7f, 0xe4, 0x0, 0xff, 0xe0,
    0x70, 0x5, 0xc0, 0x1f, 0xf0, 0xa0, 0x20, 0x28,
    0x7, 0xfc, 0xc0, 0x9, 0x0, 0x30, 0x7, 0xfa,
    0x81, 0x8, 0x81, 0x40, 0x1f, 0xc6, 0x41, 0xa0,
    0xa0, 0x64, 0x1, 0xfa, 0x80, 0xe, 0x16, 0x0,
    0xa0, 0xf, 0xce, 0x6, 0x20, 0x64, 0xc, 0x1,
    0xf2, 0x8, 0x58, 0x4, 0xa0, 0x28, 0x1, 0xee,
    0x0, 0x30, 0x5, 0x40, 0xe, 0x0, 0xf2, 0x80,
    0x3b, 0xfe, 0xd0, 0x2, 0x80, 0x73, 0x0, 0x7f,
    0xca, 0x1, 0xa8, 0x1, 0x9b, 0xbd, 0x60, 0xe,
    0x0, 0x88, 0xc1, 0xc, 0x8b, 0x91, 0x0, 0x82,
    0x0, 0x50, 0x7, 0x0, 0x7d, 0xc0, 0x6, 0x0,
    0x50, 0x1, 0x40, 0x3e, 0x50, 0x5, 0x1, 0x90,
    0x28, 0x7, 0xf2, 0x81, 0x18,

    /* U+00C1 "Á" */
    0x0, 0xfc, 0x5f, 0xe6, 0x0, 0xff, 0xe0, 0xc0,
    0x23, 0x0, 0x7f, 0xf0, 0x9, 0x46, 0x80, 0x3f,
    0xf8, 0x23, 0x3a, 0x20, 0x1f, 0xfc, 0x13, 0x63,
    0x0, 0xff, 0xe0, 0xaf, 0xfc, 0x80, 0x1f, 0xfc,
    0xe, 0x0, 0xb8, 0x3, 0xfe, 0x14, 0x4, 0x5,
    0x0, 0xff, 0x98, 0x1, 0x20, 0x6, 0x0, 0xff,
    0x50, 0x21, 0x10, 0x28, 0x3, 0xf8, 0xc8, 0x34,
    0x14, 0xc, 0x80, 0x3f, 0x50, 0x1, 0xc2, 0xc0,
    0x14, 0x1, 0xf9, 0xc0, 0xc4, 0xc, 0x81, 0x80,
    0x3e, 0x41, 0xb, 0x0, 0x94, 0x5, 0x0, 0x3d,
    0xc0, 0x6, 0x0, 0xa8, 0x1, 0xc0, 0x1e, 0x50,
    0x7, 0x7f, 0xda, 0x0, 0x50, 0xe, 0x60, 0xf,
    0xf9, 0x40, 0x35, 0x0, 0x33, 0x77, 0xac, 0x1,
    0xc0, 0x11, 0x18, 0x21, 0x91, 0x72, 0x20, 0x10,
    0x40, 0xa, 0x0, 0xe0, 0xf, 0xb8, 0x0, 0xc0,
    0xa, 0x0, 0x28, 0x7, 0xca, 0x0, 0xa0, 0x32,
    0x5, 0x0, 0xfe, 0x50, 0x23,

    /* U+00C2 "Â" */
    0x0, 0xf1, 0xf7, 0xf1, 0x0, 0x7f, 0xc7, 0x83,
    0x3, 0x84, 0x1, 0xfc, 0x78, 0x16, 0xf6, 0x38,
    0x40, 0x1f, 0x8f, 0xfc, 0x80, 0x9f, 0xc4, 0x1,
    0xff, 0xcf, 0x5f, 0xf9, 0x0, 0x3f, 0xf8, 0x1c,
    0x1, 0x70, 0x7, 0xfc, 0x28, 0x8, 0xa, 0x1,
    0xff, 0x30, 0x2, 0x40, 0xc, 0x1, 0xfe, 0xa0,
    0x42, 0x20, 0x50, 0x7, 0xf1, 0x90, 0x68, 0x28,
    0x19, 0x0, 0x7e, 0xa0, 0x3, 0x85, 0x80, 0x28,
    0x3, 0xf3, 0x81, 0x88, 0x19, 0x3, 0x0, 0x7c,
    0x82, 0x16, 0x1, 0x28, 0xa, 0x0, 0x7b, 0x80,
    0xc, 0x1, 0x50, 0x3, 0x80, 0x3c, 0xa0, 0xe,
    0xff, 0xb4, 0x0, 0xa0, 0x1c, 0xc0, 0x1f, 0xf2,
    0x80, 0x6a, 0x0, 0x66, 0xef, 0x58, 0x3, 0x80,
    0x22, 0x30, 0x43, 0x22, 0xe4, 0x40, 0x20, 0x80,
    0x14, 0x1, 0xc0, 0x1f, 0x70, 0x1, 0x80, 0x14,
    0x0, 0x50, 0xf, 0x94, 0x1, 0x40, 0x64, 0xa,
    0x1, 0xfc, 0xa0, 0x46,

    /* U+00C3 "Ã" */
    0x0, 0xe4, 0xee, 0x40, 0xd7, 0x80, 0x7f, 0xa8,
    0x15, 0xf9, 0x50, 0x3, 0xfc, 0xf7, 0x6d, 0x77,
    0x50, 0x7, 0xfa, 0x54, 0xa, 0x20, 0x20, 0x1f,
    0xfd, 0x5, 0xff, 0x90, 0x3, 0xff, 0x81, 0xc0,
    0x17, 0x0, 0x7f, 0xc2, 0x80, 0x80, 0xa0, 0x1f,
    0xf3, 0x0, 0x24, 0x0, 0xc0, 0x1f, 0xea, 0x4,
    0x22, 0x5, 0x0, 0x7f, 0x19, 0x6, 0x82, 0x81,
    0x90, 0x7, 0xea, 0x0, 0x38, 0x58, 0x2, 0x80,
    0x3f, 0x38, 0x18, 0x81, 0x90, 0x30, 0x7, 0xc8,
    0x21, 0x60, 0x12, 0x80, 0xa0, 0x7, 0xb8, 0x0,
    0xc0, 0x15, 0x0, 0x38, 0x3, 0xca, 0x0, 0xef,
    0xfb, 0x40, 0xa, 0x1, 0xcc, 0x1, 0xff, 0x28,
    0x6, 0xa0, 0x6, 0x6e, 0xf5, 0x80, 0x38, 0x2,
    0x23, 0x4, 0x32, 0x2e, 0x44, 0x2, 0x8, 0x1,
    0x40, 0x1c, 0x1, 0xf7, 0x0, 0x18, 0x1, 0x40,
    0x5, 0x0, 0xf9, 0x40, 0x14, 0x6, 0x40, 0xa0,
    0x1f, 0xca, 0x4, 0x60,

    /* U+00C4 "Ä" */
    0x0, 0xc5, 0xba, 0x20, 0x2d, 0xd1, 0x0, 0x7e,
    0x52, 0x22, 0x2, 0x91, 0x14, 0x3, 0xf2, 0x99,
    0x9c, 0x18, 0xcc, 0xa0, 0x1f, 0x8b, 0x30, 0x20,
    0x39, 0x82, 0x0, 0xff, 0xe7, 0xaf, 0xfc, 0x80,
    0x1f, 0xfc, 0xe, 0x0, 0xb8, 0x3, 0xfe, 0x14,
    0x4, 0x5, 0x0, 0xff, 0x98, 0x1, 0x20, 0x6,
    0x0, 0xff, 0x50, 0x21, 0x10, 0x28, 0x3, 0xf8,
    0xc8, 0x34, 0x14, 0xc, 0x80, 0x3f, 0x50, 0x1,
    0xc2, 0xc0, 0x14, 0x1, 0xf9, 0xc0, 0xc4, 0xc,
    0x81, 0x80, 0x3e, 0x41, 0xb, 0x0, 0x94, 0x5,
    0x0, 0x3d, 0xc0, 0x6, 0x0, 0xa8, 0x1, 0xc0,
    0x1e, 0x50, 0x7, 0x7f, 0xda, 0x0, 0x50, 0xe,
    0x60, 0xf, 0xf9, 0x40, 0x35, 0x0, 0x33, 0x77,
    0xac, 0x1, 0xc0, 0x11, 0x18, 0x21, 0x91, 0x72,
    0x20, 0x10, 0x40, 0xa, 0x0, 0xe0, 0xf, 0xb8,
    0x0, 0xc0, 0xa, 0x0, 0x28, 0x7, 0xca, 0x0,
    0xa0, 0x32, 0x5, 0x0, 0xfe, 0x50, 0x23,

    /* U+00C5 "Å" */
    0x0, 0xfc, 0x20, 0x1f, 0xfc, 0x27, 0xfe, 0xf7,
    0x0, 0xff, 0x96, 0x12, 0x92, 0x14, 0x3, 0xfd,
    0x81, 0x4b, 0x41, 0x80, 0x1f, 0xef, 0x8, 0x28,
    0xf, 0x0, 0xff, 0x32, 0xb6, 0xb2, 0xb0, 0x7,
    0xfd, 0x5b, 0x7b, 0x40, 0x1f, 0xfc, 0x5, 0xdb,
    0xd4, 0x0, 0xff, 0xe0, 0x70, 0x5, 0xc0, 0x1f,
    0xf0, 0xa0, 0x20, 0x28, 0x7, 0xfc, 0xc0, 0x9,
    0x0, 0x30, 0x7, 0xfa, 0x81, 0x8, 0x81, 0x40,
    0x1f, 0xc6, 0x41, 0xa0, 0xa0, 0x64, 0x1, 0xfa,
    0x80, 0xe, 0x16, 0x0, 0xa0, 0xf, 0xce, 0x6,
    0x20, 0x64, 0xc, 0x1, 0xf2, 0x8, 0x58, 0x4,
    0xa0, 0x28, 0x1, 0xee, 0x0, 0x30, 0x5, 0x40,
    0xe, 0x0, 0xf2, 0x80, 0x3b, 0xfe, 0xd0, 0x2,
    0x80, 0x73, 0x0, 0x7f, 0xca, 0x1, 0xa8, 0x1,
    0x9b, 0xbd, 0x60, 0xe, 0x0, 0x88, 0xc1, 0xc,
    0x8b, 0x91, 0x0, 0x82, 0x0, 0x50, 0x7, 0x0,
    0x7d, 0xc0, 0x6, 0x0, 0x50, 0x1, 0x40, 0x3e,
    0x50, 0x5, 0x1, 0x90, 0x28, 0x7, 0xf2, 0x81,
    0x18,

    /* U+00C6 "Æ" */
    0x0, 0xfd, 0x1f, 0xff, 0xfc, 0x18, 0x0, 0xf8,
    0x5c, 0x8, 0xc0, 0x3f, 0xf8, 0xcc, 0x0, 0xe9,
    0x0, 0x4d, 0xdf, 0xd4, 0x1, 0xf4, 0x81, 0x98,
    0x2, 0x54, 0x4f, 0x88, 0x3, 0xce, 0x21, 0x20,
    0x1f, 0xfc, 0x79, 0x2, 0x50, 0xf, 0xfe, 0x33,
    0x8, 0x58, 0x7, 0xff, 0x1e, 0xc0, 0x58, 0x3,
    0xb3, 0xff, 0xe0, 0xe, 0x52, 0x9, 0x0, 0xff,
    0xe3, 0xc0, 0x1, 0x80, 0x3d, 0x39, 0x9f, 0x0,
    0x64, 0x20, 0x7, 0x7f, 0xd4, 0x0, 0x53, 0x3f,
    0x80, 0x34, 0x0, 0x7f, 0xf2, 0x50, 0xc1, 0x3b,
    0xba, 0x40, 0x3f, 0xf8, 0x3e, 0x0, 0x91, 0x1e,
    0x30, 0xf, 0xfe, 0x1, 0xa0, 0x21, 0x0, 0x7e,
    0x54, 0x4f, 0x88, 0x20, 0x1, 0x0, 0x1f, 0xd3,
    0x77, 0xf8, 0x90, 0xc, 0xc0, 0x1f, 0xfc, 0x60,

    /* U+00C7 "Ç" */
    0x0, 0xc5, 0x1b, 0xfe, 0xea, 0x50, 0xf, 0x9f,
    0x5c, 0x80, 0x2, 0xb5, 0x82, 0x1, 0xa6, 0x0,
    0x9, 0x10, 0x61, 0x3, 0xf1, 0x0, 0x2b, 0x1,
    0x6d, 0xbb, 0xa7, 0x98, 0x6, 0xc0, 0x16, 0x0,
    0xf2, 0x0, 0xe9, 0x30, 0x51, 0x41, 0x7, 0x20,
    0xf, 0xa1, 0x98, 0x46, 0x0, 0xb0, 0xf, 0xc9,
    0x32, 0x3e, 0x0, 0x18, 0x7, 0xff, 0x0, 0xc0,
    0x3f, 0xf8, 0x66, 0x0, 0x10, 0xf, 0xfe, 0x7,
    0x0, 0x8, 0x3, 0xff, 0x80, 0x60, 0xb, 0x0,
    0xfc, 0x93, 0x23, 0x41, 0x7, 0x20, 0xf, 0xa1,
    0x98, 0x41, 0x60, 0xf, 0x20, 0xe, 0xa3, 0x5,
    0x10, 0x56, 0x2, 0xdb, 0x76, 0x9e, 0x50, 0x2b,
    0x0, 0xa6, 0x0, 0x9, 0x12, 0xc2, 0x7, 0x82,
    0x1, 0x9f, 0x58, 0x80, 0x2, 0xb7, 0x82, 0x1,
    0xe2, 0x9d, 0x63, 0xea, 0x40, 0xf, 0xf8, 0x8f,
    0xd8, 0x3, 0xff, 0x81, 0x5a, 0x52, 0x1, 0xff,
    0xc0, 0x56, 0x1, 0x0, 0xff, 0x8e, 0xec, 0x14,
    0x1, 0xc0,

    /* U+00C8 "È" */
    0x0, 0x9f, 0xfc, 0x20, 0x1f, 0x9c, 0xc2, 0x0,
    0x3f, 0xb8, 0x18, 0x40, 0x3f, 0x15, 0xc9, 0x80,
    0x7f, 0x23, 0x10, 0x6, 0x1f, 0xff, 0xf7, 0x0,
    0x7f, 0xf0, 0xd2, 0xef, 0xed, 0x0, 0x89, 0x13,
    0xe3, 0x0, 0xff, 0xed, 0xb7, 0xff, 0xca, 0x1,
    0xff, 0xc3, 0x4b, 0xbf, 0x90, 0x2, 0x24, 0x4f,
    0x84, 0x3, 0xff, 0xb6, 0x48, 0x9f, 0x80, 0x24,
    0xbb, 0xfc, 0x1, 0xff, 0xc0,

    /* U+00C9 "É" */
    0x0, 0xf1, 0x7f, 0x98, 0x3, 0xf4, 0x2, 0x30,
    0x7, 0xc4, 0xa3, 0x40, 0x1f, 0x86, 0x74, 0x40,
    0x3f, 0x1b, 0x18, 0x6, 0x1f, 0xff, 0xf7, 0x0,
    0x7f, 0xf0, 0xd2, 0xef, 0xed, 0x0, 0x89, 0x13,
    0xe3, 0x0, 0xff, 0xed, 0xb7, 0xff, 0xca, 0x1,
    0xff, 0xc3, 0x4b, 0xbf, 0x90, 0x2, 0x24, 0x4f,
    0x84, 0x3, 0xff, 0xb6, 0x48, 0x9f, 0x80, 0x24,
    0xbb, 0xfc, 0x1, 0xff, 0xc0,

    /* U+00CA "Ê" */
    0x0, 0xc7, 0xdf, 0xc4, 0x1, 0xe3, 0xc1, 0x81,
    0xc2, 0x0, 0xc7, 0x81, 0x6f, 0x43, 0x84, 0x1,
    0x1f, 0xf9, 0x1, 0x7f, 0x88, 0x3, 0xff, 0x82,
    0x3f, 0xff, 0xee, 0x0, 0xff, 0xe1, 0xa5, 0xdf,
    0xda, 0x1, 0x12, 0x27, 0xc6, 0x1, 0xff, 0xdb,
    0x6f, 0xff, 0x94, 0x3, 0xff, 0x86, 0x97, 0x7f,
    0x20, 0x4, 0x48, 0x9f, 0x8, 0x7, 0xff, 0x6c,
    0x91, 0x3f, 0x0, 0x49, 0x77, 0xf8, 0x3, 0xff,
    0x80,

    /* U+00CB "Ë" */
    0x0, 0x17, 0x69, 0x1, 0x6e, 0x88, 0x2, 0x51,
    0x24, 0x5, 0x22, 0x28, 0x4, 0xa4, 0x6e, 0xa,
    0x66, 0x60, 0x8, 0xb7, 0x4, 0xb, 0x30, 0x20,
    0x1f, 0xfc, 0x11, 0xff, 0xff, 0x70, 0x7, 0xff,
    0xd, 0x2e, 0xfe, 0xd0, 0x8, 0x91, 0x3e, 0x30,
    0xf, 0xfe, 0xdb, 0x7f, 0xfc, 0xa0, 0x1f, 0xfc,
    0x34, 0xbb, 0xf9, 0x0, 0x22, 0x44, 0xf8, 0x40,
    0x3f, 0xfb, 0x64, 0x89, 0xf8, 0x2, 0x4b, 0xbf,
    0xc0, 0x1f, 0xfc, 0x0,

    /* U+00CC "Ì" */
    0xaf, 0xe0, 0x5, 0x88, 0x94, 0x6, 0x82, 0x0,
    0x9, 0x56, 0x20, 0x5, 0x61, 0x1, 0xff, 0x48,
    0x7, 0xff, 0xfc, 0x3, 0x80,

    /* U+00CD "Í" */
    0x0, 0x2f, 0xf8, 0xc0, 0x10, 0xe, 0x60, 0xa4,
    0x70, 0x0, 0x19, 0xe0, 0x9, 0x18, 0x80, 0x3,
    0xfe, 0x90, 0xf, 0xff, 0xf8, 0x7, 0xff, 0x2c,

    /* U+00CE "Î" */
    0x0, 0x37, 0xfb, 0x4, 0x2, 0x69, 0x27, 0x3d,
    0x10, 0x69, 0x1f, 0x87, 0x3d, 0x16, 0xfe, 0x20,
    0x8f, 0xc1, 0x0, 0xff, 0x87, 0xfd, 0x20, 0x1f,
    0xff, 0xf0, 0xf, 0xff, 0xe0,

    /* U+00CF "Ï" */
    0x4e, 0xb0, 0x2, 0x76, 0x7, 0xa, 0x18, 0x70,
    0x99, 0xb8, 0x94, 0xc3, 0x89, 0xd, 0x36, 0x80,
    0x9, 0xb6, 0x1, 0xff, 0xc0, 0x1f, 0xf4, 0x80,
    0x7f, 0xff, 0xc0, 0x3f, 0xff, 0x80,

    /* U+00D0 "Ð" */
    0x0, 0x47, 0xff, 0xbb, 0x1c, 0x40, 0x3f, 0xf8,
    0x22, 0x71, 0xcc, 0x1, 0xfa, 0x6e, 0xd5, 0x8,
    0x0, 0x98, 0x0, 0xf9, 0x12, 0x57, 0xbc, 0x20,
    0x73, 0x0, 0xff, 0xe0, 0x1f, 0x80, 0x20, 0x3,
    0xff, 0x82, 0x4a, 0x8, 0x20, 0x1f, 0xfc, 0x1f,
    0x0, 0x25, 0xfb, 0x80, 0x37, 0xfe, 0x60, 0x9,
    0xc0, 0x6, 0xe0, 0x1f, 0x84, 0x2, 0x30, 0x7,
    0x67, 0xb8, 0x3, 0x7f, 0xe7, 0x0, 0x8c, 0x1,
    0xc0, 0x1f, 0xfc, 0x17, 0x0, 0x18, 0x7, 0xff,
    0x7, 0xc0, 0x8, 0x1, 0xff, 0xc0, 0x35, 0x4,
    0x10, 0xf, 0xf8, 0xf4, 0x1, 0x0, 0x1e, 0x44,
    0x95, 0xef, 0x4, 0x20, 0xc0, 0x3d, 0x37, 0x6a,
    0x84, 0x0, 0x53, 0x80, 0x7f, 0xc2, 0x71, 0xca,
    0x1, 0x0,

    /* U+00D1 "Ñ" */
    0x0, 0xea, 0xfc, 0x51, 0xfa, 0x0, 0xfc, 0xaa,
    0x32, 0xae, 0xf, 0x0, 0xfc, 0x2d, 0xbd, 0x4d,
    0x4a, 0x1, 0xf9, 0x24, 0x41, 0x65, 0x40, 0x3f,
    0xf9, 0x23, 0xff, 0x28, 0x7, 0xcf, 0xfe, 0x30,
    0xd, 0x62, 0x1, 0xff, 0xc2, 0x1b, 0x0, 0xff,
    0xe0, 0x98, 0x2a, 0x0, 0x7f, 0xf0, 0x10, 0xc2,
    0x40, 0x3f, 0xf8, 0x3e, 0x5, 0x20, 0x1f, 0xf0,
    0x9b, 0x3, 0x18, 0x7, 0xf8, 0xc2, 0x4, 0x38,
    0x3, 0xff, 0x80, 0x36, 0x5, 0x0, 0x1f, 0xfc,
    0x5, 0x40, 0x72, 0x0, 0xff, 0xe0, 0x50, 0x3,
    0x80, 0x3f, 0xf8, 0x3, 0x20, 0x6c, 0x1, 0xff,
    0xc0, 0x63, 0x8, 0x0, 0xff, 0xe0, 0xf0, 0xd,
    0x80, 0x7f, 0xf0, 0xa, 0x0, 0xc0, 0x3f, 0xf8,
    0x2e, 0x40, 0x1f, 0xfc, 0x3e, 0x0, 0xc0,

    /* U+00D2 "Ò" */
    0x0, 0xe6, 0x62, 0x0, 0x7f, 0xf0, 0x86, 0x6c,
    0x40, 0x3f, 0xf8, 0x2e, 0x61, 0x20, 0x1f, 0xfc,
    0x2e, 0x6, 0x0, 0xff, 0xe1, 0x17, 0xf0, 0x7,
    0xff, 0x44, 0xa3, 0x7f, 0xdd, 0x4a, 0x1, 0xf9,
    0xf5, 0xc8, 0x0, 0x2b, 0x58, 0x20, 0x1d, 0x30,
    0x0, 0x48, 0x96, 0x10, 0x3f, 0x10, 0x9, 0x58,
    0xb, 0x6d, 0xda, 0x79, 0x80, 0x68, 0x2, 0xb0,
    0x7, 0x90, 0x7, 0x4a, 0x2, 0x20, 0x10, 0x41,
    0xc8, 0x3, 0xe9, 0x0, 0x70, 0x18, 0x2, 0xc0,
    0x3f, 0x11, 0x1, 0x3, 0x80, 0x4, 0x1, 0xfc,
    0xe0, 0x20, 0x60, 0x1, 0x0, 0xfe, 0x30, 0x0,
    0x98, 0x0, 0x40, 0x3f, 0x8c, 0x0, 0x3c, 0x0,
    0x20, 0xf, 0xe7, 0x1, 0x3, 0x0, 0x58, 0x7,
    0xe2, 0x20, 0x20, 0x20, 0x83, 0x90, 0x7, 0xd2,
    0x0, 0xe0, 0x5, 0x80, 0x3c, 0x80, 0x3a, 0x50,
    0x11, 0x0, 0x5, 0x60, 0x2d, 0xb7, 0x69, 0xe6,
    0x1, 0xa0, 0xd, 0x30, 0x0, 0x48, 0x96, 0x10,
    0x3f, 0x10, 0xe, 0x7d, 0x62, 0x0, 0xa, 0x56,
    0x8, 0x4,

    /* U+00D3 "Ó" */
    0x0, 0xfc, 0x2c, 0xc2, 0x0, 0xff, 0xe0, 0xdc,
    0xd9, 0x0, 0x7f, 0xf0, 0x9, 0x43, 0xc0, 0x3f,
    0xf8, 0x36, 0x10, 0x40, 0x1f, 0xfc, 0x19, 0xf7,
    0x0, 0xff, 0xe8, 0x14, 0x6f, 0xfb, 0xa9, 0x40,
    0x3f, 0x3e, 0xb9, 0x0, 0x5, 0x6b, 0x4, 0x3,
    0xa6, 0x0, 0x9, 0x12, 0xc2, 0x7, 0xe2, 0x1,
    0x2b, 0x1, 0x6d, 0xbb, 0x4f, 0x30, 0xd, 0x0,
    0x56, 0x0, 0xf2, 0x0, 0xe9, 0x40, 0x44, 0x2,
    0x8, 0x39, 0x0, 0x7d, 0x20, 0xe, 0x3, 0x0,
    0x58, 0x7, 0xe2, 0x20, 0x20, 0x70, 0x0, 0x80,
    0x3f, 0x9c, 0x4, 0xc, 0x0, 0x20, 0x1f, 0xc6,
    0x0, 0x13, 0x0, 0x8, 0x7, 0xf1, 0x80, 0x7,
    0x80, 0x4, 0x1, 0xfc, 0xe0, 0x20, 0x60, 0xb,
    0x0, 0xfc, 0x44, 0x4, 0x4, 0x10, 0x72, 0x0,
    0xfa, 0x40, 0x1c, 0x0, 0xb0, 0x7, 0x90, 0x7,
    0x4a, 0x2, 0x20, 0x0, 0xac, 0x5, 0xb6, 0xed,
    0x3c, 0xc0, 0x34, 0x1, 0xa6, 0x0, 0x9, 0x12,
    0xc2, 0x7, 0xe2, 0x1, 0xcf, 0xac, 0x40, 0x1,
    0x4a, 0xc1, 0x0, 0x80,

    /* U+00D4 "Ô" */
    0x0, 0xf0, 0xbc, 0x20, 0x7, 0xff, 0x7, 0x61,
    0xec, 0xc0, 0x3f, 0xea, 0x34, 0xb0, 0xd1, 0x0,
    0xfe, 0x85, 0x2a, 0x47, 0x1c, 0x0, 0xfe, 0x8f,
    0xd1, 0x8, 0xfd, 0x0, 0xff, 0xe7, 0x14, 0x6f,
    0xfb, 0xa9, 0x40, 0x3f, 0x3e, 0xb9, 0x0, 0x5,
    0x6b, 0x4, 0x3, 0xa6, 0x0, 0x9, 0x12, 0xc2,
    0x7, 0xe2, 0x1, 0x2b, 0x1, 0x6d, 0xbb, 0x4f,
    0x30, 0xd, 0x0, 0x56, 0x0, 0xf2, 0x0, 0xe9,
    0x40, 0x44, 0x2, 0x8, 0x39, 0x0, 0x7d, 0x20,
    0xe, 0x3, 0x0, 0x58, 0x7, 0xe2, 0x20, 0x20,
    0x70, 0x0, 0x80, 0x3f, 0x9c, 0x4, 0xc, 0x0,
    0x20, 0x1f, 0xc6, 0x0, 0x13, 0x0, 0x8, 0x7,
    0xf1, 0x80, 0x7, 0x80, 0x4, 0x1, 0xfc, 0xe0,
    0x20, 0x60, 0xb, 0x0, 0xfc, 0x44, 0x4, 0x4,
    0x10, 0x72, 0x0, 0xfa, 0x40, 0x1c, 0x0, 0xb0,
    0x7, 0x90, 0x7, 0x4a, 0x2, 0x20, 0x0, 0xac,
    0x5, 0xb6, 0xed, 0x3c, 0xc0, 0x34, 0x1, 0xa6,
    0x0, 0x9, 0x12, 0xc2, 0x7, 0xe2, 0x1, 0xcf,
    0xac, 0x40, 0x1, 0x4a, 0xc1, 0x0, 0x80,

    /* U+00D5 "Õ" */
    0x0, 0xe8, 0xfd, 0x61, 0xdc, 0x0, 0xfe, 0x37,
    0x20, 0x9e, 0x2b, 0x0, 0xff, 0x37, 0xed, 0xbc,
    0xb8, 0x7, 0xf1, 0xc9, 0x2, 0x43, 0x0, 0x7f,
    0xf3, 0xca, 0x37, 0xfd, 0xd4, 0xa0, 0x1f, 0x9f,
    0x5c, 0x80, 0x2, 0xb5, 0x82, 0x1, 0xd3, 0x0,
    0x4, 0x89, 0x61, 0x3, 0xf1, 0x0, 0x95, 0x80,
    0xb6, 0xdd, 0xa7, 0x98, 0x6, 0x80, 0x2b, 0x0,
    0x79, 0x0, 0x74, 0xa0, 0x22, 0x1, 0x4, 0x1c,
    0x80, 0x3e, 0x90, 0x7, 0x1, 0x80, 0x2c, 0x3,
    0xf1, 0x10, 0x10, 0x38, 0x0, 0x40, 0x1f, 0xce,
    0x2, 0x6, 0x0, 0x10, 0xf, 0xe3, 0x0, 0x9,
    0x80, 0x4, 0x3, 0xf8, 0xc0, 0x3, 0xc0, 0x2,
    0x0, 0xfe, 0x70, 0x10, 0x30, 0x5, 0x80, 0x7e,
    0x22, 0x2, 0x2, 0x8, 0x39, 0x0, 0x7d, 0x20,
    0xe, 0x0, 0x58, 0x3, 0xc8, 0x3, 0xa5, 0x1,
    0x10, 0x0, 0x56, 0x2, 0xdb, 0x76, 0x9e, 0x60,
    0x1a, 0x0, 0xd3, 0x0, 0x4, 0x89, 0x61, 0x3,
    0xf1, 0x0, 0xe7, 0xd6, 0x20, 0x0, 0xa5, 0x60,
    0x80, 0x40,

    /* U+00D6 "Ö" */
    0x0, 0xcb, 0xf6, 0x0, 0x5f, 0xb0, 0xf, 0xe9,
    0x4, 0x20, 0xe0, 0x42, 0x0, 0xfd, 0x22, 0xa4,
    0x1e, 0x2a, 0x40, 0x1f, 0x97, 0xa8, 0x0, 0x9d,
    0x40, 0x1f, 0xfc, 0xe2, 0x8d, 0xff, 0x75, 0x28,
    0x7, 0xe7, 0xd7, 0x20, 0x0, 0xad, 0x60, 0x80,
    0x74, 0xc0, 0x1, 0x22, 0x58, 0x40, 0xfc, 0x40,
    0x25, 0x60, 0x2d, 0xb7, 0x69, 0xe6, 0x1, 0xa0,
    0xa, 0xc0, 0x1e, 0x40, 0x1d, 0x28, 0x8, 0x80,
    0x41, 0x7, 0x20, 0xf, 0xa4, 0x1, 0xc0, 0x60,
    0xb, 0x0, 0xfc, 0x44, 0x4, 0xe, 0x0, 0x10,
    0x7, 0xf3, 0x80, 0x81, 0x80, 0x4, 0x3, 0xf8,
    0xc0, 0x2, 0x60, 0x1, 0x0, 0xfe, 0x30, 0x0,
    0xf0, 0x0, 0x80, 0x3f, 0x9c, 0x4, 0xc, 0x1,
    0x60, 0x1f, 0x88, 0x80, 0x80, 0x82, 0xe, 0x40,
    0x1f, 0x48, 0x3, 0x80, 0x16, 0x0, 0xf2, 0x0,
    0xe9, 0x40, 0x44, 0x0, 0x15, 0x80, 0xb6, 0xdd,
    0xa7, 0x98, 0x6, 0x80, 0x34, 0xc0, 0x1, 0x22,
    0x58, 0x40, 0xfc, 0x40, 0x39, 0xf5, 0x88, 0x0,
    0x29, 0x58, 0x20, 0x10,

    /* U+00D7 "×" */
    0x1, 0x0, 0xfc, 0x20, 0x39, 0x80, 0xf, 0x5e,
    0xb, 0x91, 0xe0, 0x6, 0xb4, 0x26, 0x64, 0x81,
    0xe0, 0x85, 0xa0, 0x3b, 0x81, 0xa4, 0xf, 0x35,
    0x2, 0x20, 0x1, 0x34, 0x81, 0x10, 0x21, 0xc0,
    0x39, 0x80, 0x33, 0x0, 0x70, 0xe0, 0x6, 0xc1,
    0x0, 0x87, 0x4c, 0x26, 0x80, 0xb0, 0x40, 0x70,
    0xc2, 0x59, 0x68, 0xb, 0x5, 0xc8, 0x29, 0x80,
    0xb, 0x60, 0x4c, 0xc8, 0xa5, 0x0, 0xc9, 0x70,
    0xe0,

    /* U+00D8 "Ø" */
    0x0, 0xff, 0xe0, 0x90, 0x7, 0xc5, 0x1b, 0xfe,
    0xea, 0x52, 0xdb, 0x0, 0xe7, 0xd7, 0x20, 0x0,
    0xad, 0x68, 0x10, 0x6, 0x98, 0x0, 0x24, 0x4b,
    0x8, 0x5, 0x0, 0x12, 0xb0, 0x16, 0xdb, 0xb4,
    0xd8, 0x5, 0x40, 0x15, 0x80, 0x3c, 0x80, 0x21,
    0xb0, 0x9, 0x10, 0x8, 0x20, 0xe4, 0x1, 0xb4,
    0x5b, 0x40, 0x1c, 0x6, 0x0, 0xb0, 0xd, 0x6,
    0x52, 0x44, 0x4, 0xe, 0x0, 0x10, 0x4, 0x8e,
    0x1e, 0x0, 0x70, 0x10, 0x30, 0x0, 0x80, 0x6,
    0x82, 0x48, 0x0, 0x60, 0x1, 0x30, 0x0, 0x80,
    0x28, 0x55, 0x80, 0x23, 0x0, 0xf, 0x0, 0x8,
    0x1d, 0xa, 0x80, 0x33, 0x80, 0x81, 0x80, 0x2c,
    0xe0, 0x38, 0x3, 0x11, 0x1, 0x1, 0x4, 0x1f,
    0x2, 0xc, 0x3, 0x48, 0x3, 0x80, 0x16, 0x1,
    0xb, 0x80, 0x69, 0x40, 0x44, 0x0, 0x14, 0x2,
    0x1b, 0x76, 0x9e, 0x60, 0x1a, 0x0, 0x88, 0x3,
    0x24, 0x4b, 0x8, 0x1f, 0x88, 0x4, 0xe0, 0xfa,
    0xc4, 0x0, 0x14, 0xac, 0x10, 0xc, 0xbb, 0x5,
    0x3b, 0xfe, 0xeb, 0x50, 0xe,

    /* U+00D9 "Ù" */
    0x0, 0xc2, 0xcc, 0x20, 0xf, 0xf8, 0x76, 0x64,
    0x1, 0xff, 0xc0, 0x90, 0x43, 0x0, 0xff, 0x8a,
    0x42, 0x40, 0x3f, 0xf8, 0xd, 0xf4, 0x1, 0xff,
    0xc9, 0x1f, 0xf4, 0x80, 0x7e, 0xdf, 0xd0, 0xf,
    0xff, 0xf8, 0x7, 0xff, 0xfc, 0x40, 0x4, 0x1,
    0xf8, 0x80, 0x40, 0x81, 0x4, 0x3, 0xc8, 0x0,
    0x50, 0xa0, 0x5, 0x8, 0x6, 0x2a, 0x0, 0x50,
    0x39, 0x82, 0x7c, 0xb3, 0x2b, 0x44, 0x18, 0xc0,
    0x1a, 0x80, 0x2d, 0x32, 0x50, 0x3, 0x48, 0x4,
    0x37, 0x65, 0x20, 0x1, 0x36, 0x48, 0x0,

    /* U+00DA "Ú" */
    0x0, 0xfc, 0x8c, 0xc0, 0xf, 0xfe, 0x5, 0x4f,
    0x0, 0x7f, 0xce, 0x27, 0x0, 0x1f, 0xf4, 0x87,
    0x0, 0x7f, 0xf0, 0x3b, 0xc8, 0x3, 0xff, 0x90,
    0x3f, 0xe9, 0x0, 0xfd, 0xbf, 0xa0, 0x1f, 0xff,
    0xf0, 0xf, 0xff, 0xf8, 0x80, 0x8, 0x3, 0xf1,
    0x0, 0x81, 0x2, 0x8, 0x7, 0x90, 0x0, 0xa1,
    0x40, 0xa, 0x10, 0xc, 0x54, 0x0, 0xa0, 0x73,
    0x4, 0xf9, 0x66, 0x56, 0x88, 0x31, 0x80, 0x35,
    0x0, 0x5a, 0x64, 0xa0, 0x6, 0x90, 0x8, 0x6e,
    0xca, 0x40, 0x2, 0x6c, 0x90, 0x0,

    /* U+00DB "Û" */
    0x0, 0xf1, 0xc4, 0x4, 0x3, 0xfc, 0x58, 0xee,
    0xd0, 0xf, 0xe1, 0xc0, 0x96, 0x3a, 0x0, 0xfd,
    0x82, 0xcc, 0x93, 0x58, 0x0, 0xfb, 0x7e, 0x40,
    0x19, 0xf0, 0x1, 0xff, 0xc6, 0x1f, 0xf4, 0x80,
    0x7e, 0xdf, 0xd0, 0xf, 0xff, 0xf8, 0x7, 0xff,
    0xfc, 0x40, 0x4, 0x1, 0xf8, 0x80, 0x40, 0x81,
    0x4, 0x3, 0xc8, 0x0, 0x50, 0xa0, 0x5, 0x8,
    0x6, 0x2a, 0x0, 0x50, 0x39, 0x82, 0x7c, 0xb3,
    0x2b, 0x44, 0x18, 0xc0, 0x1a, 0x80, 0x2d, 0x32,
    0x50, 0x3, 0x48, 0x4, 0x37, 0x65, 0x20, 0x1,
    0x36, 0x48, 0x0,

    /* U+00DC "Ü" */
    0x0, 0xd5, 0xec, 0x0, 0xaf, 0x70, 0xf, 0xa,
    0x85, 0x80, 0x14, 0x28, 0x3, 0xc2, 0xc3, 0x60,
    0x6, 0x1b, 0x0, 0xfa, 0x79, 0x80, 0x13, 0xcc,
    0x1, 0xff, 0xc6, 0x1f, 0xf4, 0x80, 0x7e, 0xdf,
    0xd0, 0xf, 0xff, 0xf8, 0x7, 0xff, 0xfc, 0x40,
    0x4, 0x1, 0xf8, 0x80, 0x40, 0x81, 0x4, 0x3,
    0xc8, 0x0, 0x50, 0xa0, 0x5, 0x8, 0x6, 0x2a,
    0x0, 0x50, 0x39, 0x82, 0x7c, 0xb3, 0x2b, 0x44,
    0x18, 0xc0, 0x1a, 0x80, 0x2d, 0x32, 0x50, 0x3,
    0x48, 0x4, 0x37, 0x65, 0x20, 0x1, 0x36, 0x48,
    0x0,

    /* U+00DD "Ý" */
    0x0, 0xfc, 0x9f, 0xe4, 0x0, 0xff, 0xe0, 0xc0,
    0x32, 0x0, 0x7f, 0xf0, 0xc, 0xc5, 0x20, 0x1f,
    0xfc, 0x29, 0xf0, 0xf, 0xfe, 0x11, 0xb1, 0x0,
    0x7c, 0x5f, 0xee, 0x10, 0xf, 0x93, 0xfd, 0x80,
    0x50, 0x3, 0x0, 0x1f, 0x48, 0x3, 0x80, 0xe,
    0x40, 0xc6, 0x1, 0xce, 0x40, 0xe4, 0x1, 0x70,
    0x3, 0x80, 0x30, 0xc0, 0xc, 0x0, 0x63, 0x60,
    0x27, 0x0, 0xac, 0x1, 0x40, 0x1e, 0x91, 0x8,
    0x10, 0x45, 0x5, 0x40, 0xf, 0xac, 0x1, 0x1,
    0x20, 0xb, 0x0, 0xfc, 0xa8, 0xc, 0xe4, 0x12,
    0x20, 0x1f, 0xd4, 0x0, 0x80, 0x36, 0x0, 0xff,
    0xc, 0x80, 0x5c, 0x1, 0xff, 0xc0, 0x60, 0x2,
    0x10, 0x7, 0xff, 0xfc, 0x3, 0xff, 0xaa,

    /* U+00DE "Þ" */
    0x3f, 0xf4, 0x0, 0x7f, 0xf6, 0x9f, 0xfe, 0xec,
    0x70, 0xf, 0xf0, 0x9c, 0x69, 0x0, 0x64, 0xcc,
    0xad, 0x80, 0xbc, 0x3, 0x19, 0xe4, 0x99, 0x1,
    0x28, 0x7, 0xf3, 0x0, 0x34, 0x3, 0xff, 0x80,
    0x20, 0x1f, 0xc8, 0x0, 0xf0, 0xf, 0x85, 0xa8,
    0x5, 0x80, 0x27, 0xff, 0xba, 0x44, 0x28, 0x3,
    0xfc, 0xba, 0x80, 0x19, 0x33, 0x1b, 0xdf, 0x44,
    0x1, 0xc6, 0x71, 0x8, 0x7, 0xff, 0x4c,

    /* U+00DF "ß" */
    0x0, 0x9b, 0x3b, 0xfa, 0x90, 0x3, 0xb2, 0x4c,
    0x40, 0x56, 0xe8, 0x2, 0x83, 0x2, 0x9b, 0x81,
    0x5, 0x60, 0x3, 0x0, 0xeb, 0x23, 0xe0, 0x3,
    0x40, 0x2, 0xe, 0x1, 0x88, 0x80, 0xe0, 0x20,
    0x1, 0x0, 0xc2, 0x40, 0x80, 0x1f, 0x8b, 0x40,
    0xa4, 0x3, 0xcb, 0xfa, 0x6d, 0x82, 0x1, 0xfe,
    0x6d, 0x30, 0xf, 0x26, 0x5c, 0x1, 0xe1, 0x0,
    0x70, 0x9a, 0x3e, 0x0, 0x2c, 0x3, 0xf8, 0xcc,
    0x8, 0x1, 0xff, 0xca, 0x23, 0x6, 0x0, 0xe1,
    0x33, 0x36, 0x0, 0x38, 0x3, 0x9f, 0x31, 0x22,
    0xe, 0xa0, 0x1f, 0x85, 0x2e, 0x0,

    /* U+00E0 "à" */
    0x0, 0x93, 0xfc, 0x80, 0x1f, 0x91, 0x82, 0x0,
    0x3f, 0xa4, 0x8c, 0xc0, 0x1f, 0xdd, 0xe, 0x1,
    0xfc, 0x6e, 0x80, 0x1f, 0x1d, 0x77, 0xf6, 0x38,
    0x6, 0x7c, 0x51, 0x1, 0x38, 0xc0, 0x2, 0x40,
    0x15, 0xf6, 0xb8, 0x1b, 0x83, 0x42, 0xe2, 0x9,
    0x41, 0x5, 0x81, 0x3d, 0x8, 0x6, 0x10, 0x20,
    0xc, 0x8f, 0x37, 0xc6, 0x1, 0xa7, 0xee, 0x19,
    0x0, 0x40, 0x29, 0x60, 0x39, 0xce, 0xe2, 0x0,
    0x4c, 0x9, 0x8c, 0x62, 0x2, 0x1, 0xc4, 0x1,
    0x85, 0x0, 0x23, 0x6, 0x60, 0x89, 0x70, 0x3,
    0x78, 0x2, 0x7b, 0x94, 0xa, 0x1, 0x1e, 0xa8,
    0x80, 0xb6, 0x98, 0x0,

    /* U+00E1 "á" */
    0x0, 0xfb, 0xbe, 0x40, 0x3f, 0x38, 0x94, 0x80,
    0x7e, 0x90, 0xe0, 0xf, 0xc5, 0x34, 0x60, 0x1f,
    0x89, 0xd4, 0x3, 0xe3, 0xae, 0xfe, 0xc7, 0x0,
    0xcf, 0x8a, 0x20, 0x27, 0x18, 0x0, 0x48, 0x2,
    0xbe, 0xd7, 0x3, 0x70, 0x68, 0x5c, 0x41, 0x28,
    0x20, 0xb0, 0x27, 0xa1, 0x0, 0xc2, 0x4, 0x1,
    0x91, 0xe6, 0xf8, 0xc0, 0x34, 0xfd, 0xc3, 0x20,
    0x8, 0x5, 0x2c, 0x7, 0x39, 0xdc, 0x40, 0x9,
    0x81, 0x31, 0x8c, 0x40, 0x40, 0x38, 0x80, 0x30,
    0xa0, 0x4, 0x60, 0xcc, 0x11, 0x2e, 0x0, 0x6f,
    0x0, 0x4f, 0x72, 0x81, 0x40, 0x23, 0xd5, 0x10,
    0x16, 0xd3, 0x0, 0x0,

    /* U+00E2 "â" */
    0x0, 0xc3, 0xbf, 0xe4, 0x0, 0xf1, 0x61, 0x40,
    0xda, 0x0, 0x62, 0xc2, 0x97, 0xd0, 0xb4, 0x0,
    0x8b, 0xbd, 0x80, 0xff, 0xc8, 0x1, 0xff, 0xc4,
    0x3a, 0xef, 0xec, 0x70, 0xc, 0xf8, 0xa2, 0x2,
    0x71, 0x80, 0x4, 0x80, 0x2b, 0xed, 0x70, 0x37,
    0x6, 0x85, 0xc4, 0x12, 0x82, 0xb, 0x2, 0x7a,
    0x10, 0xc, 0x20, 0x40, 0x19, 0x1e, 0x6f, 0x8c,
    0x3, 0x4f, 0xdc, 0x32, 0x0, 0x80, 0x52, 0xc0,
    0x73, 0x9d, 0xc4, 0x0, 0x98, 0x13, 0x18, 0xc4,
    0x4, 0x3, 0x88, 0x3, 0xa, 0x0, 0x46, 0xc,
    0xc1, 0x12, 0xe0, 0x6, 0xf0, 0x4, 0xf7, 0x28,
    0x14, 0x2, 0x3d, 0x51, 0x1, 0x6d, 0x30, 0x0,

    /* U+00E3 "ã" */
    0x0, 0xcc, 0xe8, 0x27, 0x2, 0x1, 0xaa, 0x62,
    0xfb, 0x1c, 0x3, 0x89, 0xf6, 0x9d, 0xd8, 0x20,
    0x1a, 0x20, 0x4b, 0x10, 0x30, 0xf, 0xfe, 0x29,
    0xd7, 0x7f, 0x63, 0x80, 0x67, 0xc5, 0x10, 0x13,
    0x8c, 0x0, 0x24, 0x1, 0x5f, 0x6b, 0x81, 0xb8,
    0x34, 0x2e, 0x20, 0x94, 0x10, 0x58, 0x13, 0xd0,
    0x80, 0x61, 0x2, 0x0, 0xc8, 0xf3, 0x7c, 0x60,
    0x1a, 0x7e, 0xe1, 0x90, 0x4, 0x2, 0x96, 0x3,
    0x9c, 0xee, 0x20, 0x4, 0xc0, 0x98, 0xc6, 0x20,
    0x20, 0x1c, 0x40, 0x18, 0x50, 0x2, 0x30, 0x66,
    0x8, 0x97, 0x0, 0x37, 0x80, 0x27, 0xb9, 0x40,
    0xa0, 0x11, 0xea, 0x88, 0xb, 0x69, 0x80, 0x0,

    /* U+00E4 "ä" */
    0x0, 0x91, 0x80, 0x24, 0x60, 0xc, 0x77, 0x30,
    0x7, 0x73, 0x0, 0x10, 0x80, 0x3c, 0x4, 0x3,
    0xc5, 0x94, 0xe0, 0x59, 0x50, 0x1, 0x8d, 0x40,
    0x23, 0x50, 0xe, 0x3a, 0xef, 0xec, 0x70, 0xc,
    0xf8, 0xa2, 0x2, 0x71, 0x80, 0x4, 0x80, 0x2b,
    0xed, 0x70, 0x37, 0x6, 0x85, 0xc4, 0x12, 0x82,
    0xb, 0x2, 0x7a, 0x10, 0xc, 0x20, 0x40, 0x19,
    0x1e, 0x6f, 0x8c, 0x3, 0x4f, 0xdc, 0x32, 0x0,
    0x80, 0x52, 0xc0, 0x73, 0x9d, 0xc4, 0x0, 0x98,
    0x13, 0x18, 0xc4, 0x4, 0x3, 0x88, 0x3, 0xa,
    0x0, 0x46, 0xc, 0xc1, 0x12, 0xe0, 0x6, 0xf0,
    0x4, 0xf7, 0x28, 0x14, 0x2, 0x3d, 0x51, 0x1,
    0x6d, 0x30, 0x0,

    /* U+00E5 "å" */
    0x0, 0xc5, 0x7f, 0xaa, 0x1, 0xe1, 0xc5, 0x71,
    0xa5, 0x0, 0xe7, 0x1b, 0x8c, 0xe, 0x0, 0xff,
    0xe2, 0xb8, 0xdc, 0x60, 0x70, 0x7, 0xe, 0x93,
    0x8c, 0xa8, 0x7, 0x8f, 0x3f, 0x58, 0x3, 0xc7,
    0x5d, 0xfd, 0x8e, 0x1, 0x9f, 0x14, 0x40, 0x4e,
    0x30, 0x0, 0x90, 0x5, 0x7d, 0xae, 0x6, 0xe0,
    0xd0, 0xb8, 0x82, 0x50, 0x41, 0x60, 0x4f, 0x42,
    0x1, 0x84, 0x8, 0x3, 0x23, 0xcd, 0xf1, 0x80,
    0x69, 0xfb, 0x86, 0x40, 0x10, 0xa, 0x58, 0xe,
    0x73, 0xb8, 0x80, 0x13, 0x2, 0x63, 0x18, 0x80,
    0x80, 0x71, 0x0, 0x61, 0x40, 0x8, 0xc1, 0x98,
    0x22, 0x5c, 0x0, 0xde, 0x0, 0x9e, 0xe5, 0x2,
    0x80, 0x47, 0xaa, 0x20, 0x2d, 0xa6, 0x0,

    /* U+00E6 "æ" */
    0x0, 0x8e, 0xbb, 0xfd, 0x8a, 0x0, 0x6c, 0xff,
    0x6c, 0x8, 0x6, 0x8c, 0x51, 0x0, 0x1d, 0x45,
    0xc9, 0x80, 0x9, 0xfc, 0xc0, 0xa, 0xe0, 0x75,
    0xba, 0x60, 0x74, 0x8, 0xdd, 0x48, 0x8b, 0x40,
    0x9, 0x4f, 0x8a, 0x44, 0x92, 0x0, 0x5b, 0x91,
    0x1b, 0x40, 0x5c, 0x5, 0x60, 0x3, 0x98, 0x0,
    0x80, 0x18, 0xcc, 0x18, 0x1, 0x24, 0xe6, 0xf7,
    0x10, 0x1, 0xdd, 0xe3, 0x6, 0x1, 0xcb, 0x63,
    0x21, 0x10, 0x4, 0x23, 0xe0, 0x1, 0x85, 0x98,
    0x3e, 0xff, 0xc6, 0x9, 0xff, 0xfb, 0x81, 0x41,
    0x60, 0x80, 0x21, 0x6, 0x0, 0xff, 0xe0, 0x18,
    0x6, 0x22, 0x1, 0x28, 0x6, 0x1d, 0xb5, 0x3,
    0x6, 0x72, 0x23, 0x60, 0x5, 0x50, 0x64, 0xb8,
    0x48, 0xc1, 0xe0, 0x8, 0xdd, 0x48, 0xb7, 0x18,
    0x3e, 0x6d, 0x10, 0x49, 0x81, 0xea, 0x88, 0xa,
    0xdc, 0x8e, 0x49, 0x80, 0x5, 0x71, 0x80,

    /* U+00E7 "ç" */
    0x0, 0x9b, 0x3b, 0xf6, 0x48, 0x2, 0x1c, 0x93,
    0x10, 0x26, 0xd4, 0x0, 0x51, 0x82, 0xde, 0xc8,
    0x85, 0x92, 0x20, 0x1a, 0x90, 0x9b, 0x0, 0xb,
    0xa0, 0x8, 0x0, 0xc5, 0xbe, 0xea, 0x4, 0x20,
    0x1c, 0x40, 0x1, 0x1, 0x0, 0xfe, 0x10, 0x10,
    0xf, 0xe5, 0x2, 0x10, 0xe, 0x31, 0xd, 0x0,
    0x40, 0x6, 0x2c, 0xe9, 0x44, 0x3, 0x51, 0x93,
    0x60, 0x2, 0x82, 0x8c, 0x17, 0x36, 0x44, 0x2c,
    0xc0, 0x72, 0x4c, 0x0, 0x4d, 0xa8, 0x1, 0x9b,
    0x1c, 0xb6, 0x48, 0x3, 0xe2, 0x27, 0xc8, 0x7,
    0xea, 0xe4, 0x60, 0xf, 0xc8, 0xac, 0x1, 0xf8,
    0xae, 0xc1, 0x40, 0x10,

    /* U+00E8 "è" */
    0x0, 0xb3, 0xec, 0x3, 0xfd, 0xc0, 0x86, 0x1,
    0xfc, 0x50, 0x10, 0x1, 0xfe, 0x79, 0xd0, 0xf,
    0xf9, 0x98, 0x1, 0xfc, 0xd9, 0xdf, 0xb2, 0x20,
    0x18, 0x72, 0x4c, 0x40, 0x9b, 0x90, 0x2, 0xa3,
    0x7, 0xdd, 0x50, 0x85, 0x88, 0x22, 0x2, 0x60,
    0x88, 0xb8, 0x0, 0x90, 0xd0, 0x16, 0x0, 0xc4,
    0x80, 0xa0, 0xa0, 0x3d, 0xde, 0x40, 0x20, 0x10,
    0x0, 0x8f, 0x80, 0x30, 0x81, 0xff, 0xff, 0x2,
    0x81, 0x0, 0x7f, 0xb4, 0x5, 0xc0, 0x3b, 0x29,
    0x41, 0x10, 0x11, 0x26, 0x49, 0x86, 0xa6, 0x0,
    0xa3, 0x6, 0xcd, 0xb3, 0x6, 0x60, 0x0, 0x72,
    0x50, 0x40, 0x56, 0xe4, 0x0,

    /* U+00E9 "é" */
    0x0, 0xf4, 0x7f, 0x8, 0x7, 0xe1, 0x70, 0xb1,
    0x0, 0xfc, 0xc0, 0xaa, 0x0, 0xfe, 0x28, 0xb0,
    0xf, 0xf2, 0xb8, 0x80, 0x7e, 0x6c, 0xef, 0xd9,
    0x10, 0xc, 0x39, 0x26, 0x20, 0x4d, 0xc8, 0x1,
    0x51, 0x83, 0xee, 0xa8, 0x42, 0xc4, 0x11, 0x1,
    0x30, 0x44, 0x5c, 0x0, 0x48, 0x68, 0xb, 0x0,
    0x62, 0x40, 0x50, 0x50, 0x1e, 0xef, 0x20, 0x10,
    0x8, 0x0, 0x47, 0xc0, 0x18, 0x40, 0xff, 0xff,
    0x81, 0x40, 0x80, 0x3f, 0xda, 0x2, 0xe0, 0x1d,
    0x94, 0xa0, 0x88, 0x8, 0x93, 0x24, 0xc3, 0x53,
    0x0, 0x51, 0x83, 0x66, 0xd9, 0x83, 0x30, 0x0,
    0x39, 0x28, 0x20, 0x2b, 0x72, 0x0,

    /* U+00EA "ê" */
    0x0, 0xd1, 0xfe, 0xb0, 0xf, 0xd0, 0xe6, 0xc9,
    0x40, 0x1e, 0x97, 0x2d, 0x95, 0x55, 0x0, 0x74,
    0xfe, 0x88, 0x57, 0xd0, 0x7, 0xff, 0x1d, 0xb3,
    0xbf, 0x64, 0x40, 0x30, 0xe4, 0x98, 0x81, 0x37,
    0x20, 0x5, 0x46, 0xf, 0xba, 0xa1, 0xb, 0x10,
    0x44, 0x4, 0xc1, 0x11, 0x70, 0x1, 0x21, 0xa0,
    0x2c, 0x1, 0x89, 0x1, 0x41, 0x40, 0x7b, 0xbc,
    0x80, 0x40, 0x20, 0x1, 0x1f, 0x0, 0x61, 0x3,
    0xff, 0xfe, 0x5, 0x2, 0x0, 0xff, 0x68, 0xb,
    0x80, 0x76, 0x52, 0x82, 0x20, 0x22, 0x4c, 0x93,
    0xd, 0x4c, 0x1, 0x46, 0xd, 0x9b, 0x66, 0xc,
    0xc0, 0x0, 0xe4, 0xa0, 0x80, 0xad, 0xc8, 0x0,

    /* U+00EB "ë" */
    0x0, 0xb, 0x98, 0x0, 0x5c, 0xc0, 0x3b, 0x63,
    0x0, 0x1b, 0x18, 0x1, 0xce, 0x2, 0x0, 0x70,
    0x10, 0xe, 0xaa, 0x60, 0x2, 0xeb, 0x0, 0x38,
    0x54, 0x80, 0x25, 0x20, 0xf, 0x36, 0x77, 0xec,
    0x88, 0x6, 0x1c, 0x93, 0x10, 0x26, 0xe4, 0x0,
    0xa8, 0xc1, 0xf7, 0x54, 0x21, 0x62, 0x8, 0x80,
    0x98, 0x22, 0x2e, 0x0, 0x24, 0x34, 0x5, 0x80,
    0x31, 0x20, 0x28, 0x28, 0xf, 0x77, 0x90, 0x8,
    0x4, 0x0, 0x23, 0xe0, 0xc, 0x20, 0x7f, 0xff,
    0xc0, 0xa0, 0x40, 0x1f, 0xed, 0x1, 0x70, 0xe,
    0xca, 0x50, 0x44, 0x4, 0x49, 0x92, 0x61, 0xa9,
    0x80, 0x28, 0xc1, 0xb3, 0x6c, 0xc1, 0x98, 0x0,
    0x1c, 0x94, 0x10, 0x15, 0xb9, 0x0, 0x0,

    /* U+00EC "ì" */
    0xd, 0xfa, 0x0, 0xb8, 0x14, 0x80, 0x6, 0xe1,
    0x60, 0x14, 0x4f, 0x80, 0x66, 0x60, 0x4, 0x9f,
    0xe5, 0x0, 0xff, 0xfe, 0x0,

    /* U+00ED "í" */
    0x0, 0x4f, 0xf0, 0x0, 0x58, 0x28, 0x1, 0x0,
    0xc8, 0x0, 0xf9, 0x90, 0x4, 0xcc, 0x0, 0x93,
    0xfc, 0xa0, 0x1f, 0xff, 0xe0,

    /* U+00EE "î" */
    0x0, 0xa3, 0xfd, 0x20, 0x1c, 0xce, 0x44, 0x66,
    0x0, 0x49, 0x21, 0xfe, 0x9, 0x40, 0x1, 0xbd,
    0x91, 0x31, 0xcc, 0x0, 0xf0, 0x80, 0x3, 0x87,
    0x0, 0xc9, 0xfe, 0x50, 0xf, 0xff, 0xf8, 0x7,
    0xff, 0x90,

    /* U+00EF "ï" */
    0x27, 0x20, 0x1, 0x39, 0x7, 0xc6, 0x0, 0x3e,
    0x30, 0x2, 0x30, 0x0, 0x80, 0x59, 0x38, 0x0,
    0xd9, 0xf0, 0x16, 0x10, 0x0, 0xb0, 0x80, 0x49,
    0xfe, 0x50, 0xf, 0xff, 0xf8, 0x7, 0xff, 0x60,

    /* U+00F0 "ð" */
    0x0, 0xff, 0xe1, 0xf4, 0x88, 0x4, 0xc0, 0x18,
    0x81, 0xbd, 0xdd, 0xd2, 0x40, 0x11, 0x73, 0xc,
    0x41, 0x34, 0x80, 0x21, 0x86, 0x0, 0xc4, 0x1,
    0x91, 0xdb, 0xb0, 0x56, 0x0, 0x32, 0xf4, 0x89,
    0xd0, 0x3a, 0x0, 0x43, 0x1d, 0xfa, 0x4e, 0x10,
    0x0, 0x3f, 0x61, 0x3, 0x93, 0x3, 0x30, 0x70,
    0x8a, 0xff, 0xb1, 0x80, 0x16, 0xc4, 0x14, 0x80,
    0x3, 0xf0, 0x2, 0x68, 0x12, 0x0, 0x62, 0x40,
    0x26, 0x6, 0x0, 0xf1, 0x80, 0x80, 0x7f, 0xc2,
    0xc0, 0xa0, 0x1e, 0x30, 0x5e, 0x1, 0x60, 0xc,
    0x68, 0x1a, 0xa4, 0x13, 0x6, 0x4d, 0xa0, 0x4c,
    0x1e, 0x40, 0xf9, 0xb2, 0x25, 0xe0, 0x2, 0xd8,
    0x30, 0x1, 0x46, 0x10, 0x0,

    /* U+00F1 "ñ" */
    0x0, 0x89, 0xd4, 0x0, 0xcc, 0x0, 0xc3, 0x91,
    0x5d, 0x53, 0x80, 0x19, 0x6, 0x29, 0x54, 0x50,
    0x1, 0x97, 0xdd, 0x6f, 0xf4, 0x80, 0x3f, 0xf8,
    0x49, 0xfe, 0x32, 0xae, 0xfd, 0x60, 0xe, 0x5c,
    0x51, 0x2, 0x9a, 0x0, 0xd2, 0x99, 0xd6, 0x20,
    0xa6, 0x1, 0x1d, 0x18, 0xa6, 0x80, 0x2c, 0x2,
    0xa0, 0xc, 0x60, 0x2, 0x0, 0x8c, 0x3, 0x84,
    0x4, 0x3, 0xff, 0xfe, 0x1, 0xfc,

    /* U+00F2 "ò" */
    0x0, 0xaf, 0xf4, 0x3, 0xfd, 0x42, 0x4a, 0x1,
    0xfc, 0x36, 0x10, 0x1, 0xfe, 0x59, 0xa1, 0x0,
    0xff, 0x33, 0x88, 0x7, 0xe6, 0xce, 0xfd, 0x92,
    0x0, 0xc3, 0x72, 0x62, 0x4, 0xda, 0xa0, 0x15,
    0x20, 0x2e, 0x6c, 0x88, 0x51, 0x82, 0x20, 0x1a,
    0x8c, 0x9b, 0x0, 0x1e, 0x1a, 0x0, 0x80, 0xc,
    0x4c, 0x6, 0x2a, 0x4, 0x20, 0x1d, 0x80, 0x5,
    0x10, 0x10, 0xf, 0x8, 0x0, 0x44, 0x2, 0x1,
    0xe1, 0x0, 0xa, 0x81, 0x8, 0x7, 0x60, 0x1,
    0x74, 0x1, 0x0, 0x18, 0x98, 0xc, 0x51, 0x0,
    0xd4, 0x64, 0xd8, 0x0, 0xf0, 0x5, 0x20, 0x2e,
    0x6c, 0x88, 0x51, 0x80, 0x6, 0xe4, 0xc4, 0x9,
    0xb5, 0x40, 0x0,

    /* U+00F3 "ó" */
    0x0, 0xf3, 0x7f, 0x88, 0x3, 0xfa, 0xc2, 0x8,
    0x3, 0xf2, 0x91, 0xb8, 0x7, 0xf0, 0xc7, 0x0,
    0x7f, 0x91, 0xc8, 0x3, 0xf3, 0x67, 0x7e, 0xc9,
    0x0, 0x61, 0xb9, 0x31, 0x2, 0x6d, 0x50, 0xa,
    0x90, 0x17, 0x36, 0x44, 0x28, 0xc1, 0x10, 0xd,
    0x46, 0x4d, 0x80, 0xf, 0xd, 0x0, 0x40, 0x6,
    0x26, 0x3, 0x15, 0x2, 0x10, 0xe, 0xc0, 0x2,
    0x88, 0x8, 0x7, 0x84, 0x0, 0x22, 0x1, 0x0,
    0xf0, 0x80, 0x5, 0x40, 0x84, 0x3, 0xb0, 0x0,
    0xba, 0x0, 0x80, 0xc, 0x4c, 0x6, 0x28, 0x80,
    0x6a, 0x32, 0x6c, 0x0, 0x78, 0x2, 0x90, 0x17,
    0x36, 0x44, 0x28, 0xc0, 0x3, 0x72, 0x62, 0x4,
    0xda, 0xa0, 0x0,

    /* U+00F4 "ô" */
    0x0, 0xcd, 0xfe, 0xc0, 0xf, 0xcd, 0x24, 0xe7,
    0x80, 0x1e, 0x69, 0x1f, 0x87, 0x3c, 0x0, 0xe6,
    0xfe, 0x20, 0x8f, 0xc0, 0xf, 0xfe, 0x3b, 0x67,
    0x7e, 0xc9, 0x0, 0x61, 0xb9, 0x31, 0x2, 0x6d,
    0x50, 0xa, 0x90, 0x17, 0x36, 0x44, 0x28, 0xc1,
    0x10, 0xd, 0x46, 0x4d, 0x80, 0xf, 0xd, 0x0,
    0x40, 0x6, 0x26, 0x3, 0x15, 0x2, 0x10, 0xe,
    0xc0, 0x2, 0x88, 0x8, 0x7, 0x84, 0x0, 0x22,
    0x1, 0x0, 0xf0, 0x80, 0x5, 0x40, 0x84, 0x3,
    0xb0, 0x0, 0xba, 0x0, 0x80, 0xc, 0x4c, 0x6,
    0x28, 0x80, 0x6a, 0x32, 0x6c, 0x0, 0x78, 0x2,
    0x90, 0x17, 0x36, 0x44, 0x28, 0xc0, 0x3, 0x72,
    0x62, 0x4, 0xda, 0xa0, 0x0,

    /* U+00F5 "õ" */
    0x0, 0x89, 0xd8, 0xc1, 0x98, 0x1, 0xc3, 0xb1,
    0x39, 0xf3, 0xe0, 0x1c, 0x4d, 0x59, 0xd, 0x12,
    0x1, 0xc7, 0x2a, 0x6f, 0x2e, 0x1, 0xff, 0xc8,
    0x6c, 0xef, 0xd9, 0x20, 0xc, 0x37, 0x26, 0x20,
    0x4d, 0xaa, 0x1, 0x52, 0x2, 0xe6, 0xc8, 0x85,
    0x18, 0x22, 0x1, 0xa8, 0xc9, 0xb0, 0x1, 0xe1,
    0xa0, 0x8, 0x0, 0xc4, 0xc0, 0x62, 0xa0, 0x42,
    0x1, 0xd8, 0x0, 0x51, 0x1, 0x0, 0xf0, 0x80,
    0x4, 0x40, 0x20, 0x1e, 0x10, 0x0, 0xa8, 0x10,
    0x80, 0x76, 0x0, 0x17, 0x40, 0x10, 0x1, 0x89,
    0x80, 0xc5, 0x10, 0xd, 0x46, 0x4d, 0x80, 0xf,
    0x0, 0x52, 0x2, 0xe6, 0xc8, 0x85, 0x18, 0x0,
    0x6e, 0x4c, 0x40, 0x9b, 0x54, 0x0,

    /* U+00F6 "ö" */
    0x0, 0xb, 0x98, 0x4, 0xc8, 0x1, 0xd7, 0x18,
    0x21, 0x53, 0x64, 0x1, 0x8c, 0x3, 0x18, 0x0,
    0xc0, 0x34, 0xd6, 0x88, 0x4d, 0x60, 0x80, 0x72,
    0x90, 0x4, 0xa6, 0x1, 0xe6, 0xce, 0xfd, 0x92,
    0x0, 0xc3, 0x72, 0x62, 0x4, 0xda, 0xa0, 0x15,
    0x20, 0x2e, 0x6c, 0x88, 0x51, 0x82, 0x20, 0x1a,
    0x8c, 0x9b, 0x0, 0x1e, 0x1a, 0x0, 0x80, 0xc,
    0x4c, 0x6, 0x2a, 0x4, 0x20, 0x1d, 0x80, 0x5,
    0x10, 0x10, 0xf, 0x8, 0x0, 0x44, 0x2, 0x1,
    0xe1, 0x0, 0xa, 0x81, 0x8, 0x7, 0x60, 0x1,
    0x74, 0x1, 0x0, 0x18, 0x98, 0xc, 0x51, 0x0,
    0xd4, 0x64, 0xd8, 0x0, 0xf0, 0x5, 0x20, 0x2e,
    0x6c, 0x88, 0x51, 0x80, 0x6, 0xe4, 0xc4, 0x9,
    0xb5, 0x40, 0x0,

    /* U+00F7 "÷" */
    0x0, 0xc7, 0xdc, 0x30, 0xf, 0xd2, 0x22, 0x90,
    0xf, 0xd8, 0x0, 0xc0, 0xf, 0xcd, 0x98, 0x60,
    0xf, 0xe3, 0x30, 0x7, 0x57, 0xff, 0xfa, 0x80,
    0x3f, 0xf8, 0x11, 0x99, 0xfe, 0x82, 0x33, 0xff,
    0x10, 0x6, 0x3d, 0xd1, 0x80, 0x7e, 0x92, 0x24,
    0x80, 0x7e, 0xc0, 0x6, 0x0, 0x7e, 0x6c, 0xc3,
    0x0, 0x60,

    /* U+00F8 "ø" */
    0x0, 0xff, 0xe0, 0x10, 0x7, 0x36, 0x77, 0xec,
    0x93, 0xe9, 0x80, 0x6, 0xe4, 0xc4, 0x9, 0xb6,
    0xc, 0xc0, 0xa, 0x40, 0x5c, 0xd9, 0x0, 0xa0,
    0x0, 0x88, 0x6, 0xa3, 0x24, 0x0, 0xa0, 0x1,
    0xa0, 0x8, 0x0, 0xe, 0x1, 0x81, 0x88, 0x28,
    0x10, 0x80, 0x30, 0x6e, 0x40, 0xa, 0x2, 0x2,
    0x0, 0xb2, 0x94, 0x10, 0x0, 0x80, 0x80, 0x85,
    0x23, 0xb0, 0x8, 0x0, 0x41, 0x40, 0xa5, 0x55,
    0x0, 0xc, 0x0, 0x28, 0x68, 0x1, 0x92, 0x80,
    0x4, 0xc0, 0x62, 0x8, 0x1, 0x8c, 0x9b, 0x0,
    0x1e, 0x0, 0x30, 0x9, 0x33, 0x64, 0x42, 0x8c,
    0x1, 0xe1, 0x92, 0x62, 0x4, 0xda, 0xa0, 0x16,
    0xe1, 0xb6, 0x77, 0xec, 0x90, 0x4,

    /* U+00F9 "ù" */
    0x0, 0xaf, 0xf4, 0x3, 0xfa, 0x84, 0x90, 0x3,
    0xf0, 0xd8, 0x40, 0x7, 0xf2, 0xcd, 0x80, 0x7f,
    0x99, 0xc0, 0x39, 0x3f, 0xca, 0x1, 0xdd, 0xf6,
    0x1, 0xff, 0xff, 0x0, 0xfe, 0x70, 0x1, 0x80,
    0x70, 0x80, 0x8, 0x1, 0xa0, 0x19, 0x80, 0x21,
    0x20, 0x4a, 0x44, 0x44, 0x88, 0x5, 0x20, 0x5,
    0xbb, 0x3c, 0x10, 0x4, 0x98, 0x82, 0x7, 0x4e,
    0x1, 0x0,

    /* U+00FA "ú" */
    0x0, 0xf3, 0x7f, 0x88, 0x3, 0xf4, 0x4, 0x10,
    0x7, 0xcc, 0x26, 0xe0, 0x1f, 0x8e, 0x38, 0x3,
    0xf9, 0x5c, 0x80, 0x32, 0x7f, 0x94, 0x3, 0xbb,
    0xec, 0x3, 0xff, 0xfe, 0x1, 0xfc, 0xe0, 0x3,
    0x0, 0xe1, 0x0, 0x10, 0x3, 0x40, 0x33, 0x0,
    0x42, 0x40, 0x94, 0x88, 0x89, 0x10, 0xa, 0x40,
    0xb, 0x76, 0x78, 0x20, 0x9, 0x31, 0x4, 0xe,
    0x9c, 0x2,

    /* U+00FB "û" */
    0x0, 0xcd, 0xfe, 0xc0, 0xf, 0x9e, 0x49, 0xcf,
    0x0, 0x39, 0xe0, 0x72, 0x18, 0xf0, 0x3, 0x3f,
    0xf0, 0x84, 0xfe, 0x0, 0x7f, 0xf0, 0x93, 0xfc,
    0xa0, 0x1d, 0xdf, 0x60, 0x1f, 0xff, 0xf0, 0xf,
    0xe7, 0x0, 0x18, 0x7, 0x8, 0x0, 0x80, 0x1a,
    0x1, 0x98, 0x2, 0x12, 0x4, 0xa4, 0x44, 0x48,
    0x80, 0x52, 0x0, 0x5b, 0xb3, 0xc1, 0x0, 0x49,
    0x88, 0x20, 0x74, 0xe0, 0x10,

    /* U+00FC "ü" */
    0x0, 0xb, 0x98, 0x0, 0x5c, 0xc0, 0x35, 0xc6,
    0x8, 0x5c, 0x60, 0x80, 0x7e, 0x30, 0xf, 0x55,
    0x34, 0x42, 0x6b, 0x44, 0x3, 0x29, 0x0, 0x4a,
    0x40, 0x4, 0xff, 0x28, 0x7, 0x77, 0xd8, 0x7,
    0xff, 0xfc, 0x3, 0xf9, 0xc0, 0x6, 0x1, 0xc2,
    0x0, 0x20, 0x6, 0x80, 0x66, 0x0, 0x84, 0x81,
    0x29, 0x11, 0x12, 0x20, 0x14, 0x80, 0x16, 0xec,
    0xf0, 0x40, 0x12, 0x62, 0x8, 0x1d, 0x38, 0x4,

    /* U+00FD "ý" */
    0x0, 0xfa, 0xff, 0x0, 0x3f, 0xc6, 0x81, 0xc0,
    0x1f, 0xe9, 0x8, 0x20, 0xf, 0xf6, 0x4b, 0x80,
    0x7f, 0xcc, 0xc0, 0xf, 0x27, 0xfa, 0x0, 0x3d,
    0x5f, 0xe1, 0x41, 0x5, 0x0, 0xe1, 0x50, 0x41,
    0x6, 0x2, 0x30, 0xc, 0xe0, 0xf, 0x0, 0x50,
    0x2, 0xc0, 0x35, 0x0, 0xa0, 0x0, 0x90, 0x18,
    0x2, 0x13, 0x6, 0x0, 0xdc, 0x2, 0x80, 0x6,
    0x0, 0x50, 0x6, 0x50, 0x6, 0x80, 0x28, 0xc,
    0x80, 0x39, 0x81, 0xc0, 0x88, 0x14, 0x1, 0xea,
    0x1, 0x35, 0x0, 0x30, 0x7, 0x8c, 0x82, 0xec,
    0xa, 0x1, 0xfa, 0x81, 0x4c, 0x24, 0x3, 0xf3,
    0x1, 0x1, 0x18, 0x7, 0xe1, 0x40, 0x5, 0x0,
    0x7f, 0x88, 0x0, 0xc0, 0x1f, 0xe7, 0x4, 0x10,
    0xf, 0x90, 0xe8, 0x43, 0xc0, 0x3e, 0x1b, 0xc5,
    0x5, 0x40, 0xf, 0x94, 0x40, 0xa2, 0x80, 0x3e,

    /* U+00FE "þ" */
    0x4f, 0xf2, 0x80, 0x7f, 0xfa, 0xa, 0xbb, 0xf5,
    0xc0, 0x3c, 0x78, 0xa2, 0x5, 0x18, 0x20, 0x1a,
    0x42, 0xb6, 0xd0, 0xe, 0xc0, 0x3b, 0xd4, 0x92,
    0xd0, 0x14, 0x80, 0x26, 0x10, 0xd, 0xe0, 0x5,
    0x0, 0xb0, 0x3, 0x90, 0x1, 0xc0, 0x10, 0x80,
    0x7e, 0x20, 0x8, 0x40, 0x3f, 0x10, 0x5, 0x80,
    0x1c, 0x80, 0xe, 0x0, 0x98, 0x80, 0x34, 0x0,
    0x14, 0x3, 0x63, 0x12, 0x59, 0x82, 0x90, 0x5,
    0x21, 0x3b, 0x68, 0x7, 0x60, 0x18, 0xf1, 0x44,
    0xa, 0x30, 0x40, 0x38, 0xab, 0xbf, 0x5c, 0x3,
    0xff, 0xd6,

    /* U+00FF "ÿ" */
    0x0, 0x8d, 0xc4, 0x0, 0x4e, 0x20, 0x1e, 0xc8,
    0xd0, 0x6, 0xc6, 0x80, 0x78, 0x41, 0xc0, 0x2,
    0x1, 0xfb, 0x2a, 0x80, 0xc, 0xad, 0x0, 0xf1,
    0x28, 0x80, 0x9, 0x44, 0x2, 0x4f, 0xf4, 0x0,
    0x7a, 0xbf, 0xc2, 0x82, 0xa, 0x1, 0xc2, 0xa0,
    0x82, 0xc, 0x4, 0x60, 0x19, 0xc0, 0x1e, 0x0,
    0xa0, 0x5, 0x80, 0x6a, 0x1, 0x40, 0x1, 0x20,
    0x30, 0x4, 0x26, 0xc, 0x1, 0xb8, 0x5, 0x0,
    0xc, 0x0, 0xa0, 0xc, 0xa0, 0xd, 0x0, 0x50,
    0x19, 0x0, 0x73, 0x3, 0x81, 0x10, 0x28, 0x3,
    0xd4, 0x2, 0x6a, 0x0, 0x60, 0xf, 0x19, 0x5,
    0xd8, 0x14, 0x3, 0xf5, 0x2, 0x98, 0x48, 0x7,
    0xe6, 0x2, 0x2, 0x30, 0xf, 0xc2, 0x80, 0xa,
    0x0, 0xff, 0x10, 0x1, 0x80, 0x3f, 0xce, 0x8,
    0x20, 0x1f, 0x21, 0xd0, 0x87, 0x80, 0x7c, 0x37,
    0x8a, 0xa, 0x80, 0x1f, 0x28, 0x81, 0x45, 0x0,
    0x7c,

    /* U+0150 "Ő" */
    0x0, 0xe4, 0xaa, 0x8, 0x55, 0x18, 0x3, 0xfa,
    0x14, 0xc5, 0xd5, 0x1c, 0x3, 0xf1, 0x18, 0x40,
    0xc8, 0x50, 0x80, 0x7e, 0x42, 0x81, 0x63, 0x84,
    0x0, 0xfe, 0x6d, 0x70, 0x7d, 0x70, 0xf, 0xf8,
    0xe2, 0xa9, 0x2a, 0x1, 0xfc, 0x59, 0x87, 0x55,
    0x35, 0x7b, 0x0, 0x78, 0xf0, 0xc0, 0x4, 0x62,
    0x0, 0x99, 0x0, 0x61, 0xd1, 0x7, 0xed, 0xce,
    0xa1, 0x6, 0x60, 0x5, 0x62, 0x11, 0x1, 0x0,
    0x97, 0x4, 0x24, 0x40, 0x54, 0xd, 0xc0, 0x3c,
    0x50, 0x0, 0x60, 0x40, 0x5, 0x0, 0x7e, 0x60,
    0x5, 0x86, 0x80, 0x10, 0x3, 0xf9, 0x0, 0xc0,
    0x80, 0x4, 0x1, 0xfc, 0x20, 0x1f, 0xfc, 0x43,
    0x0, 0x8c, 0x0, 0x20, 0x1f, 0xc4, 0x1, 0x70,
    0x0, 0x80, 0x3f, 0x98, 0x4, 0x10, 0x1, 0x60,
    0x1f, 0x88, 0x80, 0x80, 0x62, 0xe, 0x20, 0x1f,
    0x40, 0x3, 0x80, 0x16, 0x0, 0xd1, 0x0, 0xe7,
    0x50, 0x34, 0x0, 0x2a, 0x80, 0xfe, 0x10, 0xdb,
    0x20, 0x1, 0xc0, 0x1a, 0x94, 0x5, 0xef, 0x24,
    0xc0, 0x74, 0x80, 0x3a, 0xa8, 0x60, 0x18, 0x5f,
    0xc8, 0x3, 0xe5, 0xcf, 0xcc, 0x6f, 0x40, 0x80,
    0x60,

    /* U+0151 "ő" */
    0x0, 0x85, 0x54, 0x20, 0x8a, 0x80, 0x1d, 0x15,
    0x2, 0x77, 0x42, 0x1, 0xcc, 0x12, 0x1e, 0xe,
    0xa0, 0x19, 0x81, 0x10, 0xa6, 0x68, 0x0, 0xe7,
    0xca, 0x7, 0xcd, 0x0, 0xf0, 0x98, 0x90, 0x90,
    0x80, 0x78, 0x67, 0xf7, 0x3b, 0x54, 0x3, 0x17,
    0xb0, 0x6, 0x2a, 0x80, 0xb, 0x84, 0x23, 0xfd,
    0xa6, 0xe, 0x80, 0x86, 0xe, 0xe0, 0x1, 0x68,
    0x84, 0x7, 0x0, 0x24, 0x3, 0xb, 0x1, 0x93,
    0x1, 0x8, 0x7, 0x68, 0x1, 0x84, 0x4, 0x3,
    0xc2, 0x0, 0x11, 0x0, 0x80, 0x78, 0x40, 0x2,
    0xc0, 0x42, 0x1, 0xda, 0x0, 0x6e, 0x0, 0x48,
    0x6, 0x16, 0x3, 0x24, 0x30, 0x76, 0x0, 0x16,
    0x88, 0x40, 0x3, 0x84, 0x27, 0xfd, 0xa6, 0xe,
    0x80, 0x2, 0xf6, 0x0, 0xc5, 0x50, 0x1, 0x86,
    0x7f, 0x73, 0xb5, 0x40, 0x20,

    /* U+0170 "Ű" */
    0x0, 0xe8, 0xa8, 0x3, 0xaa, 0x18, 0x7, 0x85,
    0xd7, 0x3, 0xd4, 0x4c, 0x3, 0xcc, 0x8, 0x85,
    0x32, 0xa0, 0xf, 0xb0, 0xa4, 0x38, 0xb8, 0x40,
    0x3e, 0xbd, 0x20, 0xbd, 0x30, 0xe, 0x77, 0x20,
    0x7, 0xe6, 0x76, 0x18, 0x86, 0x80, 0x7e, 0xb8,
    0xb0, 0xf, 0xff, 0xf8, 0x7, 0xff, 0xfc, 0x40,
    0x4, 0x1, 0xf8, 0xc0, 0x40, 0x81, 0x0, 0x3e,
    0x31, 0x6, 0x5, 0x0, 0x50, 0x7, 0xf, 0x80,
    0x38, 0x24, 0x41, 0x71, 0x4c, 0xcd, 0xe6, 0x8,
    0x80, 0x1d, 0x10, 0x3a, 0xcc, 0x48, 0x81, 0xd0,
    0x4, 0x7e, 0xe2, 0x1, 0x8a, 0x30, 0x40, 0x30,
    0xc7, 0x6e, 0x63, 0xb5, 0xc0, 0x20,

    /* U+0171 "ű" */
    0x0, 0x85, 0x54, 0x0, 0x45, 0x30, 0xd, 0x75,
    0x0, 0x77, 0x4e, 0x1, 0x94, 0x24, 0x3c, 0x1d,
    0x0, 0x26, 0x4, 0x42, 0x99, 0xa0, 0x3, 0x26,
    0x50, 0x3e, 0x68, 0x6, 0x13, 0x30, 0x81, 0x18,
    0x8e, 0x4e, 0xe2, 0x80, 0x77, 0xf5, 0x0, 0x7f,
    0xff, 0xc0, 0x3f, 0x9c, 0x0, 0x60, 0x1c, 0x20,
    0x1, 0x0, 0x68, 0x6, 0x50, 0x8, 0x88, 0x9,
    0x26, 0x4f, 0x42, 0x1, 0x40, 0x1, 0xb3, 0x61,
    0x88, 0x2, 0x5a, 0x20, 0x9, 0xe4, 0x3, 0x97,
    0x7b, 0x9f, 0x1, 0x9f, 0x60,

    /* U+F001 "" */
    0x0, 0xff, 0xed, 0x8a, 0x45, 0xf5, 0x80, 0x7f,
    0xf0, 0x49, 0xa7, 0x7a, 0xdd, 0x5, 0x10, 0x1,
    0xf9, 0x1e, 0xfb, 0x65, 0x88, 0x3, 0xff, 0x82,
    0xff, 0x70, 0x82, 0x1, 0xff, 0xc5, 0x80, 0xf,
    0xff, 0x68, 0x80, 0x7f, 0xf1, 0x89, 0xa7, 0x79,
    0x0, 0x3f, 0xf8, 0x26, 0xf7, 0xdb, 0x2c, 0x40,
    0x1f, 0xfc, 0x2f, 0xc8, 0x41, 0x0, 0xff, 0xfd,
    0x36, 0x7f, 0x20, 0x7, 0xff, 0x16, 0xe4, 0xc0,
    0x40, 0x3f, 0xf8, 0xac, 0x80, 0x1f, 0xc3, 0x1b,
    0xfa, 0x1, 0xf6, 0x0, 0x7f, 0xf, 0xb9, 0x1,
    0x0, 0x7c, 0x40, 0x1f, 0x96, 0xc4, 0x3, 0xfe,
    0xa0, 0xf, 0x94, 0x50, 0x3, 0xff, 0x80, 0x56,
    0x20, 0x19, 0x68, 0xc, 0x3, 0xe2, 0x0, 0xe4,
    0xeb, 0x89, 0xda, 0x0, 0x58, 0x7, 0xd6, 0x1,
    0xf2, 0x3b, 0x10, 0x4, 0xd0, 0x1, 0xd0, 0xc0,
    0x1f, 0xfc, 0x37, 0xea, 0x8a, 0xe7, 0x0, 0xff,
    0xe1, 0x80,

    /* U+F021 "" */
    0x0, 0xf8, 0x5a, 0xf7, 0xfd, 0xb6, 0xc2, 0x1,
    0x9f, 0x9c, 0x3, 0x86, 0x7a, 0x50, 0x80, 0x4,
    0x93, 0xd2, 0x20, 0x8, 0x18, 0x0, 0xcb, 0xec,
    0x1, 0xfe, 0x6e, 0x40, 0xf, 0x9a, 0x84, 0x0,
    0x73, 0xbf, 0xed, 0x94, 0x0, 0xad, 0xc0, 0x39,
    0x64, 0x0, 0x35, 0x8c, 0x40, 0x2, 0x6b, 0xb1,
    0x0, 0x20, 0x3, 0xd, 0x80, 0xb, 0xd4, 0x3,
    0xf2, 0x62, 0x0, 0x7a, 0xc4, 0x7, 0xc4, 0x3,
    0xf3, 0xff, 0x20, 0x7, 0xa, 0x80, 0x28, 0x80,
    0x3f, 0xa4, 0x3, 0xf3, 0x0, 0x11, 0x0, 0x1f,
    0xe9, 0x0, 0xfa, 0x34, 0x1, 0xa0, 0x1f, 0xf3,
    0xff, 0xfc, 0xec, 0x0, 0x40, 0xf, 0xfe, 0x44,
    0x8b, 0x90, 0x7, 0xff, 0x21, 0x7a, 0x0, 0x3f,
    0xf8, 0xd1, 0xca, 0x1, 0xff, 0xc8, 0x27, 0x19,
    0x0, 0xff, 0xe4, 0x20, 0x1, 0x9f, 0xff, 0xe7,
    0x0, 0xff, 0xa8, 0x1, 0xb0, 0x1, 0xf4, 0x80,
    0x7f, 0x90, 0xc0, 0xc, 0x1, 0xfa, 0x40, 0x3f,
    0x8a, 0x80, 0xa, 0x20, 0x1c, 0x9d, 0xee, 0x1,
    0xf8, 0x7c, 0x40, 0x6c, 0x3, 0xc9, 0x88, 0x1,
    0xf9, 0xbc, 0x80, 0x16, 0x20, 0x1a, 0x0, 0x5,
    0x78, 0xc4, 0x0, 0x26, 0xc9, 0x10, 0x4, 0xa8,
    0x7, 0x3d, 0x88, 0x0, 0xe7, 0x7f, 0xdb, 0x26,
    0x0, 0x1a, 0x60, 0x8, 0x40, 0x24, 0xf6, 0x0,
    0xff, 0x37, 0xa8, 0x6, 0xb2, 0x90, 0x0, 0xcf,
    0x4a, 0x10, 0x81, 0x24, 0xf4, 0x88, 0x7, 0x0,

    /* U+F023 "" */
    0x0, 0xfc, 0x44, 0x0, 0xff, 0xe0, 0x8d, 0xfe,
    0xeb, 0xec, 0x40, 0x3f, 0x93, 0x90, 0x3, 0x27,
    0x20, 0x7, 0xc3, 0x40, 0x11, 0x10, 0x2, 0xa1,
    0x0, 0xf4, 0x88, 0xe, 0x6e, 0xb0, 0x40, 0x64,
    0x3, 0xc8, 0x0, 0xa3, 0x0, 0x1d, 0x0, 0x10,
    0x3, 0xc6, 0x0, 0x40, 0xc, 0x80, 0x3, 0x0,
    0xff, 0xee, 0xb, 0x0, 0x51, 0x1e, 0x0, 0x98,
    0x40, 0xfe, 0x40, 0x27, 0x7f, 0x0, 0x53, 0xe7,
    0xe2, 0x1, 0xff, 0xc2, 0x1f, 0x30, 0xf, 0xfe,
    0x21, 0x80, 0x7f, 0xff, 0xc0, 0x3f, 0xff, 0xe0,
    0x1f, 0xfd, 0x21, 0x0, 0xff, 0xe2, 0xb, 0x0,
    0x7f, 0xf1, 0x1a, 0x1c, 0x40, 0x3f, 0xf8, 0x2,
    0xf0,

    /* U+F026 "" */
    0x0, 0xff, 0x88, 0x3, 0xff, 0x81, 0x3b, 0xe4,
    0x1, 0xfd, 0x6c, 0x0, 0x50, 0xf, 0x87, 0x10,
    0x2, 0xf0, 0xf, 0x16, 0x18, 0x7, 0xf8, 0xf0,
    0x80, 0x3e, 0x14, 0x43, 0x60, 0x80, 0x7c, 0xbd,
    0x76, 0x90, 0xf, 0xeb, 0x0, 0xff, 0xe0, 0x88,
    0x7, 0xff, 0xe5, 0x0, 0x3f, 0xf8, 0x36, 0xe8,
    0x82, 0x0, 0xff, 0x45, 0xdb, 0x58, 0x3, 0xff,
    0x83, 0x30, 0x1, 0xff, 0xc1, 0x79, 0x0, 0xff,
    0xe0, 0xb5, 0x80, 0x7f, 0xf0, 0x53, 0x4, 0x1,
    0xa0, 0x1f, 0xc7, 0xed, 0xa,

    /* U+F027 "" */
    0x0, 0xff, 0x88, 0x3, 0xff, 0x8d, 0x3b, 0xe4,
    0x1, 0xff, 0xc3, 0xb6, 0x0, 0x28, 0x7, 0xff,
    0x4, 0x71, 0x0, 0x3f, 0xf8, 0x85, 0x86, 0x1,
    0xff, 0xc4, 0x3c, 0x20, 0xf, 0xfe, 0x8, 0xa2,
    0x1b, 0x4, 0x3, 0xff, 0x82, 0xbd, 0x76, 0x90,
    0xf, 0xf9, 0xa0, 0x1, 0x60, 0x1f, 0xfc, 0x38,
    0x79, 0x1, 0x0, 0xff, 0xe1, 0xc0, 0x31, 0x0,
    0x7f, 0xf1, 0x18, 0x41, 0xc0, 0x3f, 0xfb, 0xc,
    0x20, 0xe0, 0x1f, 0xfc, 0x48, 0x6, 0x24, 0x0,
    0xff, 0xe1, 0xc3, 0x48, 0x5b, 0xa2, 0x8, 0x3,
    0xfe, 0x69, 0x0, 0xa2, 0xed, 0xac, 0x1, 0xff,
    0xc7, 0x98, 0x0, 0xff, 0xe3, 0xbc, 0x80, 0x7f,
    0xf1, 0xda, 0xc0, 0x3f, 0xf8, 0xe9, 0x82, 0x0,
    0x20, 0xf, 0xfe, 0x19, 0xfb, 0x42, 0x80, 0x78,

    /* U+F028 "" */
    0x0, 0xff, 0xe0, 0x10, 0x7, 0xf2, 0x48, 0x80,
    0x7f, 0xf0, 0x8f, 0xb6, 0x40, 0x3f, 0x7b, 0x60,
    0x80, 0x7f, 0xf0, 0x13, 0x4, 0x18, 0x3, 0xf4,
    0x1, 0x60, 0x80, 0x7f, 0x9a, 0xc0, 0x3f, 0xf8,
    0x7, 0x80, 0x56, 0x1, 0xfc, 0xf2, 0x1, 0xfe,
    0x5e, 0x60, 0x39, 0x5, 0x40, 0xf, 0xa6, 0x0,
    0x3f, 0xe2, 0x19, 0x60, 0x64, 0x8, 0x0, 0x8d,
    0x11, 0x6c, 0x1, 0xff, 0xc0, 0x74, 0x9, 0x10,
    0x80, 0x32, 0xc, 0xc5, 0xd9, 0x0, 0x3f, 0xc3,
    0x28, 0x16, 0x21, 0x60, 0x64, 0xa, 0xc6, 0x1,
    0xff, 0xc2, 0x76, 0xb2, 0x8, 0x5, 0x0, 0x28,
    0x60, 0x80, 0x7f, 0xf0, 0xd8, 0x82, 0x1, 0x80,
    0x8, 0x1c, 0xc, 0x1, 0xff, 0xc5, 0x80, 0x40,
    0x1, 0x1, 0x1, 0x1, 0x0, 0x7f, 0xf2, 0x84,
    0x4, 0x3, 0xff, 0x93, 0x0, 0x80, 0x2, 0x2,
    0x2, 0x2, 0x0, 0xff, 0xe2, 0x31, 0x4, 0x1,
    0x88, 0x38, 0x70, 0x32, 0x0, 0x7f, 0xf0, 0xdd,
    0x6c, 0x82, 0x40, 0xc8, 0x14, 0x30, 0xed, 0x51,
    0x0, 0x1f, 0xf0, 0xd2, 0x2, 0xa8, 0x24, 0xc,
    0x81, 0x41, 0x2a, 0xed, 0x82, 0x1, 0xff, 0xc0,
    0x3a, 0x4, 0x50, 0x80, 0x32, 0x0, 0xe3, 0xc2,
    0x0, 0xff, 0xa8, 0xe, 0xc1, 0x90, 0x20, 0x3,
    0xe2, 0xc3, 0x0, 0xff, 0x45, 0x60, 0x24, 0x82,
    0xa0, 0x7, 0xe1, 0xc4, 0x0, 0xfe, 0x15, 0x3,
    0xb0, 0x2b, 0x0, 0xff, 0xad, 0x80, 0x4, 0x1,
    0xfa, 0x0, 0x7c, 0x40, 0x3f, 0xf8, 0x13, 0x4d,
    0xe0, 0x1f, 0xbd, 0x70, 0x80, 0x20,

    /* U+F048 "" */
    0x2, 0x0, 0xff, 0xe0, 0x89, 0x5, 0x6d, 0x0,
    0x7f, 0xd1, 0xdb, 0xa, 0xa, 0x1, 0xfc, 0x9a,
    0xe0, 0x7, 0x0, 0xff, 0xa6, 0xc8, 0x3, 0xff,
    0x82, 0x9c, 0xc0, 0x1f, 0xfc, 0x11, 0xab, 0x10,
    0xf, 0xfe, 0xa, 0xfa, 0x80, 0x7f, 0xf0, 0x46,
    0xa8, 0x20, 0x1f, 0xfc, 0x15, 0xf5, 0x0, 0xff,
    0xe1, 0xd0, 0x80, 0x7f, 0xfe, 0x8c, 0x3, 0xff,
    0x8b, 0x90, 0x1, 0xff, 0xc5, 0x7d, 0x30, 0xf,
    0xfe, 0x21, 0x64, 0x80, 0x7f, 0xf1, 0x5b, 0x50,
    0x3, 0xff, 0x88, 0x57, 0x20, 0x1f, 0xfc, 0x56,
    0xe4, 0x0, 0xe1, 0x1, 0x0, 0xfc, 0x37, 0x20,
    0x11, 0xeb, 0x68, 0x7, 0xf9, 0xb9, 0xdb, 0x80,

    /* U+F04B "" */
    0x0, 0x18, 0x7, 0xff, 0x14, 0xbb, 0x39, 0x40,
    0x3f, 0xf8, 0x6a, 0x20, 0x35, 0xa8, 0x1, 0xff,
    0xc6, 0x2b, 0xb1, 0x80, 0x7f, 0xf1, 0x93, 0x28,
    0x40, 0x3f, 0xf8, 0xcb, 0xd0, 0x20, 0x1f, 0xfc,
    0x67, 0xf7, 0x0, 0xff, 0xe3, 0xc, 0x6a, 0x80,
    0x7f, 0xf1, 0x8a, 0xb1, 0x0, 0x3f, 0xf8, 0xc7,
    0x76, 0x10, 0xf, 0xfe, 0x32, 0x68, 0x7, 0xff,
    0x1c, 0x80, 0x3f, 0xf8, 0xf0, 0x1, 0xff, 0xc5,
    0x4d, 0x60, 0xf, 0xfe, 0x19, 0xe5, 0x90, 0x7,
    0xff, 0x8, 0xab, 0xc, 0x3, 0xff, 0x84, 0x33,
    0xaa, 0x1, 0xff, 0xc3, 0x7e, 0x60, 0xf, 0xfe,
    0x1b, 0x74, 0x0, 0x7f, 0xf0, 0xd3, 0x64, 0x40,
    0x3f, 0xc6, 0x1, 0x1d, 0xd8, 0x80, 0x3f, 0xf8,
    0x9, 0x2b, 0x58, 0x80, 0x1f, 0xfc, 0x20,

    /* U+F04C "" */
    0x1, 0x44, 0x8c, 0x3, 0xc6, 0x89, 0x8, 0x2f,
    0x5d, 0xd9, 0x80, 0xd, 0x98, 0xbb, 0xb9, 0xac,
    0x3, 0x8d, 0x80, 0xc, 0x60, 0x1d, 0x2, 0x1,
    0xe1, 0x0, 0x8, 0x7, 0x84, 0x3, 0xff, 0xfe,
    0x1, 0xff, 0xff, 0x0, 0xff, 0xff, 0x80, 0x7f,
    0xfc, 0xd0, 0x3, 0xc8, 0x0, 0x40, 0xf, 0x25,
    0xba, 0x24, 0xb6, 0x60, 0x3, 0xb5, 0x44, 0x9e,
    0x80,

    /* U+F04D "" */
    0x0, 0x12, 0x27, 0xff, 0xc, 0x80, 0x3, 0x9b,
    0x77, 0xff, 0xc3, 0xdc, 0x1b, 0x30, 0xf, 0xfe,
    0x29, 0xda, 0x80, 0x7f, 0xf1, 0xd4, 0x3, 0xff,
    0xfe, 0x1, 0xff, 0xff, 0x0, 0xff, 0xff, 0x80,
    0x7f, 0xff, 0xc0, 0x3f, 0xf8, 0x64, 0x1, 0xff,
    0xc7, 0x28, 0x0, 0xff, 0xe3, 0xc2, 0xdb, 0x22,
    0x7f, 0xf0, 0xda, 0xd4,

    /* U+F051 "" */
    0x2, 0x10, 0xf, 0xfe, 0x9, 0x4, 0x6f, 0x48,
    0x7, 0xfd, 0x5b, 0x4e, 0x0, 0x6d, 0x40, 0xf,
    0xe5, 0x5, 0x0, 0xc5, 0x72, 0x1, 0xff, 0xc5,
    0x6e, 0x40, 0xf, 0xfe, 0x20, 0xdd, 0x8, 0x7,
    0xff, 0x11, 0x7d, 0x40, 0x3f, 0xf8, 0x83, 0x54,
    0x10, 0xf, 0xfe, 0x22, 0xfa, 0x80, 0x7f, 0xf1,
    0x6, 0x80, 0x3f, 0xff, 0x66, 0x1, 0xff, 0xc4,
    0x8c, 0x0, 0xff, 0xe1, 0x1e, 0xb8, 0x7, 0xff,
    0xa, 0x70, 0x80, 0x3f, 0xf8, 0x29, 0xac, 0x1,
    0xff, 0xc2, 0x9b, 0x20, 0xf, 0xfe, 0xa, 0x73,
    0x0, 0x7f, 0x8c, 0x2, 0x9b, 0x10, 0xf, 0xc2,
    0x3, 0xcc, 0xfc, 0xc0, 0x1f, 0xed, 0x6d,

    /* U+F07B "" */
    0x1, 0x67, 0x7f, 0x90, 0x3, 0xff, 0x82, 0x7f,
    0x31, 0x1f, 0x5d, 0x84, 0x3, 0xfe, 0xf1, 0x0,
    0xfe, 0x4f, 0x64, 0x33, 0xf1, 0x0, 0xc, 0x3,
    0xfe, 0x19, 0xbc, 0xcf, 0x6e, 0x8, 0x7, 0xff,
    0x28, 0xec, 0x3, 0xff, 0x96, 0xa0, 0x1f, 0xff,
    0xf0, 0xf, 0xff, 0xf8, 0x7, 0xff, 0xfc, 0x3,
    0xff, 0xb6, 0x20, 0x1f, 0xfc, 0xa1, 0x60, 0xf,
    0xfe, 0x53, 0x43, 0x88, 0x7, 0xff, 0x18, 0x5e,
    0x0,

    /* U+F09C "" */
    0x0, 0xfc, 0x46, 0x1, 0xff, 0xc1, 0x1b, 0xfd,
    0xcf, 0xa1, 0x0, 0xfe, 0x4e, 0x40, 0xc, 0xbc,
    0x60, 0x1f, 0xd, 0x0, 0x44, 0x60, 0x16, 0x88,
    0x7, 0xa4, 0x40, 0x73, 0x73, 0x44, 0x5, 0x80,
    0x3c, 0x80, 0xa, 0x30, 0x1, 0x50, 0x2, 0xc0,
    0x3c, 0x60, 0x4, 0x0, 0xc8, 0x40, 0xe0, 0x1f,
    0xfc, 0x3c, 0x9b, 0x0, 0xff, 0xe1, 0x8b, 0x0,
    0x70, 0xb0, 0x4, 0xef, 0xfc, 0xc2, 0x7, 0xf2,
    0x1, 0x44, 0x7f, 0x4f, 0x9f, 0x88, 0x7, 0xff,
    0x8, 0x7c, 0xc0, 0x3f, 0xf8, 0x86, 0x1, 0xff,
    0xff, 0x0, 0xff, 0xff, 0x80, 0x7f, 0xf4, 0x84,
    0x3, 0xff, 0x88, 0x2c, 0x1, 0xff, 0xc4, 0x68,
    0x71, 0x0, 0xff, 0xe0, 0xb, 0xc0,

    /* U+F240 "" */
    0x1, 0x9e, 0xff, 0xff, 0xe4, 0x59, 0x80, 0x6c,
    0x61, 0x0, 0xff, 0xe4, 0x26, 0x18, 0x1, 0xc8,
    0x3, 0xff, 0x99, 0xe0, 0xd, 0x0, 0x47, 0xff,
    0xff, 0x1f, 0x80, 0x6, 0x0, 0x10, 0x1, 0x80,
    0x7f, 0xf1, 0xc4, 0x40, 0x1, 0x0, 0xf9, 0xe2,
    0x3f, 0xf8, 0x48, 0x1, 0xff, 0xc0, 0x68, 0x77,
    0xff, 0xe1, 0x58, 0x7, 0x58, 0x80, 0x70, 0x80,
    0x7f, 0xf2, 0x55, 0x80, 0x3f, 0xfa, 0x1c, 0x1,
    0xff, 0xed, 0x10, 0xf, 0xfe, 0x85, 0x80, 0x72,
    0x90, 0x7, 0xff, 0x9, 0x80, 0x3b, 0x4c, 0x3,
    0x8b, 0x7f, 0xff, 0xf8, 0x52, 0x1, 0xc6, 0x2,
    0x0, 0x30, 0xf, 0xfe, 0x38, 0x88, 0x0, 0x21,
    0xa0, 0x8, 0xff, 0xff, 0xe3, 0xf0, 0x0, 0x80,
    0xe, 0x40, 0x1f, 0xfc, 0xc9, 0x0, 0xb1, 0x84,
    0x3, 0xff, 0x90, 0x76, 0x80, 0x0,

    /* U+F241 "" */
    0x1, 0x9e, 0xff, 0xff, 0xe4, 0x59, 0x80, 0x6c,
    0x61, 0x0, 0xff, 0xe4, 0x26, 0x18, 0x1, 0xc8,
    0x3, 0xff, 0x99, 0xe0, 0xd, 0x0, 0x47, 0xff,
    0xff, 0x1f, 0x80, 0x6, 0x0, 0x10, 0x1, 0x80,
    0x7f, 0xf1, 0xc4, 0x40, 0x1, 0x0, 0xf0, 0xc4,
    0x7f, 0xc8, 0x1, 0xff, 0xc4, 0x87, 0x7f, 0xfa,
    0xc0, 0x3f, 0xac, 0x40, 0x38, 0xc0, 0x3f, 0xf8,
    0x2, 0x1, 0xf9, 0x58, 0x3, 0xff, 0xa1, 0xc0,
    0x1f, 0xfe, 0xd1, 0x0, 0xff, 0xe8, 0x58, 0x7,
    0x78, 0x80, 0x7f, 0x94, 0x40, 0x3f, 0x69, 0x80,
    0x72, 0xf7, 0xff, 0xfa, 0x80, 0x3f, 0x8c, 0x4,
    0x0, 0x60, 0x1f, 0xfc, 0x71, 0x10, 0x0, 0x43,
    0x40, 0x11, 0xff, 0xff, 0xc7, 0xe0, 0x1, 0x0,
    0x1c, 0x80, 0x3f, 0xf9, 0x92, 0x1, 0x63, 0x8,
    0x7, 0xff, 0x20, 0xed, 0x0, 0x0,

    /* U+F242 "" */
    0x1, 0x9e, 0xff, 0xff, 0xe4, 0x59, 0x80, 0x6c,
    0x61, 0x0, 0xff, 0xe4, 0x26, 0x18, 0x1, 0xc8,
    0x3, 0xff, 0x99, 0xe0, 0xd, 0x0, 0x47, 0xff,
    0xff, 0x1f, 0x80, 0x6, 0x0, 0x10, 0x1, 0x80,
    0x7f, 0xf1, 0xc4, 0x40, 0x1, 0x0, 0xf9, 0xa2,
    0x3e, 0x20, 0xf, 0xfe, 0x39, 0x4b, 0xbf, 0xd0,
    0x1, 0xff, 0xc0, 0xb1, 0x0, 0xe1, 0x0, 0xfc,
    0x20, 0x1f, 0xfc, 0x5, 0x60, 0xf, 0xfe, 0x87,
    0x0, 0x7f, 0xfb, 0x44, 0x3, 0xff, 0xa1, 0x60,
    0x1c, 0x66, 0x0, 0xf0, 0xf0, 0x7, 0xff, 0x3,
    0x4c, 0x3, 0xd9, 0xff, 0xee, 0x50, 0xf, 0xfe,
    0x1, 0x80, 0x80, 0xc, 0x3, 0xff, 0x8e, 0x22,
    0x0, 0x8, 0x68, 0x2, 0x3f, 0xff, 0xf8, 0xfc,
    0x0, 0x20, 0x3, 0x90, 0x7, 0xff, 0x32, 0x40,
    0x2c, 0x61, 0x0, 0xff, 0xe4, 0x1d, 0xa0, 0x0,

    /* U+F243 "" */
    0x1, 0x9e, 0xff, 0xff, 0xe4, 0x59, 0x80, 0x6c,
    0x61, 0x0, 0xff, 0xe4, 0x26, 0x18, 0x1, 0xc8,
    0x3, 0xff, 0x99, 0xe0, 0xd, 0x0, 0x47, 0xff,
    0xff, 0x1f, 0x80, 0x6, 0x0, 0x10, 0x1, 0x80,
    0x7f, 0xf1, 0xc4, 0x40, 0x1, 0x0, 0xf9, 0xa2,
    0x23, 0x0, 0xff, 0xe5, 0xa4, 0xbb, 0xdc, 0x1,
    0xff, 0xc4, 0xb1, 0x0, 0xe1, 0x0, 0xc6, 0x1,
    0xff, 0xc4, 0x56, 0x0, 0xff, 0xe8, 0x70, 0x7,
    0xff, 0xb4, 0x40, 0x3f, 0xfa, 0x16, 0x1, 0xc8,
    0x40, 0x13, 0x0, 0x7f, 0xf1, 0x34, 0xc0, 0x38,
    0x77, 0xfe, 0x80, 0xf, 0xfe, 0x21, 0x80, 0x80,
    0xc, 0x3, 0xff, 0x8e, 0x22, 0x0, 0x8, 0x68,
    0x2, 0x3f, 0xff, 0xf8, 0xfc, 0x0, 0x20, 0x3,
    0x90, 0x7, 0xff, 0x32, 0x40, 0x2c, 0x61, 0x0,
    0xff, 0xe4, 0x1d, 0xa0, 0x0,

    /* U+F244 "" */
    0x0, 0x89, 0x13, 0xff, 0x8e, 0x60, 0x1e, 0x4e,
    0xdb, 0xbf, 0xfe, 0x3e, 0x7c, 0x0, 0x45, 0x62,
    0x1, 0xff, 0xca, 0x76, 0x0, 0x50, 0x0, 0x51,
    0x3f, 0xf8, 0xe4, 0x0, 0x80, 0x1, 0x80, 0x2e,
    0xff, 0xf9, 0x1a, 0x0, 0x10, 0xe, 0x10, 0xf,
    0xfe, 0x40, 0x80, 0x4, 0x3, 0xff, 0xa0, 0x60,
    0x1f, 0xfd, 0xd, 0x40, 0xf, 0xfe, 0x86, 0x80,
    0x7f, 0xff, 0xc0, 0x3f, 0xee, 0x0, 0xff, 0xe7,
    0xb3, 0x80, 0x7f, 0xf3, 0xe0, 0x3, 0xff, 0xa4,
    0x40, 0xe, 0x44, 0xff, 0xe3, 0xb0, 0x80, 0x4,
    0x30, 0x0, 0xb7, 0x7f, 0xfc, 0x79, 0x0, 0x20,
    0x1, 0x54, 0x1, 0xff, 0xcb, 0x1a, 0x0, 0xaa,
    0x8c, 0x89, 0xff, 0xc7, 0x58, 0xe1, 0x0, 0x0
};


/*---------------------
 *  GLYPH DESCRIPTION
 *--------------------*/

static const lv_font_fmt_txt_glyph_dsc_t glyph_dsc[] = {
    {.bitmap_index = 0, .adv_w = 0, .box_w = 0, .box_h = 0, .ofs_x = 0, .ofs_y = 0} /* id = 0 reserved */,
    {.bitmap_index = 0, .adv_w = 102, .box_w = 0, .box_h = 0, .ofs_x = 0, .ofs_y = 0},
    {.bitmap_index = 0, .adv_w = 117, .box_w = 5, .box_h = 17, .ofs_x = 1, .ofs_y = 0},
    {.bitmap_index = 31, .adv_w = 190, .box_w = 8, .box_h = 7, .ofs_x = 2, .ofs_y = 10},
    {.bitmap_index = 57, .adv_w = 245, .box_w = 15, .box_h = 17, .ofs_x = 0, .ofs_y = 0},
    {.bitmap_index = 164, .adv_w = 248, .box_w = 14, .box_h = 22, .ofs_x = 1, .ofs_y = -2},
    {.bitmap_index = 281, .adv_w = 381, .box_w = 20, .box_h = 17, .ofs_x = 2, .ofs_y = 0},
    {.bitmap_index = 420, .adv_w = 251, .box_w = 15, .box_h = 17, .ofs_x = 1, .ofs_y = 0},
    {.bitmap_index = 533, .adv_w = 120, .box_w = 4, .box_h = 7, .ofs_x = 2, .ofs_y = 10},
    {.bitmap_index = 545, .adv_w = 142, .box_w = 6, .box_h = 22, .ofs_x = 2, .ofs_y = -3},
    {.bitmap_index = 610, .adv_w = 142, .box_w = 6, .box_h = 22, .ofs_x = 1, .ofs_y = -3},
    {.bitmap_index = 676, .adv_w = 200, .box_w = 10, .box_h = 10, .ofs_x = 1, .ofs_y = 7},
    {.bitmap_index = 724, .adv_w = 256, .box_w = 12, .box_h = 12, .ofs_x = 2, .ofs_y = 1},
    {.bitmap_index = 757, .adv_w = 116, .box_w = 5, .box_h = 7, .ofs_x = 1, .ofs_y = -4},
    {.bitmap_index = 775, .adv_w = 178, .box_w = 9, .box_h = 3, .ofs_x = 1, .ofs_y = 6},
    {.bitmap_index = 783, .adv_w = 116, .box_w = 5, .box_h = 4, .ofs_x = 1, .ofs_y = 0},
    {.bitmap_index = 794, .adv_w = 142, .box_w = 9, .box_h = 21, .ofs_x = 0, .ofs_y = -3},
    {.bitmap_index = 865, .adv_w = 248, .box_w = 14, .box_h = 17, .ofs_x = 1, .ofs_y = 0},
    {.bitmap_index = 969, .adv_w = 159, .box_w = 8, .box_h = 17, .ofs_x = 1, .ofs_y = 0},
    {.bitmap_index = 997, .adv_w = 237, .box_w = 13, .box_h = 17, .ofs_x = 1, .ofs_y = 0},
    {.bitmap_index = 1084, .adv_w = 241, .box_w = 13, .box_h = 17, .ofs_x = 1, .ofs_y = 0},
    {.bitmap_index = 1177, .adv_w = 252, .box_w = 14, .box_h = 17, .ofs_x = 1, .ofs_y = 0},
    {.bitmap_index = 1249, .adv_w = 232, .box_w = 13, .box_h = 17, .ofs_x = 1, .ofs_y = 0},
    {.bitmap_index = 1342, .adv_w = 242, .box_w = 13, .box_h = 17, .ofs_x = 1, .ofs_y = 0},
    {.bitmap_index = 1447, .adv_w = 219, .box_w = 12, .box_h = 17, .ofs_x = 1, .ofs_y = 0},
    {.bitmap_index = 1514, .adv_w = 242, .box_w = 13, .box_h = 17, .ofs_x = 1, .ofs_y = 0},
    {.bitmap_index = 1616, .adv_w = 242, .box_w = 13, .box_h = 17, .ofs_x = 1, .ofs_y = 0},
    {.bitmap_index = 1721, .adv_w = 116, .box_w = 5, .box_h = 13, .ofs_x = 1, .ofs_y = 0},
    {.bitmap_index = 1746, .adv_w = 121, .box_w = 5, .box_h = 17, .ofs_x = 1, .ofs_y = -4},
    {.bitmap_index = 1780, .adv_w = 256, .box_w = 12, .box_h = 14, .ofs_x = 2, .ofs_y = 0},
    {.bitmap_index = 1845, .adv_w = 256, .box_w = 12, .box_h = 8, .ofs_x = 2, .ofs_y = 3},
    {.bitmap_index = 1870, .adv_w = 256, .box_w = 12, .box_h = 14, .ofs_x = 2, .ofs_y = 0},
    {.bitmap_index = 1937, .adv_w = 203, .box_w = 12, .box_h = 17, .ofs_x = 0, .ofs_y = 0},
    {.bitmap_index = 2018, .adv_w = 377, .box_w = 22, .box_h = 22, .ofs_x = 1, .ofs_y = -5},
    {.bitmap_index = 2227, .adv_w = 272, .box_w = 17, .box_h = 17, .ofs_x = 0, .ofs_y = 0},
    {.bitmap_index = 2335, .adv_w = 252, .box_w = 14, .box_h = 17, .ofs_x = 1, .ofs_y = 0},
    {.bitmap_index = 2418, .adv_w = 282, .box_w = 16, .box_h = 17, .ofs_x = 1, .ofs_y = 0},
    {.bitmap_index = 2530, .adv_w = 277, .box_w = 16, .box_h = 17, .ofs_x = 1, .ofs_y = 0},
    {.bitmap_index = 2623, .adv_w = 232, .box_w = 12, .box_h = 17, .ofs_x = 1, .ofs_y = 0},
    {.bitmap_index = 2664, .adv_w = 226, .box_w = 12, .box_h = 17, .ofs_x = 1, .ofs_y = 0},
    {.bitmap_index = 2695, .adv_w = 287, .box_w = 16, .box_h = 17, .ofs_x = 1, .ofs_y = 0},
    {.bitmap_index = 2812, .adv_w = 286, .box_w = 15, .box_h = 17, .ofs_x = 1, .ofs_y = 0},
    {.bitmap_index = 2844, .adv_w = 105, .box_w = 4, .box_h = 17, .ofs_x = 1, .ofs_y = 0},
    {.bitmap_index = 2850, .adv_w = 221, .box_w = 11, .box_h = 17, .ofs_x = 1, .ofs_y = 0},
    {.bitmap_index = 2893, .adv_w = 264, .box_w = 15, .box_h = 17, .ofs_x = 1, .ofs_y = 0},
    {.bitmap_index = 2980, .adv_w = 217, .box_w = 12, .box_h = 17, .ofs_x = 1, .ofs_y = 0},
    {.bitmap_index = 3002, .adv_w = 350, .box_w = 19, .box_h = 17, .ofs_x = 1, .ofs_y = 0},
    {.bitmap_index = 3113, .adv_w = 290, .box_w = 16, .box_h = 17, .ofs_x = 1, .ofs_y = 0},
    {.bitmap_index = 3198, .adv_w = 294, .box_w = 17, .box_h = 17, .ofs_x = 1, .ofs_y = 0},
    {.bitmap_index = 3320, .adv_w = 246, .box_w = 14, .box_h = 17, .ofs_x = 1, .ofs_y = 0},
    {.bitmap_index = 3383, .adv_w = 295, .box_w = 17, .box_h = 19, .ofs_x = 1, .ofs_y = -2},
    {.bitmap_index = 3522, .adv_w = 249, .box_w = 14, .box_h = 17, .ofs_x = 1, .ofs_y = 0},
    {.bitmap_index = 3603, .adv_w = 248, .box_w = 14, .box_h = 17, .ofs_x = 1, .ofs_y = 0},
    {.bitmap_index = 3710, .adv_w = 251, .box_w = 14, .box_h = 17, .ofs_x = 1, .ofs_y = 0},
    {.bitmap_index = 3738, .adv_w = 284, .box_w = 15, .box_h = 17, .ofs_x = 1, .ofs_y = 0},
    {.bitmap_index = 3792, .adv_w = 272, .box_w = 17, .box_h = 17, .ofs_x = 0, .ofs_y = 0},
    {.bitmap_index = 3903, .adv_w = 385, .box_w = 24, .box_h = 17, .ofs_x = 0, .ofs_y = 0},
    {.bitmap_index = 4082, .adv_w = 269, .box_w = 17, .box_h = 17, .ofs_x = 0, .ofs_y = 0},
    {.bitmap_index = 4196, .adv_w = 267, .box_w = 17, .box_h = 17, .ofs_x = 0, .ofs_y = 0},
    {.bitmap_index = 4274, .adv_w = 246, .box_w = 13, .box_h = 17, .ofs_x = 1, .ofs_y = 0},
    {.bitmap_index = 4346, .adv_w = 142, .box_w = 6, .box_h = 22, .ofs_x = 2, .ofs_y = -3},
    {.bitmap_index = 4364, .adv_w = 142, .box_w = 9, .box_h = 21, .ofs_x = 0, .ofs_y = -3},
    {.bitmap_index = 4434, .adv_w = 142, .box_w = 6, .box_h = 22, .ofs_x = 1, .ofs_y = -3},
    {.bitmap_index = 4453, .adv_w = 183, .box_w = 11, .box_h = 9, .ofs_x = 0, .ofs_y = 9},
    {.bitmap_index = 4496, .adv_w = 178, .box_w = 12, .box_h = 3, .ofs_x = 0, .ofs_y = -2},
    {.bitmap_index = 4505, .adv_w = 129, .box_w = 6, .box_h = 4, .ofs_x = 1, .ofs_y = 15},
    {.bitmap_index = 4517, .adv_w = 218, .box_w = 12, .box_h = 13, .ofs_x = 0, .ofs_y = 0},
    {.bitmap_index = 4590, .adv_w = 237, .box_w = 13, .box_h = 17, .ofs_x = 1, .ofs_y = 0},
    {.bitmap_index = 4666, .adv_w = 222, .box_w = 12, .box_h = 13, .ofs_x = 1, .ofs_y = 0},
    {.bitmap_index = 4737, .adv_w = 237, .box_w = 13, .box_h = 17, .ofs_x = 1, .ofs_y = 0},
    {.bitmap_index = 4817, .adv_w = 226, .box_w = 13, .box_h = 13, .ofs_x = 1, .ofs_y = 0},
    {.bitmap_index = 4892, .adv_w = 146, .box_w = 9, .box_h = 18, .ofs_x = 0, .ofs_y = 0},
    {.bitmap_index = 4934, .adv_w = 238, .box_w = 13, .box_h = 18, .ofs_x = 1, .ofs_y = -5},
    {.bitmap_index = 5039, .adv_w = 231, .box_w = 12, .box_h = 17, .ofs_x = 1, .ofs_y = 0},
    {.bitmap_index = 5080, .adv_w = 97, .box_w = 4, .box_h = 18, .ofs_x = 1, .ofs_y = 0},
    {.bitmap_index = 5095, .adv_w = 97, .box_w = 6, .box_h = 23, .ofs_x = -1, .ofs_y = -5},
    {.bitmap_index = 5127, .adv_w = 215, .box_w = 13, .box_h = 17, .ofs_x = 1, .ofs_y = 0},
    {.bitmap_index = 5190, .adv_w = 97, .box_w = 4, .box_h = 17, .ofs_x = 1, .ofs_y = 0},
    {.bitmap_index = 5196, .adv_w = 341, .box_w = 19, .box_h = 13, .ofs_x = 1, .ofs_y = 0},
    {.bitmap_index = 5249, .adv_w = 231, .box_w = 12, .box_h = 13, .ofs_x = 1, .ofs_y = 0},
    {.bitmap_index = 5287, .adv_w = 232, .box_w = 13, .box_h = 13, .ofs_x = 1, .ofs_y = 0},
    {.bitmap_index = 5367, .adv_w = 237, .box_w = 13, .box_h = 18, .ofs_x = 1, .ofs_y = -5},
    {.bitmap_index = 5447, .adv_w = 237, .box_w = 13, .box_h = 18, .ofs_x = 1, .ofs_y = -5},
    {.bitmap_index = 5529, .adv_w = 149, .box_w = 8, .box_h = 14, .ofs_x = 1, .ofs_y = 0},
    {.bitmap_index = 5553, .adv_w = 207, .box_w = 11, .box_h = 13, .ofs_x = 1, .ofs_y = 0},
    {.bitmap_index = 5623, .adv_w = 131, .box_w = 8, .box_h = 16, .ofs_x = 0, .ofs_y = 0},
    {.bitmap_index = 5658, .adv_w = 231, .box_w = 12, .box_h = 13, .ofs_x = 1, .ofs_y = 0},
    {.bitmap_index = 5697, .adv_w = 221, .box_w = 14, .box_h = 13, .ofs_x = 0, .ofs_y = 0},
    {.bitmap_index = 5774, .adv_w = 318, .box_w = 20, .box_h = 13, .ofs_x = 0, .ofs_y = 0},
    {.bitmap_index = 5895, .adv_w = 214, .box_w = 13, .box_h = 13, .ofs_x = 0, .ofs_y = 0},
    {.bitmap_index = 5971, .adv_w = 221, .box_w = 14, .box_h = 18, .ofs_x = 0, .ofs_y = -5},
    {.bitmap_index = 6071, .adv_w = 215, .box_w = 11, .box_h = 13, .ofs_x = 1, .ofs_y = 0},
    {.bitmap_index = 6122, .adv_w = 169, .box_w = 9, .box_h = 22, .ofs_x = 1, .ofs_y = -4},
    {.bitmap_index = 6197, .adv_w = 133, .box_w = 4, .box_h = 28, .ofs_x = 2, .ofs_y = -6},
    {.bitmap_index = 6206, .adv_w = 169, .box_w = 8, .box_h = 22, .ofs_x = 1, .ofs_y = -4},
    {.bitmap_index = 6273, .adv_w = 256, .box_w = 14, .box_h = 5, .ofs_x = 1, .ofs_y = 4},
    {.bitmap_index = 6310, .adv_w = 102, .box_w = 0, .box_h = 0, .ofs_x = 0, .ofs_y = 0},
    {.bitmap_index = 6310, .adv_w = 117, .box_w = 5, .box_h = 17, .ofs_x = 1, .ofs_y = -4},
    {.bitmap_index = 6341, .adv_w = 222, .box_w = 12, .box_h = 17, .ofs_x = 1, .ofs_y = 0},
    {.bitmap_index = 6426, .adv_w = 238, .box_w = 13, .box_h = 17, .ofs_x = 1, .ofs_y = 0},
    {.bitmap_index = 6510, .adv_w = 283, .box_w = 16, .box_h = 15, .ofs_x = 1, .ofs_y = 0},
    {.bitmap_index = 6609, .adv_w = 214, .box_w = 14, .box_h = 17, .ofs_x = 0, .ofs_y = 0},
    {.bitmap_index = 6700, .adv_w = 113, .box_w = 3, .box_h = 20, .ofs_x = 2, .ofs_y = -3},
    {.bitmap_index = 6716, .adv_w = 218, .box_w = 12, .box_h = 21, .ofs_x = 1, .ofs_y = -4},
    {.bitmap_index = 6837, .adv_w = 231, .box_w = 9, .box_h = 3, .ofs_x = 3, .ofs_y = 15},
    {.bitmap_index = 6851, .adv_w = 351, .box_w = 19, .box_h = 18, .ofs_x = 1, .ofs_y = 0},
    {.bitmap_index = 7008, .adv_w = 176, .box_w = 10, .box_h = 10, .ofs_x = 0, .ofs_y = 8},
    {.bitmap_index = 7058, .adv_w = 234, .box_w = 13, .box_h = 11, .ofs_x = 1, .ofs_y = 2},
    {.bitmap_index = 7127, .adv_w = 256, .box_w = 11, .box_h = 6, .ofs_x = 2, .ofs_y = 4},
    {.bitmap_index = 7142, .adv_w = 255, .box_w = 14, .box_h = 14, .ofs_x = 1, .ofs_y = 4},
    {.bitmap_index = 7238, .adv_w = 179, .box_w = 7, .box_h = 2, .ofs_x = 2, .ofs_y = 15},
    {.bitmap_index = 7243, .adv_w = 176, .box_w = 9, .box_h = 8, .ofs_x = 1, .ofs_y = 9},
    {.bitmap_index = 7278, .adv_w = 256, .box_w = 12, .box_h = 13, .ofs_x = 2, .ofs_y = 0},
    {.bitmap_index = 7325, .adv_w = 172, .box_w = 9, .box_h = 9, .ofs_x = 1, .ofs_y = 11},
    {.bitmap_index = 7365, .adv_w = 175, .box_w = 9, .box_h = 9, .ofs_x = 1, .ofs_y = 11},
    {.bitmap_index = 7406, .adv_w = 129, .box_w = 6, .box_h = 4, .ofs_x = 1, .ofs_y = 15},
    {.bitmap_index = 7419, .adv_w = 230, .box_w = 14, .box_h = 18, .ofs_x = 1, .ofs_y = -5},
    {.bitmap_index = 7466, .adv_w = 231, .box_w = 12, .box_h = 17, .ofs_x = 1, .ofs_y = 0},
    {.bitmap_index = 7513, .adv_w = 116, .box_w = 5, .box_h = 4, .ofs_x = 1, .ofs_y = 6},
    {.bitmap_index = 7524, .adv_w = 115, .box_w = 5, .box_h = 6, .ofs_x = 2, .ofs_y = -6},
    {.bitmap_index = 7540, .adv_w = 121, .box_w = 6, .box_h = 9, .ofs_x = 1, .ofs_y = 11},
    {.bitmap_index = 7553, .adv_w = 186, .box_w = 11, .box_h = 10, .ofs_x = 0, .ofs_y = 8},
    {.bitmap_index = 7604, .adv_w = 234, .box_w = 14, .box_h = 11, .ofs_x = 0, .ofs_y = 2},
    {.bitmap_index = 7675, .adv_w = 314, .box_w = 19, .box_h = 18, .ofs_x = 0, .ofs_y = -1},
    {.bitmap_index = 7801, .adv_w = 330, .box_w = 20, .box_h = 18, .ofs_x = 0, .ofs_y = 0},
    {.bitmap_index = 7932, .adv_w = 344, .box_w = 20, .box_h = 18, .ofs_x = 1, .ofs_y = -1},
    {.bitmap_index = 8079, .adv_w = 203, .box_w = 11, .box_h = 18, .ofs_x = 1, .ofs_y = -5},
    {.bitmap_index = 8157, .adv_w = 272, .box_w = 17, .box_h = 22, .ofs_x = 0, .ofs_y = 0},
    {.bitmap_index = 8290, .adv_w = 272, .box_w = 17, .box_h = 22, .ofs_x = 0, .ofs_y = 0},
    {.bitmap_index = 8423, .adv_w = 272, .box_w = 17, .box_h = 22, .ofs_x = 0, .ofs_y = 0},
    {.bitmap_index = 8555, .adv_w = 272, .box_w = 17, .box_h = 22, .ofs_x = 0, .ofs_y = 0},
    {.bitmap_index = 8687, .adv_w = 272, .box_w = 17, .box_h = 22, .ofs_x = 0, .ofs_y = 0},
    {.bitmap_index = 8822, .adv_w = 272, .box_w = 17, .box_h = 24, .ofs_x = 0, .ofs_y = 0},
    {.bitmap_index = 8967, .adv_w = 385, .box_w = 23, .box_h = 17, .ofs_x = 0, .ofs_y = 0},
    {.bitmap_index = 9079, .adv_w = 282, .box_w = 16, .box_h = 22, .ofs_x = 1, .ofs_y = -5},
    {.bitmap_index = 9217, .adv_w = 232, .box_w = 12, .box_h = 22, .ofs_x = 1, .ofs_y = 0},
    {.bitmap_index = 9278, .adv_w = 232, .box_w = 12, .box_h = 22, .ofs_x = 1, .ofs_y = 0},
    {.bitmap_index = 9339, .adv_w = 232, .box_w = 12, .box_h = 22, .ofs_x = 1, .ofs_y = 0},
    {.bitmap_index = 9404, .adv_w = 232, .box_w = 12, .box_h = 22, .ofs_x = 1, .ofs_y = 0},
    {.bitmap_index = 9472, .adv_w = 105, .box_w = 5, .box_h = 22, .ofs_x = 0, .ofs_y = 0},
    {.bitmap_index = 9493, .adv_w = 105, .box_w = 6, .box_h = 22, .ofs_x = 1, .ofs_y = 0},
    {.bitmap_index = 9517, .adv_w = 105, .box_w = 9, .box_h = 22, .ofs_x = -1, .ofs_y = 0},
    {.bitmap_index = 9546, .adv_w = 105, .box_w = 9, .box_h = 22, .ofs_x = -1, .ofs_y = 0},
    {.bitmap_index = 9576, .adv_w = 285, .box_w = 17, .box_h = 17, .ofs_x = 0, .ofs_y = 0},
    {.bitmap_index = 9682, .adv_w = 290, .box_w = 16, .box_h = 22, .ofs_x = 1, .ofs_y = 0},
    {.bitmap_index = 9793, .adv_w = 294, .box_w = 17, .box_h = 23, .ofs_x = 1, .ofs_y = 0},
    {.bitmap_index = 9939, .adv_w = 294, .box_w = 17, .box_h = 23, .ofs_x = 1, .ofs_y = 0},
    {.bitmap_index = 10087, .adv_w = 294, .box_w = 17, .box_h = 23, .ofs_x = 1, .ofs_y = 0},
    {.bitmap_index = 10238, .adv_w = 294, .box_w = 17, .box_h = 22, .ofs_x = 1, .ofs_y = 0},
    {.bitmap_index = 10384, .adv_w = 294, .box_w = 17, .box_h = 22, .ofs_x = 1, .ofs_y = 0},
    {.bitmap_index = 10532, .adv_w = 256, .box_w = 12, .box_h = 12, .ofs_x = 2, .ofs_y = 1},
    {.bitmap_index = 10597, .adv_w = 294, .box_w = 17, .box_h = 19, .ofs_x = 1, .ofs_y = -1},
    {.bitmap_index = 10746, .adv_w = 284, .box_w = 15, .box_h = 23, .ofs_x = 1, .ofs_y = 0},
    {.bitmap_index = 10825, .adv_w = 284, .box_w = 15, .box_h = 23, .ofs_x = 1, .ofs_y = 0},
    {.bitmap_index = 10903, .adv_w = 284, .box_w = 15, .box_h = 23, .ofs_x = 1, .ofs_y = 0},
    {.bitmap_index = 10986, .adv_w = 284, .box_w = 15, .box_h = 22, .ofs_x = 1, .ofs_y = 0},
    {.bitmap_index = 11067, .adv_w = 267, .box_w = 17, .box_h = 22, .ofs_x = 0, .ofs_y = 0},
    {.bitmap_index = 11170, .adv_w = 248, .box_w = 13, .box_h = 17, .ofs_x = 1, .ofs_y = 0},
    {.bitmap_index = 11233, .adv_w = 242, .box_w = 13, .box_h = 17, .ofs_x = 1, .ofs_y = 0},
    {.bitmap_index = 11319, .adv_w = 218, .box_w = 12, .box_h = 18, .ofs_x = 0, .ofs_y = 0},
    {.bitmap_index = 11411, .adv_w = 218, .box_w = 12, .box_h = 18, .ofs_x = 0, .ofs_y = 0},
    {.bitmap_index = 11503, .adv_w = 218, .box_w = 12, .box_h = 18, .ofs_x = 0, .ofs_y = 0},
    {.bitmap_index = 11599, .adv_w = 218, .box_w = 12, .box_h = 18, .ofs_x = 0, .ofs_y = 0},
    {.bitmap_index = 11695, .adv_w = 218, .box_w = 12, .box_h = 18, .ofs_x = 0, .ofs_y = 0},
    {.bitmap_index = 11794, .adv_w = 218, .box_w = 12, .box_h = 20, .ofs_x = 0, .ofs_y = 0},
    {.bitmap_index = 11897, .adv_w = 351, .box_w = 21, .box_h = 13, .ofs_x = 0, .ofs_y = 0},
    {.bitmap_index = 12024, .adv_w = 222, .box_w = 12, .box_h = 18, .ofs_x = 1, .ofs_y = -5},
    {.bitmap_index = 12116, .adv_w = 226, .box_w = 13, .box_h = 18, .ofs_x = 1, .ofs_y = 0},
    {.bitmap_index = 12209, .adv_w = 226, .box_w = 13, .box_h = 18, .ofs_x = 1, .ofs_y = 0},
    {.bitmap_index = 12303, .adv_w = 226, .box_w = 13, .box_h = 18, .ofs_x = 1, .ofs_y = 0},
    {.bitmap_index = 12399, .adv_w = 226, .box_w = 13, .box_h = 18, .ofs_x = 1, .ofs_y = 0},
    {.bitmap_index = 12502, .adv_w = 97, .box_w = 6, .box_h = 18, .ofs_x = -1, .ofs_y = 0},
    {.bitmap_index = 12523, .adv_w = 97, .box_w = 6, .box_h = 18, .ofs_x = 1, .ofs_y = 0},
    {.bitmap_index = 12544, .adv_w = 97, .box_w = 10, .box_h = 18, .ofs_x = -2, .ofs_y = 0},
    {.bitmap_index = 12578, .adv_w = 97, .box_w = 9, .box_h = 18, .ofs_x = -1, .ofs_y = 0},
    {.bitmap_index = 12610, .adv_w = 226, .box_w = 12, .box_h = 19, .ofs_x = 1, .ofs_y = 0},
    {.bitmap_index = 12711, .adv_w = 231, .box_w = 12, .box_h = 18, .ofs_x = 1, .ofs_y = 0},
    {.bitmap_index = 12773, .adv_w = 232, .box_w = 13, .box_h = 18, .ofs_x = 1, .ofs_y = 0},
    {.bitmap_index = 12872, .adv_w = 232, .box_w = 13, .box_h = 18, .ofs_x = 1, .ofs_y = 0},
    {.bitmap_index = 12971, .adv_w = 232, .box_w = 13, .box_h = 18, .ofs_x = 1, .ofs_y = 0},
    {.bitmap_index = 13072, .adv_w = 232, .box_w = 13, .box_h = 18, .ofs_x = 1, .ofs_y = 0},
    {.bitmap_index = 13174, .adv_w = 232, .box_w = 13, .box_h = 18, .ofs_x = 1, .ofs_y = 0},
    {.bitmap_index = 13281, .adv_w = 256, .box_w = 12, .box_h = 13, .ofs_x = 2, .ofs_y = 0},
    {.bitmap_index = 13331, .adv_w = 232, .box_w = 14, .box_h = 15, .ofs_x = 0, .ofs_y = -1},
    {.bitmap_index = 13433, .adv_w = 231, .box_w = 12, .box_h = 18, .ofs_x = 1, .ofs_y = 0},
    {.bitmap_index = 13491, .adv_w = 231, .box_w = 12, .box_h = 18, .ofs_x = 1, .ofs_y = 0},
    {.bitmap_index = 13549, .adv_w = 231, .box_w = 12, .box_h = 18, .ofs_x = 1, .ofs_y = 0},
    {.bitmap_index = 13610, .adv_w = 231, .box_w = 12, .box_h = 18, .ofs_x = 1, .ofs_y = 0},
    {.bitmap_index = 13674, .adv_w = 221, .box_w = 14, .box_h = 23, .ofs_x = 0, .ofs_y = -5},
    {.bitmap_index = 13794, .adv_w = 237, .box_w = 13, .box_h = 22, .ofs_x = 1, .ofs_y = -5},
    {.bitmap_index = 13876, .adv_w = 221, .box_w = 14, .box_h = 23, .ofs_x = 0, .ofs_y = -5},
    {.bitmap_index = 14005, .adv_w = 294, .box_w = 17, .box_h = 24, .ofs_x = 1, .ofs_y = -1},
    {.bitmap_index = 14166, .adv_w = 232, .box_w = 13, .box_h = 20, .ofs_x = 1, .ofs_y = -1},
    {.bitmap_index = 14283, .adv_w = 284, .box_w = 15, .box_h = 24, .ofs_x = 1, .ofs_y = -1},
    {.bitmap_index = 14377, .adv_w = 231, .box_w = 12, .box_h = 20, .ofs_x = 1, .ofs_y = -1},
    {.bitmap_index = 14454, .adv_w = 384, .box_w = 23, .box_h = 24, .ofs_x = 0, .ofs_y = -2},
    {.bitmap_index = 14584, .adv_w = 384, .box_w = 24, .box_h = 24, .ofs_x = 0, .ofs_y = -3},
    {.bitmap_index = 14784, .adv_w = 288, .box_w = 18, .box_h = 26, .ofs_x = 0, .ofs_y = -3},
    {.bitmap_index = 14881, .adv_w = 240, .box_w = 14, .box_h = 22, .ofs_x = 0, .ofs_y = -2},
    {.bitmap_index = 14958, .adv_w = 336, .box_w = 20, .box_h = 22, .ofs_x = 0, .ofs_y = -2},
    {.bitmap_index = 15070, .adv_w = 480, .box_w = 29, .box_h = 22, .ofs_x = 1, .ofs_y = -2},
    {.bitmap_index = 15284, .adv_w = 288, .box_w = 18, .box_h = 22, .ofs_x = 0, .ofs_y = -2},
    {.bitmap_index = 15380, .adv_w = 336, .box_w = 20, .box_h = 22, .ofs_x = 1, .ofs_y = -2},
    {.bitmap_index = 15491, .adv_w = 288, .box_w = 18, .box_h = 22, .ofs_x = 0, .ofs_y = -2},
    {.bitmap_index = 15548, .adv_w = 336, .box_w = 21, .box_h = 22, .ofs_x = 0, .ofs_y = -2},
    {.bitmap_index = 15600, .adv_w = 288, .box_w = 18, .box_h = 22, .ofs_x = 0, .ofs_y = -2},
    {.bitmap_index = 15695, .adv_w = 384, .box_w = 24, .box_h = 20, .ofs_x = 0, .ofs_y = 0},
    {.bitmap_index = 15760, .adv_w = 288, .box_w = 18, .box_h = 26, .ofs_x = 0, .ofs_y = -3},
    {.bitmap_index = 15862, .adv_w = 480, .box_w = 29, .box_h = 18, .ofs_x = 1, .ofs_y = 0},
    {.bitmap_index = 15980, .adv_w = 480, .box_w = 29, .box_h = 18, .ofs_x = 1, .ofs_y = 0},
    {.bitmap_index = 16098, .adv_w = 480, .box_w = 29, .box_h = 18, .ofs_x = 1, .ofs_y = 0},
    {.bitmap_index = 16218, .adv_w = 480, .box_w = 29, .box_h = 18, .ofs_x = 1, .ofs_y = 0},
    {.bitmap_index = 16335, .adv_w = 480, .box_w = 29, .box_h = 19, .ofs_x = 1, .ofs_y = -2}
};

/*---------------------
 *  CHARACTER MAPPING
 *--------------------*/

static const uint16_t unicode_list_3[] = {
    0x0, 0x1, 0x20, 0x21, 0xeeb1, 0xeed1, 0xeed3, 0xeed6,
    0xeed7, 0xeed8, 0xeef8, 0xeefb, 0xeefc, 0xeefd, 0xef01, 0xef2b,
    0xef4c, 0xf0f0, 0xf0f1, 0xf0f2, 0xf0f3, 0xf0f4
};

/*Collect the unicode lists and glyph_id offsets*/
static const lv_font_fmt_txt_cmap_t cmaps[] =
{
    {
        .range_start = 32, .range_length = 95, .glyph_id_start = 1,
        .unicode_list = NULL, .glyph_id_ofs_list = NULL, .list_length = 0, .type = LV_FONT_FMT_TXT_CMAP_FORMAT0_TINY
    },
    {
        .range_start = 160, .range_length = 13, .glyph_id_start = 96,
        .unicode_list = NULL, .glyph_id_ofs_list = NULL, .list_length = 0, .type = LV_FONT_FMT_TXT_CMAP_FORMAT0_TINY
    },
    {
        .range_start = 174, .range_length = 82, .glyph_id_start = 109,
        .unicode_list = NULL, .glyph_id_ofs_list = NULL, .list_length = 0, .type = LV_FONT_FMT_TXT_CMAP_FORMAT0_TINY
    },
    {
        .range_start = 336, .range_length = 61685, .glyph_id_start = 191,
        .unicode_list = unicode_list_3, .glyph_id_ofs_list = NULL, .list_length = 22, .type = LV_FONT_FMT_TXT_CMAP_SPARSE_TINY
    }
};

/*-----------------
 *    KERNING
 *----------------*/


/*Pair left and right glyphs for kerning*/
static const uint8_t kern_pair_glyph_ids[] =
{
    3, 7,
    3, 13,
    3, 15,
    3, 21,
    3, 98,
    7, 3,
    7, 8,
    7, 61,
    7, 109,
    8, 7,
    8, 13,
    8, 15,
    8, 21,
    8, 98,
    9, 93,
    9, 98,
    11, 7,
    11, 13,
    11, 15,
    11, 21,
    11, 33,
    11, 64,
    11, 105,
    12, 19,
    12, 20,
    12, 24,
    12, 61,
    12, 117,
    13, 1,
    13, 2,
    13, 3,
    13, 8,
    13, 17,
    13, 18,
    13, 20,
    13, 22,
    13, 23,
    13, 24,
    13, 25,
    13, 26,
    13, 32,
    13, 33,
    13, 105,
    13, 117,
    14, 19,
    14, 20,
    14, 24,
    14, 61,
    14, 117,
    15, 1,
    15, 2,
    15, 3,
    15, 8,
    15, 17,
    15, 18,
    15, 20,
    15, 22,
    15, 23,
    15, 24,
    15, 25,
    15, 26,
    15, 32,
    15, 33,
    15, 105,
    15, 117,
    16, 13,
    16, 15,
    16, 61,
    17, 13,
    17, 15,
    17, 24,
    17, 61,
    17, 64,
    18, 10,
    18, 62,
    18, 64,
    18, 94,
    19, 21,
    20, 11,
    20, 13,
    20, 15,
    20, 63,
    20, 107,
    20, 111,
    21, 11,
    21, 13,
    21, 15,
    21, 18,
    21, 63,
    21, 109,
    21, 111,
    21, 117,
    22, 11,
    22, 13,
    22, 15,
    22, 63,
    22, 109,
    22, 111,
    23, 13,
    23, 15,
    23, 64,
    24, 4,
    24, 7,
    24, 13,
    24, 15,
    24, 17,
    24, 20,
    24, 21,
    24, 22,
    24, 23,
    24, 24,
    24, 25,
    24, 26,
    24, 27,
    24, 28,
    24, 29,
    24, 64,
    24, 98,
    24, 107,
    25, 11,
    25, 13,
    25, 15,
    25, 63,
    25, 107,
    25, 111,
    26, 13,
    26, 15,
    26, 24,
    26, 61,
    26, 64,
    27, 61,
    28, 61,
    30, 61,
    31, 24,
    31, 61,
    33, 13,
    33, 15,
    33, 16,
    33, 61,
    33, 64,
    33, 109,
    60, 93,
    60, 98,
    61, 3,
    61, 5,
    61, 8,
    61, 11,
    61, 12,
    61, 14,
    61, 16,
    61, 18,
    61, 29,
    61, 30,
    61, 32,
    61, 33,
    61, 61,
    61, 63,
    61, 95,
    61, 98,
    61, 105,
    61, 107,
    61, 108,
    61, 109,
    61, 111,
    61, 112,
    61, 117,
    61, 118,
    61, 122,
    61, 150,
    61, 182,
    63, 7,
    63, 13,
    63, 15,
    63, 21,
    63, 33,
    63, 64,
    63, 105,
    64, 11,
    64, 17,
    64, 18,
    64, 20,
    64, 21,
    64, 22,
    64, 23,
    64, 25,
    64, 26,
    64, 33,
    64, 61,
    64, 63,
    64, 93,
    64, 105,
    64, 111,
    64, 117,
    92, 93,
    92, 98,
    93, 10,
    93, 62,
    93, 64,
    93, 94,
    95, 19,
    95, 20,
    95, 24,
    95, 61,
    95, 117,
    97, 61,
    98, 3,
    98, 8,
    98, 10,
    98, 18,
    98, 61,
    98, 62,
    98, 94,
    98, 109,
    105, 13,
    105, 15,
    105, 16,
    105, 61,
    105, 64,
    105, 109,
    109, 7,
    109, 21,
    109, 33,
    109, 98,
    109, 105,
    111, 7,
    111, 13,
    111, 15,
    111, 21,
    111, 33,
    111, 64,
    111, 105,
    112, 61,
    116, 12,
    116, 14,
    116, 16,
    116, 29,
    116, 64,
    116, 95,
    116, 108,
    116, 118,
    116, 182,
    117, 10,
    117, 62,
    117, 64,
    117, 94,
    118, 19,
    118, 20,
    118, 24,
    118, 61,
    118, 117,
    122, 18,
    122, 19,
    122, 20,
    122, 24,
    122, 25,
    122, 61,
    126, 61,
    150, 61,
    182, 19,
    182, 20,
    182, 24,
    182, 61,
    182, 117
};

/* Kerning between the respective left and right glyphs
 * 4.4 format which needs to scaled with `kern_scale`*/
static const int8_t kern_pair_values[] =
{
    -13, -32, -32, -24, -6, -13, -13, -24,
    -9, -13, -32, -32, -24, -6, 2, -4,
    -13, -52, -52, -17, -5, -26, -5, -11,
    -4, -9, -19, -5, -4, -1, -34, -34,
    -10, -34, -10, -4, -10, -7, -9, -3,
    -34, -17, -17, -19, -11, -4, -9, -19,
    -5, -4, -1, -34, -34, -10, -34, -10,
    -4, -10, -7, -9, -3, -34, -17, -17,
    -19, -15, -15, 1, -10, -10, -7, -6,
    -17, 2, 2, 2, 2, -6, -5, -8,
    -8, -5, -13, -5, -10, -13, -13, -10,
    -10, -2, -10, -16, -1, -10, -10, -1,
    -2, -1, -12, -12, -17, -22, -17, -48,
    -48, -6, -6, -22, -4, -6, 8, -5,
    -4, -13, -13, -35, -61, -19, -24, -5,
    -8, -8, -5, -13, -5, -10, -10, -7,
    -6, -17, -24, -24, -26, -28, -28, -17,
    -17, -15, -14, -15, -2, 2, -4, -30,
    -2, -30, -32, -13, -13, 7, -15, -5,
    -19, -24, -14, -19, -32, -13, -3, -14,
    -13, -13, -27, -32, -19, -19, -13, -13,
    -13, -13, -13, -52, -52, -17, -5, -26,
    -5, -26, -17, -41, -17, -22, -17, -17,
    -17, -17, -15, -30, -26, 13, -15, -26,
    -17, 2, -4, 2, 2, 2, 2, -11,
    -4, -9, -19, -5, -13, -6, -6, -4,
    -13, -21, -4, -4, -4, -17, -17, -15,
    -14, -15, -2, -13, -19, -2, -11, -2,
    -13, -52, -52, -17, -5, -26, -5, -26,
    -15, -15, -13, -15, -13, -15, -13, -15,
    -15, 2, 2, 2, 2, -11, -4, -9,
    -15, -5, -15, -19, -17, -19, -13, -24,
    -35, -15, -11, -4, -9, -19, -5
};

/*Collect the kern pair's data in one place*/
static const lv_font_fmt_txt_kern_pair_t kern_pairs =
{
    .glyph_ids = kern_pair_glyph_ids,
    .values = kern_pair_values,
    .pair_cnt = 263,
    .glyph_ids_size = 0
};

/*--------------------
 *  ALL CUSTOM DATA
 *--------------------*/

#if LVGL_VERSION_MAJOR == 8
/*Store all the custom data of the font*/
static  lv_font_fmt_txt_glyph_cache_t cache;
#endif

#if LVGL_VERSION_MAJOR >= 8
static const lv_font_fmt_txt_dsc_t font_dsc = {
#else
static lv_font_fmt_txt_dsc_t font_dsc = {
#endif
    .glyph_bitmap = glyph_bitmap,
    .glyph_dsc = glyph_dsc,
    .cmaps = cmaps,
    .kern_dsc = &kern_pairs,
    .kern_scale = 16,
    .cmap_num = 4,
    .bpp = 4,
    .kern_classes = 0,
    .bitmap_format = 1,
#if LVGL_VERSION_MAJOR == 8
    .cache = &cache
#endif
};



/*-----------------
 *  PUBLIC FONT
 *----------------*/

/*Initialize a public general font descriptor*/
#if LVGL_VERSION_MAJOR >= 8
const lv_font_t mp3_inter_24 = {
#else
lv_font_t mp3_inter_24 = {
#endif
    .get_glyph_dsc = lv_font_get_glyph_dsc_fmt_txt,    /*Function pointer to get glyph's data*/
    .get_glyph_bitmap = lv_font_get_bitmap_fmt_txt,    /*Function pointer to get glyph's bitmap*/
    .line_height = 30,          /*The maximum line height required by the font*/
    .base_line = 6,             /*Baseline measured from the bottom of the line*/
#if !(LVGL_VERSION_MAJOR == 6 && LVGL_VERSION_MINOR == 0)
    .subpx = LV_FONT_SUBPX_NONE,
#endif
#if LV_VERSION_CHECK(7, 4, 0) || LVGL_VERSION_MAJOR >= 8
    .underline_position = -4,
    .underline_thickness = 2,
#endif
    .dsc = &font_dsc,          /*The custom font data. Will be accessed by `get_glyph_bitmap/dsc` */
#if LV_VERSION_CHECK(8, 2, 0) || LVGL_VERSION_MAJOR >= 9
    .fallback = NULL,
#endif
    .user_data = NULL,
};



#endif /*#if MP3_INTER_24*/

