/*******************************************************************************
 * Size: 18 px
 * Bpp: 4
 * Opts: --bpp 4 --size 18 --font inter-500-latin.ttf -r 0x20-0x7E,0xA0-0xFF --font inter-500-latin-ext.ttf -r 0x0150-0x0151,0x0170-0x0171 --font fa-solid-900.ttf -r 0xF001,0xF021,0xF023,0xF026-0xF028,0xF048,0xF04B-0xF04D,0xF051,0xF07B,0xF09C,0xF240-0xF244 --format lvgl --lv-include lvgl.h -o out/mp3_inter_18.c
 ******************************************************************************/

#ifdef LV_LVGL_H_INCLUDE_SIMPLE
#include "lvgl.h"
#else
#include "lvgl.h"
#endif

#ifndef MP3_INTER_18
#define MP3_INTER_18 1
#endif

#if MP3_INTER_18

/*-----------------
 *    BITMAPS
 *----------------*/

/*Store the image of the glyphs*/
static LV_ATTRIBUTE_LARGE_CONST const uint8_t glyph_bitmap[] = {
    /* U+0020 " " */

    /* U+0021 "!" */
    0x5f, 0xc0, 0xe, 0x10, 0xf, 0xe7, 0x0, 0xe7,
    0x0, 0xfe, 0x10, 0x3f, 0xa0, 0x18, 0x40, 0x67,
    0xb0, 0x31, 0x40,

    /* U+0022 "\"" */
    0x2f, 0xc0, 0xef, 0x3, 0x7, 0x3, 0x0, 0xf0,
    0x80, 0x4, 0x4, 0x0, 0x20, 0x11, 0x83, 0x80,
    0x5b, 0x1, 0x58, 0x0,

    /* U+0023 "#" */
    0x0, 0x97, 0xcc, 0x1, 0x78, 0x1, 0xda, 0x6,
    0x0, 0x56, 0x0, 0xe2, 0x10, 0x0, 0x8b, 0x40,
    0x2c, 0xf5, 0x1f, 0xf7, 0x4, 0x79, 0x2, 0x30,
    0x1, 0x98, 0x0, 0x47, 0x20, 0x8b, 0x9, 0x99,
    0x82, 0xe0, 0x2, 0x70, 0x50, 0x1, 0x10, 0x3,
    0x88, 0xc, 0x0, 0xae, 0x1, 0x47, 0xc0, 0x7f,
    0xc2, 0xbe, 0xa1, 0xce, 0x0, 0x77, 0x18, 0x13,
    0xb8, 0x1a, 0x1, 0xe2, 0x14, 0x1f, 0x4, 0x0,
    0x20, 0xe0, 0x7, 0x81, 0x0, 0x67, 0x5, 0x0,
    0x11, 0x0, 0x30,

    /* U+0024 "$" */
    0x0, 0xe5, 0x30, 0xf, 0xee, 0x50, 0xf, 0xfe,
    0x33, 0xea, 0x4e, 0x30, 0x6, 0xd8, 0x20, 0x1,
    0xcd, 0x0, 0x1c, 0x8f, 0x92, 0x74, 0x95, 0x3,
    0x42, 0x44, 0x0, 0x52, 0xee, 0x2, 0xf, 0x0,
    0xc9, 0x6, 0x12, 0x4b, 0xc9, 0xa0, 0x1c, 0x3b,
    0x6, 0x9, 0xf4, 0x20, 0x19, 0xf4, 0x8c, 0xcb,
    0xe2, 0x1, 0xcd, 0x58, 0xc3, 0x1, 0x78, 0x1,
    0xd8, 0x6, 0xe, 0x72, 0x1, 0xc, 0x6, 0x87,
    0x83, 0x7a, 0x4f, 0x11, 0xb8, 0x1e, 0xb1, 0x0,
    0xe, 0x30, 0x2, 0x29, 0xd4, 0x9c, 0x70, 0xf,
    0xb9, 0x40, 0x30,

    /* U+0025 "%" */
    0x3, 0xcf, 0xd4, 0x0, 0xeb, 0xd0, 0xb, 0x42,
    0x9a, 0xc4, 0x2, 0x74, 0xf0, 0x0, 0x8a, 0x97,
    0xc0, 0x80, 0x5, 0x10, 0x20, 0x0, 0x86, 0xe,
    0x1, 0x0, 0x38, 0xdc, 0x3, 0x4a, 0xf3, 0xb8,
    0x42, 0xf, 0x80, 0x39, 0xbb, 0x3a, 0x0, 0xde,
    0x48, 0x3, 0xc2, 0x62, 0x0, 0xe5, 0x60, 0xf,
    0xfa, 0x4e, 0xc1, 0x7b, 0xf0, 0x80, 0x39, 0x1a,
    0x84, 0x54, 0x96, 0x52, 0x1, 0x86, 0x99, 0x1,
    0x2, 0x51, 0xd0, 0x3, 0x59, 0xc8, 0x7, 0xfc,
    0xaa, 0xe0, 0x9, 0x2, 0x15, 0xd0, 0x0, 0x34,
    0xe6, 0x1, 0xd, 0x35, 0x2d, 0x0,

    /* U+0026 "&" */
    0x0, 0xa7, 0xbf, 0x10, 0x3, 0xd4, 0xc6, 0xa7,
    0x64, 0x1, 0xca, 0x3b, 0x52, 0xa, 0x1, 0xe3,
    0x0, 0x8, 0x10, 0x7, 0x21, 0x2b, 0x41, 0x28,
    0x7, 0x48, 0x54, 0x9e, 0x0, 0x79, 0x80, 0x2d,
    0x10, 0x22, 0x0, 0x16, 0xc5, 0x43, 0x40, 0x1b,
    0x20, 0xb, 0xc, 0xa7, 0x3a, 0x40, 0x20, 0x21,
    0x22, 0x4, 0x2a, 0xac, 0x34, 0x8, 0x8, 0xc0,
    0x16, 0x1, 0x20, 0x2, 0x3, 0x2e, 0xde, 0x1,
    0x20, 0x1, 0xe8, 0xd1, 0x5, 0x3a, 0x36, 0x40,

    /* U+0027 "'" */
    0x2f, 0xc3, 0x7, 0x0, 0x84, 0x4, 0x0, 0x61,
    0xb0,

    /* U+0028 "(" */
    0x0, 0x99, 0x40, 0xf, 0x3a, 0x0, 0xa0, 0x90,
    0x32, 0x41, 0x4, 0xc, 0x0, 0x58, 0x20, 0x0,
    0xc0, 0xc0, 0x40, 0x40, 0x4, 0x4, 0x1, 0xf0,
    0x80, 0x80, 0x8, 0x8, 0x2, 0x30, 0x30, 0x2,
    0x5, 0x80, 0x28, 0x14, 0x0, 0x48, 0x46, 0x0,
    0x80, 0x90,

    /* U+0029 ")" */
    0x17, 0x50, 0x0, 0xd5, 0x4, 0x1, 0x41, 0x20,
    0x6, 0x6, 0x0, 0x9, 0x9, 0x0, 0x10, 0x10,
    0x1, 0x81, 0x80, 0x6, 0x6, 0x0, 0x8, 0x8,
    0x7, 0xc2, 0x2, 0x0, 0x60, 0x60, 0x6, 0x86,
    0x0, 0x14, 0x10, 0xc, 0x8c, 0x82, 0x82, 0x40,
    0x58, 0x94, 0x0,

    /* U+002A "*" */
    0x0, 0xbd, 0x40, 0x24, 0x50, 0x8, 0x9c, 0x32,
    0xac, 0x3f, 0x68, 0x63, 0x18, 0x16, 0x74, 0x4f,
    0xc8, 0x6, 0x18, 0x2d, 0xf4, 0x6d, 0xac, 0x22,
    0xc8, 0x42, 0x34, 0x3, 0x4b, 0x80, 0x40,

    /* U+002B "+" */
    0x0, 0xdb, 0xc0, 0x1f, 0xfc, 0xc3, 0xaa, 0x88,
    0x6a, 0xa3, 0x65, 0x58, 0x0, 0xab, 0x32, 0xff,
    0xc4, 0x3f, 0xf2, 0x80, 0x7f, 0xf3, 0x2e, 0x40,
    0x30,

    /* U+002C "," */
    0x2, 0x21, 0xef, 0x28, 0x5f, 0x2, 0x10, 0x9b,
    0xa0, 0x0,

    /* U+002D "-" */
    0x8b, 0xbe, 0x4, 0x4f, 0x8,

    /* U+002E "." */
    0x18, 0x40, 0x67, 0xb0, 0x31, 0x50,

    /* U+002F "/" */
    0x0, 0xd1, 0xe4, 0x1, 0x94, 0x48, 0x2, 0x12,
    0x40, 0xc, 0x81, 0xe0, 0x1b, 0x1, 0x0, 0x32,
    0x10, 0x80, 0x44, 0x44, 0x0, 0xc8, 0x18, 0x1,
    0xb0, 0x10, 0x3, 0x21, 0x88, 0x4, 0x62, 0x80,
    0x19, 0x3, 0x0, 0x36, 0x2, 0x0, 0x64, 0x40,
    0x6, 0x30, 0xc0, 0xd, 0x60, 0x80, 0x18,

    /* U+0030 "0" */
    0x0, 0x2e, 0x7f, 0x51, 0x0, 0x51, 0x46, 0x72,
    0xe1, 0x81, 0x38, 0x6e, 0x6b, 0x8f, 0x85, 0x84,
    0x10, 0x2, 0x8, 0xc9, 0x1, 0x40, 0x32, 0x2,
    0x18, 0x10, 0x6, 0xf0, 0xe1, 0x0, 0xfc, 0x22,
    0x0, 0xfc, 0x26, 0x4, 0x1, 0xbc, 0x3d, 0x1,
    0x40, 0x32, 0x2, 0x50, 0x41, 0x0, 0x20, 0x8c,
    0xe7, 0xd, 0xcd, 0x70, 0xf0, 0x4, 0x49, 0x9c,
    0xba, 0x60,

    /* U+0031 "1" */
    0x0, 0x16, 0xff, 0x80, 0xd, 0xa4, 0x1, 0x14,
    0x96, 0x80, 0x66, 0xd2, 0x0, 0x8a, 0x40, 0x3f,
    0xfe, 0x20,

    /* U+0032 "2" */
    0x1, 0x9e, 0xfe, 0x91, 0x0, 0x63, 0x2, 0x3,
    0x60, 0xb9, 0x27, 0x5f, 0x21, 0x36, 0x8c, 0x0,
    0x5e, 0x1b, 0x5c, 0x60, 0x11, 0x1, 0x80, 0x7a,
    0xc2, 0x80, 0x3a, 0xc9, 0xcc, 0x3, 0x5a, 0x2c,
    0x0, 0x6b, 0x45, 0xa0, 0xd, 0x68, 0x8a, 0x0,
    0xd4, 0x88, 0xb0, 0xd, 0x2a, 0xd, 0x99, 0xac,
    0x80, 0x4, 0x67, 0x94,

    /* U+0033 "3" */
    0x1, 0x8d, 0xfe, 0xa2, 0x0, 0xe, 0x39, 0xa1,
    0xae, 0x90, 0x49, 0x2f, 0x5e, 0xb8, 0x40, 0x64,
    0xd8, 0x5, 0x40, 0xc0, 0x8c, 0x20, 0x15, 0x2,
    0x0, 0x67, 0xad, 0x75, 0x80, 0xd, 0x8a, 0x42,
    0x40, 0x1d, 0x7f, 0xa8, 0xf8, 0x1, 0xe2, 0xa1,
    0x32, 0x89, 0x10, 0xc, 0x40, 0xc6, 0xd0, 0x1,
    0x31, 0x82, 0xc8, 0x37, 0x67, 0x48, 0x48, 0x96,
    0xb0, 0x18, 0x26, 0x30, 0x0,

    /* U+0034 "4" */
    0x0, 0xea, 0xff, 0x10, 0x7, 0x22, 0x80, 0x7e,
    0x90, 0xf, 0xd0, 0x52, 0x60, 0x1c, 0x4e, 0x4c,
    0x1, 0xe9, 0xe, 0x0, 0xf2, 0xa3, 0x18, 0x7,
    0xd, 0x8c, 0x0, 0x7a, 0x6, 0x4, 0x3, 0xcc,
    0x13, 0xff, 0x18, 0x6e, 0x8c, 0xfc, 0x0, 0x17,
    0xcc, 0xf1, 0x86, 0x50, 0x7, 0xf8,

    /* U+0035 "5" */
    0x1f, 0xff, 0x8c, 0x80, 0x51, 0x38, 0x5c, 0x1e,
    0xef, 0x88, 0x81, 0xc0, 0x1e, 0xe0, 0x26, 0x98,
    0x30, 0x1, 0x5, 0x4b, 0x3e, 0x40, 0x62, 0xbe,
    0xfd, 0xb, 0xa3, 0x54, 0x10, 0x2d, 0x87, 0x80,
    0x79, 0xc1, 0xa2, 0x0, 0x18, 0x40, 0x4d, 0xe0,
    0x2, 0xf0, 0xb8, 0x7, 0xdb, 0xe3, 0x33, 0x9e,
    0xa9, 0xa1, 0xc6, 0x0,

    /* U+0036 "6" */
    0x0, 0x25, 0xff, 0xad, 0x0, 0x26, 0xb4, 0x22,
    0x25, 0xa8, 0xc, 0x8e, 0x6e, 0xac, 0x2c, 0x18,
    0x20, 0xc0, 0x9, 0x70, 0x36, 0xe, 0x51, 0x2c,
    0x8c, 0x24, 0xf, 0xae, 0xd3, 0xc4, 0x2, 0x13,
    0x2e, 0xe2, 0x8f, 0x0, 0x4e, 0xc2, 0x2a, 0x23,
    0x30, 0x85, 0x80, 0x67, 0x6, 0x40, 0x60, 0xc,
    0xc0, 0xdc, 0x16, 0x40, 0x7, 0x31, 0x34, 0x51,
    0xdb, 0xd8, 0xa, 0x0, 0x54, 0x92, 0x1a, 0x62,
    0x0,

    /* U+0037 "7" */
    0x3f, 0xff, 0xce, 0x26, 0x7e, 0x10, 0x1, 0x66,
    0x78, 0x0, 0xa0, 0x1e, 0x71, 0x62, 0x0, 0xf4,
    0x85, 0x80, 0x7a, 0x5, 0x88, 0x3, 0x85, 0xc2,
    0x0, 0x3d, 0x20, 0xc2, 0x1, 0xc2, 0xe1, 0x0,
    0x1e, 0x90, 0x71, 0x0, 0xe1, 0x70, 0x90, 0xf,
    0x48, 0x38, 0x80, 0x70, 0xb8, 0x48, 0x7, 0x0,

    /* U+0038 "8" */
    0x0, 0x46, 0xff, 0x51, 0x0, 0x5a, 0xe6, 0x86,
    0xba, 0x60, 0xc4, 0x7d, 0x7b, 0x1, 0x0, 0x21,
    0x60, 0x12, 0x83, 0x2, 0x5, 0x80, 0x4a, 0xa,
    0x7, 0x7, 0xb5, 0x90, 0x90, 0x0, 0x22, 0x94,
    0xc0, 0xc0, 0xb, 0x47, 0x9f, 0xa8, 0xf6, 0x10,
    0x1a, 0x60, 0x56, 0x48, 0x64, 0x6, 0x1, 0x84,
    0x1c, 0xc1, 0xc0, 0x23, 0x30, 0x2f, 0x84, 0x6d,
    0x5e, 0x4, 0x9, 0xeb, 0x1a, 0xa9, 0x2d, 0xc0,

    /* U+0039 "9" */
    0x1, 0x9d, 0xfe, 0x91, 0x0, 0xf, 0xb1, 0xa0,
    0x37, 0x88, 0x58, 0xaf, 0x5f, 0x30, 0xd8, 0x20,
    0x50, 0x5, 0x22, 0xa0, 0x20, 0x1f, 0x8d, 0x2,
    0x40, 0x28, 0x10, 0x68, 0x6, 0xda, 0xd6, 0x30,
    0x1, 0xea, 0x9a, 0x36, 0x30, 0x8, 0x15, 0x77,
    0x2c, 0x9c, 0x16, 0xb4, 0xc0, 0x23, 0x22, 0x9,
    0x12, 0x0, 0x3, 0xc1, 0x61, 0x4, 0x9d, 0x9c,
    0x48, 0xc0, 0xc, 0x60, 0x32, 0x8b, 0x0, 0x0,

    /* U+003A ":" */
    0x18, 0x40, 0x67, 0xb0, 0x41, 0x50, 0x3e, 0xa0,
    0xf, 0xfe, 0x8, 0xc2, 0x3, 0x3d, 0x81, 0x8a,
    0x80,

    /* U+003B ";" */
    0x7, 0x60, 0x48, 0x92, 0x52, 0x28, 0x77, 0x40,
    0x1f, 0xfc, 0x22, 0x20, 0x1e, 0xf0, 0x28, 0x58,
    0x70, 0x20, 0x10, 0x98, 0x3a, 0x0, 0x0,

    /* U+003C "<" */
    0x0, 0xff, 0xe2, 0xae, 0x0, 0x79, 0x76, 0x8c,
    0x3, 0x36, 0xd1, 0x2e, 0x0, 0x1b, 0x64, 0x9f,
    0xa8, 0xc1, 0xe4, 0xa3, 0xe0, 0x40, 0x22, 0x0,
    0x5a, 0x80, 0x72, 0xf3, 0x9d, 0x73, 0x80, 0x61,
    0x8e, 0x80, 0x8f, 0x80, 0xc, 0x2f, 0xd0, 0x2e,
    0x1, 0xf3, 0xf4, 0x0,

    /* U+003D "=" */
    0x1b, 0xbf, 0xc2, 0x8, 0x9f, 0x80, 0x7f, 0xff,
    0x8, 0x7, 0xf8, 0x6e, 0xff, 0x8, 0x22, 0x7e,
    0x0,

    /* U+003E ">" */
    0x0, 0xff, 0xb1, 0x40, 0x3f, 0x1d, 0x6a, 0x80,
    0x7b, 0x14, 0xab, 0x58, 0x3, 0x1d, 0x73, 0x94,
    0xeb, 0x0, 0x61, 0x8f, 0x82, 0x97, 0x0, 0xe5,
    0xb0, 0x1, 0x0, 0x4f, 0xd4, 0x6f, 0xca, 0x11,
    0xf0, 0x11, 0xd0, 0x20, 0x7, 0x18, 0xe7, 0x10,
    0xd, 0x1c, 0xe0, 0x1e,

    /* U+003F "?" */
    0x0, 0x3e, 0xff, 0x51, 0x0, 0x26, 0xd, 0xd,
    0x70, 0x44, 0xc1, 0xf7, 0xa8, 0x2c, 0x11, 0x42,
    0x0, 0xd0, 0xe1, 0x75, 0x0, 0xa8, 0x3c, 0x3,
    0x16, 0x19, 0x98, 0x2, 0x1c, 0x37, 0xc0, 0xc,
    0xc2, 0xf0, 0x1, 0xdc, 0x16, 0x1, 0xe9, 0xf3,
    0x0, 0xf2, 0x40, 0x80, 0x7a, 0x9e, 0x0, 0x3c,
    0x81, 0x80, 0x10,

    /* U+0040 "@" */
    0x0, 0xc9, 0x5b, 0xfe, 0xda, 0x40, 0xf, 0xe,
    0x5a, 0xb3, 0x4e, 0x97, 0x61, 0x0, 0x87, 0xce,
    0x3e, 0xe6, 0x55, 0xd0, 0x98, 0x1, 0x50, 0xd3,
    0x80, 0x79, 0xe8, 0xa4, 0xd, 0x15, 0x40, 0x5,
    0x86, 0x18, 0x45, 0x53, 0x15, 0x4, 0x0, 0xe5,
    0x3c, 0xe3, 0x98, 0x70, 0x22, 0x4, 0x82, 0xe,
    0x7f, 0x58, 0x2, 0x40, 0xf3, 0x20, 0x3, 0x2b,
    0x1, 0x40, 0x7, 0x18, 0xb8, 0x8, 0x68, 0x4,
    0x40, 0x1e, 0x17, 0x1, 0xe, 0x0, 0x8c, 0x3,
    0x88, 0xc8, 0x0, 0x48, 0x1, 0x28, 0x78, 0x20,
    0x62, 0x9, 0x4, 0x16, 0x3c, 0xc8, 0x59, 0xe4,
    0x53, 0x42, 0xc1, 0x68, 0x61, 0x2a, 0x87, 0x3,
    0xa0, 0x86, 0xc8, 0xb, 0xbf, 0xa8, 0x8d, 0xfc,
    0x30, 0x7, 0x5, 0xb8, 0x7, 0x84, 0x3, 0x8b,
    0x4a, 0x3e, 0xe6, 0x2b, 0x78, 0x3, 0xc5, 0xb4,
    0xac, 0xc7, 0x46, 0x80, 0xc,

    /* U+0041 "A" */
    0x0, 0xc3, 0xfe, 0xb0, 0xf, 0xe7, 0x0, 0x20,
    0x80, 0x7e, 0xa0, 0x80, 0x60, 0xf, 0x88, 0xcc,
    0xc1, 0x40, 0x1f, 0x50, 0x58, 0x91, 0xc, 0x3,
    0xca, 0xa, 0x14, 0x14, 0x1, 0xc6, 0x45, 0x2,
    0x83, 0x80, 0x75, 0x2, 0x80, 0x8, 0xc5, 0x0,
    0x33, 0x3, 0xff, 0xc6, 0x1c, 0x1, 0x20, 0x1,
    0x57, 0x18, 0x28, 0x80, 0x38, 0x22, 0xab, 0x62,
    0x3, 0x80, 0x14, 0x14, 0x3, 0xb4, 0x28, 0x14,
    0xc, 0x80, 0x39, 0xc0, 0xc8,

    /* U+0042 "B" */
    0x8f, 0xfe, 0xd8, 0x0, 0xc4, 0x88, 0x32, 0x7c,
    0x0, 0xaa, 0xed, 0x9c, 0x26, 0x80, 0x1e, 0x17,
    0x1, 0x0, 0xf0, 0xa0, 0x38, 0x2, 0xe6, 0x55,
    0xe1, 0x64, 0x0, 0x36, 0x62, 0x88, 0x10, 0x5,
    0x1f, 0xf6, 0x4, 0xa8, 0x7, 0x8e, 0x42, 0x40,
    0x3e, 0x60, 0x10, 0xf, 0xac, 0x18, 0x1, 0x57,
    0x6c, 0xe6, 0x8, 0x0, 0x12, 0x20, 0xc1, 0x70,
    0xc0,

    /* U+0043 "C" */
    0x0, 0xb, 0xef, 0xfb, 0x18, 0x3, 0x16, 0x41,
    0x8, 0x8e, 0x6c, 0x2, 0xf2, 0x4e, 0xeb, 0x9,
    0x24, 0x18, 0x8e, 0xc4, 0x0, 0x78, 0xc, 0x34,
    0x10, 0x1, 0xc3, 0x96, 0x4, 0xa, 0x1, 0xe3,
    0x41, 0x10, 0x8, 0x7, 0xf0, 0x80, 0x80, 0x7f,
    0x10, 0x28, 0x7, 0x8d, 0x6, 0x82, 0x0, 0x38,
    0x72, 0xc1, 0x88, 0xec, 0x40, 0x7, 0x80, 0xc2,
    0x1e, 0x29, 0xdd, 0x61, 0x1c, 0x80, 0xb, 0xdc,
    0x84, 0x47, 0x38, 0x0,

    /* U+0044 "D" */
    0x8f, 0xfd, 0xd8, 0xe2, 0x1, 0xc6, 0x7a, 0x30,
    0x80, 0x28, 0xcc, 0x6f, 0x29, 0x78, 0x7, 0xc3,
    0x48, 0x4c, 0x1, 0xfb, 0xc2, 0x80, 0x3f, 0x20,
    0x10, 0x7, 0xf8, 0x40, 0x3f, 0xc2, 0x1, 0xf9,
    0x1, 0x40, 0x3f, 0x78, 0x68, 0x7, 0x86, 0x90,
    0x98, 0x1, 0x19, 0x8d, 0xe5, 0x2f, 0x0, 0xc6,
    0x7a, 0x34, 0x80,

    /* U+0045 "E" */
    0x8f, 0xff, 0xac, 0x0, 0x48, 0x9c, 0x60, 0xa,
    0xbb, 0xe8, 0x0, 0xff, 0xe4, 0x55, 0xdf, 0x10,
    0x0, 0x91, 0x39, 0x80, 0x11, 0xff, 0xc8, 0x1,
    0xff, 0xd1, 0xab, 0xbe, 0x80, 0x1, 0x22, 0x78,

    /* U+0046 "F" */
    0x8f, 0xff, 0xa4, 0x0, 0x48, 0x9d, 0xe0, 0xa,
    0xbb, 0xe6, 0x0, 0xff, 0xe8, 0xc7, 0xff, 0x0,
    0x44, 0x89, 0xc0, 0x15, 0x5d, 0xf0, 0x7, 0xff,
    0x64,

    /* U+0047 "G" */
    0x0, 0xb, 0xef, 0xfb, 0x18, 0x3, 0x16, 0x41,
    0x8, 0x8e, 0x70, 0x40, 0x1e, 0x49, 0xdd, 0x69,
    0x9a, 0x81, 0x88, 0xec, 0x40, 0x5, 0xa0, 0x85,
    0x41, 0x20, 0x1c, 0x3f, 0xe2, 0x20, 0x20, 0x7,
    0xf0, 0x80, 0x80, 0x59, 0xff, 0x98, 0x40, 0x40,
    0x2b, 0x55, 0x8, 0x0, 0x81, 0x40, 0x27, 0xaa,
    0x20, 0x15, 0x4, 0x0, 0x70, 0xa8, 0x2b, 0x11,
    0xd8, 0x80, 0xb, 0x41, 0x84, 0x3c, 0x93, 0xba,
    0xd3, 0x34, 0x80, 0xb, 0x20, 0x84, 0x47, 0x38,
    0x0,

    /* U+0048 "H" */
    0x8f, 0x70, 0xe, 0x1f, 0xf0, 0x7, 0xff, 0x8a,
    0xae, 0xfb, 0x40, 0x31, 0x22, 0x71, 0x80, 0x68,
    0xff, 0xee, 0x0, 0xff, 0xf6, 0x80,

    /* U+0049 "I" */
    0x8f, 0x70, 0xf, 0xfe, 0xc0,

    /* U+004A "J" */
    0x0, 0xf0, 0xff, 0x0, 0x7f, 0xfc, 0xca, 0xa0,
    0x3, 0xe5, 0x50, 0x4, 0x60, 0x64, 0x4, 0x80,
    0xa, 0x6, 0x8, 0xb, 0xcd, 0x70, 0x80, 0x79,
    0x23, 0x24, 0xc3,

    /* U+004B "K" */
    0x8f, 0x70, 0xc, 0x7f, 0xe6, 0x0, 0xf1, 0x68,
    0x43, 0x0, 0x70, 0xe0, 0xbb, 0x80, 0x38, 0x70,
    0x56, 0x0, 0x3d, 0xa4, 0x94, 0x1, 0xe9, 0x30,
    0xb0, 0xf, 0x5b, 0x0, 0x10, 0x3, 0xc6, 0x6a,
    0xa, 0x10, 0xf, 0x62, 0xa8, 0x68, 0x3, 0x9c,
    0x1, 0x42, 0x8c, 0x1, 0xbc, 0x2, 0xd0, 0x92,
    0x0, 0xf8, 0xdc, 0x38, 0x3, 0xf4, 0x19, 0xa0,

    /* U+004C "L" */
    0x8f, 0x70, 0xf, 0xff, 0xf8, 0x7, 0xff, 0x2e,
    0xae, 0xf9, 0x0, 0x4, 0x89, 0xc4,

    /* U+004D "M" */
    0x8f, 0xf4, 0x80, 0x78, 0xbf, 0xe0, 0x9, 0x80,
    0x3d, 0x40, 0x1c, 0x40, 0xa0, 0x1c, 0xc4, 0x1,
    0x94, 0x38, 0x3, 0x20, 0xa8, 0x6, 0xe2, 0x42,
    0x0, 0xb8, 0x2c, 0x3, 0x94, 0x28, 0x0, 0x2a,
    0x26, 0x1, 0xd4, 0xc, 0x0, 0x60, 0x60, 0xf,
    0x11, 0x8a, 0x5, 0x85, 0x0, 0x7d, 0x21, 0xa4,
    0x66, 0x20, 0xf, 0x94, 0x1d, 0x2, 0x80, 0x3f,
    0x98, 0x6c, 0x18, 0x3, 0xfa, 0x80, 0x94, 0x3,
    0xfc, 0x64, 0x1c, 0x1, 0xc0,

    /* U+004E "N" */
    0x8f, 0xf0, 0x80, 0x76, 0xf9, 0x0, 0x54, 0x1,
    0xfe, 0x14, 0x50, 0xf, 0xe9, 0xb, 0x0, 0xfe,
    0x18, 0x19, 0x0, 0xfc, 0x2e, 0x4c, 0x60, 0x1f,
    0xd2, 0x1c, 0x1, 0xfc, 0x8a, 0x4e, 0x1, 0xfd,
    0x63, 0x2, 0x1, 0xf8, 0x6c, 0x2c, 0x3, 0xf9,
    0x51, 0x4c, 0x3, 0xfa, 0x40, 0x40, 0x3f, 0x8a,
    0x0, 0x20,

    /* U+004F "O" */
    0x0, 0x9f, 0x7f, 0xb1, 0x80, 0x31, 0x6c, 0x10,
    0x81, 0xce, 0x8, 0x3, 0xc9, 0x3b, 0xac, 0x33,
    0x58, 0x31, 0x1d, 0x88, 0x0, 0xf4, 0x54, 0xf4,
    0x24, 0x3, 0x85, 0x82, 0xd4, 0x10, 0x3, 0xd8,
    0x6, 0x20, 0x20, 0x1e, 0x70, 0x71, 0x1, 0x0,
    0xf3, 0x83, 0x90, 0x28, 0x7, 0xb0, 0xe, 0x82,
    0x0, 0x38, 0x58, 0x2d, 0x88, 0xe8, 0x40, 0x7,
    0xa2, 0xa6, 0x1e, 0x4b, 0xdd, 0x61, 0x9a, 0xc0,
    0x5, 0x90, 0x42, 0x7, 0x38, 0x20,

    /* U+0050 "P" */
    0x8f, 0xfe, 0xd7, 0x0, 0xc4, 0x88, 0x32, 0x8b,
    0x0, 0xaa, 0xed, 0x9a, 0x28, 0x80, 0xf, 0x14,
    0x86, 0x80, 0x7c, 0x40, 0x60, 0x1f, 0x60, 0x10,
    0x7, 0x99, 0x81, 0x40, 0x8, 0xff, 0xa4, 0x20,
    0x80, 0x24, 0x42, 0xbe, 0xb8, 0x5, 0x17, 0x6a,
    0x82, 0x0, 0xff, 0xea, 0x0,

    /* U+0051 "Q" */
    0x0, 0x9f, 0x7f, 0xb1, 0x80, 0x31, 0x6c, 0x10,
    0x81, 0xce, 0x8, 0x3, 0xc9, 0x3b, 0xac, 0x33,
    0x58, 0x31, 0x1d, 0x88, 0x0, 0xf4, 0x54, 0xf4,
    0x24, 0x3, 0x85, 0x82, 0xd4, 0x10, 0x3, 0xd8,
    0x6, 0x20, 0x20, 0x1e, 0x70, 0x71, 0x1, 0x0,
    0xf3, 0x83, 0x90, 0x28, 0x0, 0x90, 0x43, 0x0,
    0xe8, 0x20, 0x2, 0xbd, 0x16, 0xb, 0x62, 0x3a,
    0x12, 0xa3, 0xe1, 0x53, 0xf, 0x25, 0xee, 0x58,
    0x5, 0x60, 0x2, 0xc8, 0x21, 0x3, 0x0, 0x10,
    0x4, 0x2f, 0xbf, 0xd9, 0xc3, 0xa2,

    /* U+0052 "R" */
    0x8f, 0xfe, 0xd8, 0x0, 0xe2, 0x44, 0x19, 0x3e,
    0x0, 0x6a, 0xbb, 0x67, 0x11, 0xb0, 0x7, 0xc3,
    0x61, 0xe0, 0x1f, 0xfc, 0x61, 0xb0, 0xf0, 0xa,
    0x2e, 0xd9, 0xc4, 0x46, 0x0, 0xc8, 0x83, 0x4,
    0xd0, 0xd, 0x1f, 0xe7, 0x0, 0xff, 0x40, 0xa2,
    0x0, 0x3f, 0x48, 0x48, 0x7, 0xe7, 0x12, 0x50,
    0xf, 0xd0, 0x10, 0x0,

    /* U+0053 "S" */
    0x0, 0x9f, 0x7f, 0xd8, 0xc0, 0x1b, 0x60, 0x8a,
    0x39, 0xa0, 0x3, 0x91, 0xf6, 0xec, 0x4a, 0x81,
    0xa1, 0x22, 0x0, 0x29, 0x77, 0x1, 0x7, 0x80,
    0x64, 0x83, 0x9, 0x25, 0xe9, 0x50, 0xe, 0x1d,
    0x83, 0x6a, 0xfa, 0x10, 0xc, 0xfb, 0xa9, 0x35,
    0xf1, 0x0, 0xe2, 0x6c, 0x61, 0x80, 0xbc, 0x0,
    0xec, 0x3, 0x7, 0x39, 0x0, 0x86, 0x3, 0x43,
    0xc1, 0xbf, 0x75, 0xc4, 0x6e, 0x7, 0xac, 0x45,
    0x1c, 0x60, 0x0,

    /* U+0054 "T" */
    0x3f, 0xff, 0xf0, 0xa2, 0x46, 0x0, 0x44, 0xc5,
    0x77, 0x70, 0xd, 0xde, 0x0, 0xff, 0xff, 0x80,
    0x7f, 0xf5, 0xc0,

    /* U+0055 "U" */
    0x8f, 0x70, 0xe, 0x2f, 0xe0, 0xf, 0xff, 0xf8,
    0x7, 0xff, 0x0, 0xf8, 0x2c, 0x3, 0x94, 0x19,
    0xc0, 0xe0, 0x2, 0x58, 0xe, 0x1b, 0x7, 0xfd,
    0xea, 0x6, 0x50, 0x4d, 0x61, 0x20, 0x4a, 0x90,

    /* U+0056 "V" */
    0x5f, 0xc0, 0xf, 0xbf, 0xc4, 0xa0, 0x64, 0x1,
    0xca, 0x6, 0x40, 0xa0, 0xa0, 0x1d, 0xc1, 0x40,
    0xe, 0xa, 0x0, 0xc2, 0x80, 0xe0, 0x4, 0x12,
    0x30, 0x9, 0xc1, 0x4, 0x2, 0x60, 0xb0, 0xb,
    0x43, 0x80, 0x35, 0x3, 0x0, 0x5, 0x1, 0x40,
    0x31, 0x10, 0x4c, 0x1c, 0x18, 0x3, 0xd4, 0x16,
    0x1a, 0x1a, 0x1, 0xe6, 0x5, 0x4, 0x14, 0x0,
    0xf0, 0xa1, 0x38, 0x30, 0x7, 0xee, 0x8, 0xa,
    0x0, 0xfc, 0xa0, 0x2, 0x20, 0x6,

    /* U+0057 "W" */
    0x6f, 0xa0, 0xc, 0x7f, 0xe4, 0x0, 0xd5, 0xee,
    0x80, 0x80, 0x19, 0x0, 0x18, 0x1, 0x90, 0x10,
    0x88, 0x26, 0x1, 0x60, 0x1, 0x0, 0x22, 0x11,
    0x18, 0x20, 0x20, 0x4, 0x86, 0x70, 0x4, 0x80,
    0x80, 0xc, 0xc, 0x0, 0x20, 0x2a, 0x2, 0x0,
    0x30, 0x3c, 0x0, 0xa0, 0x80, 0xc, 0xc, 0xc0,
    0x60, 0x1, 0x1, 0x0, 0x23, 0x3, 0x4, 0x4,
    0x40, 0x20, 0x10, 0x90, 0x80, 0x48, 0x8, 0x6,
    0x61, 0x3, 0x30, 0xa0, 0x28, 0x6, 0xb0, 0xd4,
    0x4, 0x0, 0x58, 0x2e, 0x6, 0x0, 0x63, 0x4,
    0x30, 0xc0, 0x2, 0x6, 0x38, 0x20, 0x7, 0x28,
    0xd8, 0x20, 0x0, 0xc1, 0x9, 0x0, 0x3d, 0x80,
    0x68, 0x1, 0x90, 0xc3, 0x0, 0x3c, 0x80, 0xc,
    0x0, 0xda, 0x0, 0x50, 0x8,

    /* U+0058 "X" */
    0xd, 0xf7, 0x0, 0xec, 0xf7, 0x0, 0x78, 0x41,
    0x0, 0x4e, 0x66, 0x70, 0x1, 0x40, 0x70, 0x0,
    0xa0, 0x38, 0x3, 0x39, 0x99, 0xc3, 0x82, 0x48,
    0x3, 0xb8, 0x21, 0xcd, 0x18, 0x3, 0xc5, 0x21,
    0x1, 0x40, 0x1f, 0x98, 0x2, 0x10, 0xf, 0xd4,
    0x1, 0x28, 0x7, 0xca, 0xa2, 0xb0, 0xb1, 0x0,
    0xe1, 0xb0, 0xe4, 0x61, 0xa0, 0xe, 0xa1, 0x73,
    0x9, 0x24, 0x60, 0x9, 0xd0, 0xe0, 0x2, 0xe0,
    0x92, 0x2, 0x80, 0xe0, 0xc, 0x6e, 0x1c, 0x0,

    /* U+0059 "Y" */
    0x3f, 0xf0, 0x80, 0x74, 0x7e, 0x1, 0xa8, 0x58,
    0x6, 0x27, 0xe, 0x0, 0x58, 0xaa, 0x0, 0x52,
    0xe, 0x40, 0x1, 0x80, 0x90, 0x2, 0x20, 0x60,
    0x3, 0x31, 0x93, 0x84, 0x85, 0x80, 0x7b, 0x82,
    0x58, 0x91, 0x40, 0x3c, 0x4e, 0x32, 0x12, 0x1,
    0xfa, 0x4, 0x20, 0x80, 0x3f, 0x94, 0xc, 0x3,
    0xff, 0xda,

    /* U+005A "Z" */
    0xff, 0xfe, 0x75, 0x44, 0xf0, 0x0, 0xea, 0xef,
    0x8c, 0x15, 0x0, 0x39, 0x1c, 0x68, 0x3, 0x86,
    0x82, 0x80, 0x3d, 0x62, 0xc8, 0x1, 0xca, 0xa2,
    0x90, 0xe, 0x1b, 0xe, 0x0, 0xf5, 0xc, 0x18,
    0x7, 0x32, 0x1b, 0x80, 0x71, 0x48, 0xe8, 0x7,
    0xb8, 0x6, 0xae, 0xf9, 0x48, 0x0, 0x89, 0xe2,

    /* U+005B "[" */
    0x19, 0x99, 0x4d, 0x9a, 0xc0, 0x2, 0x7c, 0x80,
    0x7f, 0xfc, 0x9a, 0x54, 0x0, 0x4d, 0x80,

    /* U+005C "\\" */
    0x8f, 0x30, 0xd, 0x60, 0x80, 0x18, 0xc3, 0x0,
    0x39, 0x10, 0x1, 0xd8, 0x8, 0x1, 0x90, 0x30,
    0x3, 0x18, 0xa0, 0x7, 0x21, 0x88, 0x6, 0xc0,
    0x40, 0xc, 0x81, 0x80, 0x18, 0x88, 0x80, 0x1c,
    0x84, 0x20, 0x1b, 0x1, 0x0, 0x32, 0x7, 0x80,
    0x61, 0x24, 0x0, 0xe5, 0x12,

    /* U+005D "]" */
    0x99, 0x9d, 0x9a, 0xbf, 0xe0, 0xf, 0xff, 0x34,
    0xc0, 0x1, 0x98, 0x0,

    /* U+005E "^" */
    0x0, 0xa6, 0xd0, 0x3, 0x1b, 0x24, 0x0, 0x68,
    0x1a, 0x34, 0x0, 0x1a, 0x4a, 0x8c, 0x0, 0x24,
    0x18, 0x20, 0xd0, 0x5e, 0x4, 0x18, 0xf4,

    /* U+005F "_" */
    0xaa, 0xfc, 0x6a, 0xbf, 0x98,

    /* U+0060 "`" */
    0x4a, 0x50, 0x47, 0x80, 0x4, 0x92, 0x80,

    /* U+0061 "a" */
    0x0, 0x2d, 0xf7, 0xe2, 0x80, 0x1a, 0x91, 0x54,
    0x74, 0xc0, 0x27, 0xb7, 0x56, 0x14, 0xf, 0x84,
    0x0, 0x60, 0x20, 0x2, 0xce, 0x76, 0x80, 0x55,
    0x47, 0x59, 0xc0, 0x1, 0xa9, 0xf4, 0xb9, 0x80,
    0x7e, 0x70, 0x1, 0x91, 0xe4, 0xdd, 0x0, 0x5e,
    0xa6, 0xe3, 0x80, 0x0,

    /* U+0062 "b" */
    0xbf, 0x30, 0xf, 0xfe, 0x94, 0x77, 0xd9, 0x80,
    0x68, 0x75, 0x34, 0xc3, 0x0, 0x97, 0xaf, 0x20,
    0x3c, 0x2, 0x81, 0x0, 0x38, 0x98, 0x80, 0x14,
    0x3, 0x28, 0x10, 0x7, 0xff, 0x1, 0x40, 0x32,
    0x81, 0x0, 0x20, 0x40, 0xe, 0x26, 0x20, 0x5,
    0xfa, 0xc8, 0xf, 0x0, 0xa1, 0x90, 0xcd, 0x86,
    0x0,

    /* U+0063 "c" */
    0x0, 0xc, 0xf7, 0xeb, 0x80, 0x43, 0x8c, 0x6a,
    0x71, 0x80, 0x8, 0x26, 0xda, 0xe4, 0x35, 0x6,
    0x8, 0x0, 0xab, 0x54, 0x40, 0x84, 0x2, 0x12,
    0x0, 0xff, 0x84, 0x8, 0x40, 0x21, 0x30, 0x3,
    0x4, 0x0, 0x55, 0x8a, 0x10, 0x2d, 0xb5, 0xc8,
    0x6a, 0x3, 0xec, 0x6a, 0x6f, 0x80,

    /* U+0064 "d" */
    0x0, 0xf8, 0x7f, 0x40, 0x3f, 0xf9, 0x45, 0x7f,
    0xe9, 0x30, 0x8, 0xb1, 0x9, 0x1e, 0x40, 0x28,
    0x16, 0xdb, 0xe7, 0x0, 0x94, 0x20, 0x2, 0x90,
    0x0, 0x81, 0x8, 0x4, 0x80, 0x1f, 0xfc, 0x1,
    0x2, 0x10, 0x9, 0x0, 0x25, 0x8, 0x0, 0xa4,
    0x2, 0x80, 0x6d, 0xae, 0x70, 0x8, 0xb5, 0x9,
    0x5e, 0x80, 0x0,

    /* U+0065 "e" */
    0x0, 0xc, 0xf7, 0xeb, 0x80, 0x43, 0xec, 0x4a,
    0x11, 0x60, 0x8, 0x18, 0xca, 0xd4, 0x42, 0x83,
    0x2, 0x91, 0x5a, 0x1e, 0x20, 0xd, 0xdd, 0x20,
    0x20, 0x15, 0x57, 0xa0, 0x40, 0x55, 0x7c, 0x60,
    0xa3, 0x0, 0x14, 0xf2, 0x85, 0x8b, 0xe5, 0x63,
    0x2, 0x0, 0xfb, 0x12, 0x93, 0x78, 0x80,

    /* U+0066 "f" */
    0x0, 0x89, 0xdc, 0x40, 0x5, 0xd8, 0x83, 0x80,
    0x20, 0x23, 0x14, 0x0, 0x40, 0xe6, 0x1b, 0xe0,
    0xf, 0xf1, 0x53, 0x0, 0x19, 0x86, 0xf2, 0x0,
    0x99, 0x8, 0x7, 0xff, 0x94,

    /* U+0067 "g" */
    0x0, 0x15, 0x77, 0xc8, 0xfe, 0x80, 0xe2, 0x9a,
    0x3d, 0x0, 0x56, 0x2b, 0xb7, 0xce, 0x1, 0x28,
    0x58, 0x5, 0x20, 0x1, 0x2, 0x10, 0x9, 0x0,
    0x3f, 0xf8, 0x2, 0x4, 0x1, 0x94, 0x2, 0x40,
    0x80, 0xb, 0xc0, 0x29, 0x7, 0xca, 0xd7, 0x0,
    0x8b, 0x10, 0xd5, 0xf8, 0x3, 0x1d, 0xff, 0xa8,
    0x3, 0x1d, 0x98, 0x4, 0xa0, 0xe0, 0xc9, 0x95,
    0x39, 0x3, 0x0, 0xb8, 0x88, 0x62, 0x5c, 0x20,

    /* U+0068 "h" */
    0xbf, 0x30, 0xf, 0xfe, 0x7b, 0xf7, 0xd9, 0x0,
    0x53, 0x25, 0x14, 0xc0, 0x9, 0xfa, 0xf8, 0x85,
    0x40, 0x10, 0x1, 0x50, 0x68, 0x1, 0x80, 0x21,
    0x0, 0xff, 0xf1, 0x80,

    /* U+0069 "i" */
    0x36, 0xe, 0x96, 0xa4, 0x43, 0xd9, 0x5f, 0x98,
    0x7, 0xff, 0x3c,

    /* U+006A "j" */
    0x0, 0x1b, 0x0, 0x5d, 0x2c, 0x0, 0xa4, 0x40,
    0x1, 0xec, 0x80, 0x17, 0xe6, 0x1, 0xff, 0xe8,
    0x60, 0x13, 0xc2, 0x29, 0xcc, 0xde, 0x0,

    /* U+006B "k" */
    0xbf, 0x30, 0xf, 0xfe, 0x89, 0xff, 0x8c, 0x3,
    0x16, 0x85, 0x98, 0x4, 0x3e, 0x34, 0x80, 0x13,
    0xe1, 0x42, 0x80, 0x6b, 0x20, 0x70, 0xf, 0xce,
    0x1, 0xd1, 0xa1, 0x8, 0x1, 0x90, 0xa4, 0x28,
    0x40, 0x39, 0x94, 0x68, 0x3, 0xd4, 0x48, 0xe0,

    /* U+006C "l" */
    0xbf, 0x30, 0xf, 0xfe, 0xc0,

    /* U+006D "m" */
    0xbf, 0x28, 0xfe, 0x60, 0x4d, 0xfd, 0x50, 0xb,
    0x8d, 0x82, 0x62, 0xd1, 0x4a, 0x8c, 0x0, 0xd7,
    0x3a, 0xf, 0x73, 0x50, 0x14, 0x0, 0xe0, 0x1,
    0x80, 0x10, 0x0, 0x60, 0x60, 0x7, 0x0, 0xff,
    0x8, 0x7, 0xff, 0xe8,

    /* U+006E "n" */
    0xbf, 0x28, 0xef, 0xb2, 0x0, 0xa5, 0x5c, 0x93,
    0x0, 0x36, 0xce, 0x98, 0xa8, 0x3, 0xc0, 0x2b,
    0xd, 0x0, 0x38, 0x4, 0x20, 0x1f, 0xfe, 0x30,

    /* U+006F "o" */
    0x0, 0xc, 0xf7, 0xec, 0x0, 0x61, 0xc6, 0x35,
    0x37, 0xc0, 0xa, 0x9, 0xb6, 0xb9, 0xd, 0xc0,
    0xc, 0x10, 0x1, 0x40, 0x50, 0x8, 0x10, 0x80,
    0x46, 0x4, 0x1, 0xff, 0xc0, 0x10, 0x21, 0x0,
    0x88, 0x8, 0x0, 0xc1, 0x0, 0x14, 0x85, 0x0,
    0x20, 0x5b, 0x6b, 0x90, 0xdc, 0x0, 0x3e, 0xc6,
    0xa6, 0xf8, 0x0,

    /* U+0070 "p" */
    0xbf, 0x38, 0xef, 0xb3, 0x0, 0xde, 0xae, 0xa9,
    0x86, 0x1, 0xe, 0xcd, 0x48, 0x78, 0x5, 0x60,
    0x13, 0x9, 0x88, 0x1, 0x40, 0x32, 0x81, 0x0,
    0x7f, 0xf0, 0x10, 0x3, 0x28, 0x10, 0x2, 0x44,
    0x0, 0xe2, 0x62, 0x0, 0x5e, 0xac, 0x80, 0xf0,
    0xa, 0x1d, 0xc, 0xd8, 0x60, 0x1a, 0x3b, 0xf0,
    0xc0, 0x3f, 0xfa, 0x80,

    /* U+0071 "q" */
    0x0, 0x15, 0xff, 0xa4, 0x7f, 0x40, 0xb1, 0x9,
    0x1e, 0x80, 0x28, 0x16, 0xdb, 0xe7, 0x0, 0x94,
    0x20, 0x2, 0x90, 0x0, 0x81, 0x8, 0x4, 0x80,
    0x1f, 0xfc, 0x1, 0x2, 0x10, 0x9, 0x0, 0x25,
    0x8, 0x0, 0xa4, 0x2, 0x80, 0x6d, 0xae, 0x70,
    0x8, 0xb5, 0x9, 0x5e, 0x40, 0x31, 0x5f, 0xfa,
    0x4c, 0x3, 0xff, 0xa8,

    /* U+0072 "r" */
    0x0, 0xf5, 0xfa, 0x5f, 0xc8, 0x2, 0x55, 0x5e,
    0x0, 0x1e, 0xa6, 0x0, 0x40, 0x7, 0x38, 0x7,
    0xff, 0x54,

    /* U+0073 "s" */
    0x0, 0x2e, 0x7f, 0xb1, 0x0, 0xd, 0x44, 0xca,
    0x76, 0x61, 0x41, 0xb3, 0x56, 0x8e, 0xe, 0x8,
    0x0, 0x4b, 0x40, 0x81, 0x8f, 0xc7, 0x20, 0x1,
    0xfc, 0xa9, 0x46, 0xa0, 0x0, 0x5a, 0xba, 0x2,
    0x3, 0x38, 0x40, 0x6, 0x1, 0x28, 0xfc, 0xd5,
    0x84, 0x84, 0xc1, 0xb2, 0x9d, 0xa8,

    /* U+0074 "t" */
    0x3, 0x84, 0x0, 0x95, 0xf0, 0x3, 0xf6, 0xc8,
    0x3f, 0xc5, 0x0, 0x4d, 0x8f, 0x20, 0xf2, 0x80,
    0x1f, 0xfc, 0xd3, 0x1, 0x0, 0x9c, 0x1a, 0x94,
    0xa, 0x89, 0x70,

    /* U+0075 "u" */
    0xbf, 0x30, 0x9, 0xbe, 0x0, 0x3f, 0xfc, 0x22,
    0xe, 0x1, 0x8, 0x0, 0x83, 0x80, 0x3, 0x20,
    0xa, 0x5, 0xdb, 0xe4, 0x0, 0x15, 0x99, 0x34,
    0xf8, 0x0,

    /* U+0076 "v" */
    0x6f, 0xa0, 0xc, 0xbf, 0x6e, 0xa, 0x1, 0xbc,
    0x34, 0x54, 0x14, 0x2, 0x50, 0x60, 0xe0, 0xe0,
    0x2, 0x82, 0x80, 0x10, 0x50, 0x1, 0xe1, 0xc0,
    0x13, 0x2, 0x82, 0x8a, 0x0, 0x56, 0x1e, 0xa0,
    0xc0, 0x18, 0xc9, 0x7c, 0x28, 0x3, 0xa8, 0x14,
    0xc8, 0x3, 0x98, 0x1, 0x40, 0x10,

    /* U+0077 "w" */
    0x5f, 0xa0, 0xa, 0xbe, 0x40, 0x2c, 0xf4, 0x40,
    0x20, 0x4, 0x80, 0x80, 0x11, 0x82, 0x9, 0x89,
    0x81, 0x8, 0x88, 0x41, 0x1, 0x40, 0x16, 0x8,
    0x8, 0x10, 0x8, 0x18, 0x18, 0x0, 0x50, 0xc0,
    0xc1, 0x60, 0xc0, 0x40, 0x70, 0x1, 0xa, 0x2,
    0x20, 0x11, 0x0, 0x66, 0x10, 0x9, 0xc1, 0x47,
    0x3, 0x9, 0x41, 0x0, 0x36, 0x84, 0x83, 0x82,
    0x84, 0x85, 0x80, 0x64, 0x3, 0x21, 0x2, 0x13,
    0x13, 0x0, 0xe4, 0x5, 0x0, 0x90, 0x1c, 0x2,

    /* U+0078 "x" */
    0x1e, 0xf3, 0x0, 0xf, 0xf8, 0x45, 0x61, 0xe0,
    0xa, 0x9, 0x10, 0x55, 0x1a, 0xa2, 0xd, 0x80,
    0x2b, 0x1b, 0x90, 0xe0, 0xc, 0x30, 0x25, 0x4,
    0x1, 0xdc, 0x0, 0xe0, 0xe, 0x37, 0x44, 0x31,
    0x80, 0x6e, 0x8, 0x80, 0x70, 0x5, 0x4, 0xc6,
    0x66, 0x28, 0x3, 0x71, 0x90, 0x4, 0x8b, 0x98,

    /* U+0079 "y" */
    0x6f, 0xa0, 0xc, 0x9f, 0x8e, 0xa, 0x1, 0xb8,
    0x28, 0x54, 0x14, 0x2, 0x50, 0x60, 0xf0, 0xf0,
    0x2, 0x82, 0x80, 0x14, 0x54, 0x1, 0xe1, 0xc0,
    0x13, 0x82, 0x82, 0x8a, 0x0, 0x54, 0x1e, 0xa0,
    0xc0, 0x18, 0xc9, 0x30, 0x28, 0x3, 0xa8, 0x58,
    0xc8, 0x3, 0x98, 0x1, 0x40, 0x1e, 0x10, 0x3,
    0x80, 0x79, 0x41, 0x44, 0x3, 0x36, 0x50, 0x40,
    0x7, 0x61, 0x95, 0x90, 0x6,

    /* U+007A "z" */
    0xcf, 0xff, 0x62, 0x27, 0x8, 0x34, 0x5d, 0xd0,
    0x22, 0xb0, 0x8, 0x74, 0x28, 0x40, 0x2a, 0x17,
    0x40, 0x9, 0xd1, 0x10, 0x1, 0x24, 0xd, 0x0,
    0x43, 0x41, 0x42, 0x1, 0x50, 0x87, 0xdd, 0xe5,
    0x0, 0x22, 0x70,

    /* U+007B "{" */
    0x0, 0xca, 0xc0, 0x2, 0xea, 0x80, 0x5, 0x8b,
    0xf8, 0x1, 0x42, 0x4, 0x3, 0xf0, 0x80, 0x78,
    0x40, 0x25, 0x27, 0x0, 0x7d, 0x34, 0x80, 0x66,
    0x80, 0x7, 0xe0, 0x30, 0x4, 0x64, 0x20, 0x1f,
    0xe1, 0x0, 0xe7, 0x3, 0x0, 0xb0, 0x36, 0x0,
    0xf, 0x6, 0xa0,

    /* U+007C "|" */
    0x67, 0xa8, 0x0, 0xff, 0xee, 0x0,

    /* U+007D "}" */
    0x74, 0x0, 0xd1, 0x7a, 0x20, 0xe, 0x62, 0x90,
    0x0, 0xc0, 0x18, 0x4, 0x20, 0x1f, 0xfc, 0x17,
    0x0, 0xca, 0x68, 0x1, 0x52, 0x5f, 0x80, 0x25,
    0x0, 0x33, 0x6, 0xf8, 0x4, 0x64, 0x1, 0x9c,
    0x3, 0xf9, 0x0, 0x40, 0x13, 0x41, 0xe0, 0x6,
    0x39, 0x50, 0x0,

    /* U+007E "~" */
    0x2, 0x9a, 0x30, 0x9, 0x8c, 0x75, 0x97, 0x1c,
    0xe, 0x51, 0xc2, 0x79, 0x23, 0x34, 0x10, 0xd5,
    0xc6, 0xdc, 0x82, 0x4c,

    /* U+00A0 " " */

    /* U+00A1 "¡" */
    0x4e, 0xa0, 0x31, 0x50, 0x67, 0xb0, 0x18, 0x40,
    0x2f, 0xa0, 0x10, 0x10, 0xf, 0xe7, 0x0, 0xe7,
    0x0, 0xfe, 0x10, 0x8,

    /* U+00A2 "¢" */
    0x0, 0xc5, 0xc0, 0x1f, 0x1c, 0x8b, 0x90, 0x6,
    0x8c, 0x40, 0x8d, 0x60, 0x3, 0x39, 0x48, 0xd8,
    0xc9, 0x5, 0x87, 0x20, 0x25, 0xb8, 0x0, 0x84,
    0xc0, 0x25, 0x82, 0x20, 0x18, 0x7, 0xc4, 0x6,
    0x1, 0xf8, 0x84, 0xc0, 0x25, 0xa3, 0xb, 0xe,
    0x40, 0x4b, 0x50, 0x3, 0x39, 0x48, 0xd8, 0xc9,
    0x80, 0x23, 0x10, 0x23, 0x58, 0x3, 0x1c, 0x8b,
    0x90, 0x0,

    /* U+00A3 "£" */
    0x0, 0x8a, 0xbb, 0xf1, 0x40, 0x30, 0xe2, 0x99,
    0xd4, 0xc0, 0x14, 0xb, 0xee, 0x68, 0x48, 0x4,
    0xa1, 0x40, 0x2, 0x99, 0x0, 0x42, 0x4, 0x1,
    0x33, 0x0, 0x4, 0x60, 0x64, 0x50, 0x4, 0x3a,
    0x21, 0x9b, 0xb0, 0x80, 0x6, 0x80, 0x11, 0x55,
    0x8, 0x4, 0xaa, 0x4, 0x55, 0x80, 0x3f, 0xf8,
    0x8c, 0x26, 0x1, 0x47, 0x18, 0xf9, 0x9a, 0xef,
    0x38, 0x90, 0x4, 0x48, 0x98, 0x64, 0x40,

    /* U+00A4 "¤" */
    0x1, 0x0, 0x84, 0x3, 0x8, 0x4f, 0xa5, 0x7f,
    0x7d, 0xa5, 0xe0, 0x50, 0xda, 0x3d, 0x43, 0x5a,
    0x50, 0x18, 0x3, 0x21, 0x5f, 0x4c, 0x18, 0x14,
    0x2c, 0x80, 0x36, 0x84, 0x86, 0xa, 0x0, 0x70,
    0xa2, 0x0, 0xcc, 0x1, 0xf0, 0x90, 0x11, 0x0,
    0x3e, 0x62, 0xc, 0x6, 0x0, 0xe3, 0x35, 0x82,
    0x4, 0x98, 0x4, 0x58, 0xa, 0x10, 0x0, 0xcb,
    0x8a, 0xd0, 0x7, 0x6, 0x2f, 0x3b, 0x3a, 0x36,
    0xca, 0x0,

    /* U+00A5 "¥" */
    0x7f, 0xa0, 0xd, 0x3f, 0xe, 0x2a, 0x40, 0x1,
    0x61, 0x90, 0x90, 0xb0, 0x4, 0x84, 0x88, 0x38,
    0xb0, 0x89, 0xc5, 0xc0, 0x28, 0x8, 0x90, 0x90,
    0xc, 0xe2, 0xce, 0xc, 0x1, 0x6f, 0x8, 0x5,
    0xd8, 0x0, 0xeb, 0xb0, 0x2, 0xed, 0xe0, 0x3,
    0x55, 0x0, 0x15, 0x46, 0x0, 0xde, 0xe0, 0x3,
    0xb9, 0x80, 0xe, 0xbb, 0x0, 0x2e, 0xde, 0x0,
    0x34, 0x40, 0x1, 0x10, 0x60, 0x1f, 0xf0,

    /* U+00A6 "¦" */
    0x4f, 0x80, 0xf, 0xfe, 0x1a, 0x7c, 0x0, 0x7c,
    0x20, 0x9d, 0x0, 0x1f, 0xfc, 0x30,

    /* U+00A7 "§" */
    0x2, 0xae, 0xfb, 0x30, 0xb, 0xd5, 0x64, 0xd1,
    0x3, 0x25, 0xba, 0xa0, 0xb8, 0x8, 0x8, 0x1,
    0x79, 0x80, 0x95, 0x28, 0x80, 0x40, 0x2, 0xa,
    0xdb, 0x22, 0x0, 0xa1, 0xac, 0xa4, 0xf3, 0x4,
    0x70, 0x2, 0xe9, 0x68, 0x21, 0xd9, 0x0, 0x28,
    0x4a, 0x89, 0x36, 0x52, 0xc4, 0x87, 0x60, 0x5a,
    0xdb, 0x0, 0x27, 0xf7, 0x6, 0x20, 0x0, 0x80,
    0xc3, 0x93, 0x3, 0xf2, 0x80, 0x38, 0x4, 0x14,
    0x2a, 0xea, 0x41, 0x40, 0xb1, 0x10, 0xa7, 0x84,
    0x0,

    /* U+00A8 "¨" */
    0x3, 0x0, 0x88, 0x1f, 0x20, 0x2f, 0x50, 0x83,
    0x80, 0xc5, 0xc0,

    /* U+00A9 "©" */
    0x0, 0xc4, 0xf5, 0x49, 0x40, 0xf, 0xa3, 0x61,
    0x54, 0xd7, 0xa4, 0x1, 0xad, 0xca, 0xbb, 0xf1,
    0x8b, 0x4c, 0x0, 0xe8, 0x8d, 0x46, 0x86, 0x9b,
    0xd, 0x0, 0x40, 0xda, 0x74, 0x3d, 0x62, 0x40,
    0xb2, 0x4, 0x8d, 0x8e, 0x7c, 0x1c, 0x38, 0x51,
    0x82, 0x20, 0x28, 0xc1, 0xeb, 0x40, 0xc8, 0x2,
    0x30, 0x60, 0x9, 0x54, 0x0, 0x12, 0x5, 0x50,
    0x40, 0x0, 0xbe, 0x40, 0x88, 0x81, 0x46, 0xaa,
    0xca, 0xd0, 0xb5, 0x15, 0x15, 0x37, 0xa8, 0x25,
    0x3c, 0x3b, 0x9, 0xb, 0x28, 0x96, 0xef, 0xc7,
    0xf1, 0x91, 0x1, 0xf2, 0x6e, 0xcb, 0xeb, 0x19,
    0x60, 0x8, 0xb6, 0x50, 0x90, 0xdb, 0x58, 0x0,

    /* U+00AA "ª" */
    0x0, 0xfe, 0x2b, 0xff, 0x61, 0x80, 0x3d, 0xaa,
    0xc7, 0x4, 0x37, 0x4a, 0xa7, 0x2, 0x6, 0xcf,
    0xe4, 0x0, 0x2c, 0xa7, 0x7b, 0x0, 0xc, 0x3c,
    0xd, 0x80, 0xc, 0x91, 0xda, 0xe0, 0x15, 0xf6,
    0xf4, 0xf1, 0x80,

    /* U+00AB "«" */
    0x0, 0x8b, 0xbc, 0x93, 0xf0, 0x3, 0x78, 0xd8,
    0xd8, 0xe8, 0x5, 0x65, 0x2b, 0xa1, 0xa2, 0x0,
    0x94, 0x66, 0x68, 0xd1, 0x80, 0x48, 0x18, 0x46,
    0xe, 0x1, 0xb0, 0x68, 0x6c, 0x3c, 0x3, 0xe,
    0x86, 0xac, 0x15, 0x80, 0x63, 0xa1, 0xd7, 0x64,
    0x80, 0xc, 0xb7, 0x25, 0x35, 0xa0,

    /* U+00AC "¬" */
    0xa, 0xaf, 0x94, 0x55, 0x7e, 0xd1, 0xff, 0xec,
    0x0, 0xff, 0xe2, 0x93, 0xe0,

    /* U+00AE "®" */
    0x0, 0xff, 0xe1, 0xae, 0x7f, 0xb1, 0x40, 0x3a,
    0x69, 0x6e, 0xcb, 0x52, 0x1, 0x33, 0x32, 0x51,
    0x13, 0x8c, 0xc0, 0x5, 0xb9, 0xe6, 0xea, 0xd,
    0xec, 0x4, 0xac, 0x6, 0x64, 0xe1, 0x64, 0x1,
    0xc5, 0x56, 0xa0, 0x18, 0x44, 0xa0, 0x55, 0xc,
    0x8, 0x20, 0x6, 0x81, 0x85, 0x7a, 0x29, 0x90,
    0x2, 0xb, 0xcc, 0x4, 0x31, 0x5c, 0x2, 0xc6,
    0x9e, 0xe4, 0xb5, 0x80, 0x74, 0x7e, 0xeb, 0xe0,
    0x2,

    /* U+00AF "¯" */
    0x1, 0x1e, 0x4e, 0xed, 0x6b, 0x77, 0xa4,

    /* U+00B0 "°" */
    0x0, 0x84, 0x3, 0x4f, 0xf5, 0x88, 0x3b, 0x32,
    0x12, 0x82, 0x92, 0x5d, 0xc8, 0x0, 0x10, 0x7,
    0x80, 0xa2, 0xb2, 0x49, 0x8c, 0x9c, 0xd8, 0x70,
    0x3, 0x31, 0x7c, 0x40,

    /* U+00B1 "±" */
    0x0, 0xdb, 0xc0, 0x1f, 0xfc, 0x22, 0xbb, 0x88,
    0x6e, 0xe2, 0x64, 0x48, 0x0, 0x89, 0x32, 0x7f,
    0xc4, 0x3f, 0xf2, 0x0, 0x7f, 0xf0, 0x9d, 0x0,
    0x3f, 0x55, 0x0, 0x32, 0x7f, 0xfe, 0x46, 0x44,
    0xfc, 0xc0,

    /* U+00B2 "²" */
    0x2, 0xbf, 0xeb, 0x20, 0x6, 0x34, 0xc9, 0x38,
    0x1, 0xb8, 0xce, 0x42, 0x0, 0x31, 0x15, 0x94,
    0x80, 0x49, 0xed, 0x88, 0x0, 0x8b, 0x3b, 0x56,
    0x0, 0x38, 0x14, 0xcc, 0x40,

    /* U+00B3 "³" */
    0x1, 0xaf, 0xf5, 0x98, 0x3, 0x52, 0x25, 0x74,
    0x1, 0xbe, 0xee, 0x20, 0x8, 0x45, 0x9c, 0x54,
    0x1, 0xb7, 0x16, 0xc8, 0x3b, 0x8c, 0x8c, 0x2,
    0x1a, 0xb3, 0x3, 0x46,

    /* U+00B4 "´" */
    0x4, 0xa5, 0x9, 0x45, 0x42, 0xa0,

    /* U+00B5 "µ" */
    0xbf, 0x30, 0x9, 0xbe, 0x0, 0x3f, 0xfd, 0x2e,
    0x1, 0x8, 0x7, 0x48, 0x5, 0x0, 0x1c, 0x59,
    0x38, 0x0, 0x66, 0x0, 0x24, 0x19, 0xf5, 0xc3,
    0x40, 0xb, 0x9f, 0x65, 0x1d, 0x60, 0x1f, 0xfd,
    0x20,

    /* U+00B6 "¶" */
    0x0, 0x1d, 0xf7, 0xfe, 0xa0, 0x4c, 0x41, 0x5,
    0x0, 0x18, 0x48, 0x6, 0xa8, 0xf, 0x2, 0x0,
    0xfc, 0x20, 0x1f, 0xc2, 0x20, 0xf, 0xe8, 0x0,
    0xfe, 0x69, 0x10, 0xf, 0xcd, 0xdc, 0xd0, 0xf,
    0xc2, 0x40, 0x1f, 0xfd, 0x60,

    /* U+00B7 "·" */
    0x18, 0x40, 0x97, 0xb0, 0xb1, 0x50,

    /* U+00B8 "¸" */
    0x0, 0xed, 0x10, 0x1, 0x6a, 0x7, 0xb7, 0xb7,
    0xa7, 0x0,

    /* U+00B9 "¹" */
    0x4, 0xdf, 0x91, 0xb7, 0x0, 0xe, 0xd8, 0x4,
    0x40, 0x1f, 0xfc, 0x60,

    /* U+00BA "º" */
    0x0, 0xc2, 0x1, 0xc3, 0x5f, 0xdc, 0x70, 0xb,
    0x55, 0xe9, 0x21, 0xc0, 0x8d, 0x61, 0x68, 0x64,
    0x1c, 0x30, 0x2, 0x51, 0x6, 0xe, 0x0, 0x98,
    0x0, 0x64, 0xea, 0x50, 0x4c, 0x0, 0xf2, 0xad,
    0x75, 0x90, 0x1, 0x6e, 0xb3, 0xa8, 0x0,

    /* U+00BB "»" */
    0xd, 0xf4, 0x3f, 0xe1, 0x0, 0xde, 0x34, 0x34,
    0x3a, 0x1, 0x8a, 0x87, 0xd2, 0xe, 0x80, 0x32,
    0x49, 0x6b, 0xaa, 0xa0, 0x3, 0x20, 0x11, 0x30,
    0x10, 0x2, 0x1f, 0xa, 0x19, 0x1d, 0x0, 0xb4,
    0xa5, 0x74, 0x30, 0x40, 0x12, 0x6e, 0xd8, 0x36,
    0x40, 0x16, 0x54, 0x14, 0x62, 0x0, 0x40,

    /* U+00BC "¼" */
    0x8, 0xff, 0x0, 0x7a, 0x78, 0x41, 0x58, 0xc0,
    0x3c, 0x8d, 0x62, 0xf, 0xea, 0x1, 0xc3, 0x4a,
    0xa0, 0x1, 0x8, 0x7, 0xac, 0x2c, 0x3, 0xfc,
    0x8b, 0x42, 0x1, 0xfc, 0x34, 0xc8, 0x1, 0xfe,
    0xb0, 0x90, 0x1f, 0xf1, 0x0, 0x2f, 0x1, 0x55,
    0x40, 0xb, 0x0, 0xe2, 0x31, 0xb6, 0x40, 0x35,
    0x70, 0xf, 0x59, 0xc8, 0x3, 0xd3, 0x0, 0x39,
    0x55, 0xc0, 0x5, 0x38, 0x20, 0x10, 0x0, 0xdb,
    0x98, 0x3, 0x3, 0x24, 0x30, 0x1, 0x47, 0x0,
    0x15, 0xdc, 0xc1, 0x20, 0xe, 0xf0, 0xc, 0x48,
    0x88, 0xa6,

    /* U+00BD "½" */
    0x7, 0xfe, 0x0, 0xf4, 0xf0, 0x80, 0x12, 0x4c,
    0x40, 0x39, 0x1a, 0xc4, 0x0, 0xde, 0xa0, 0x1e,
    0xa5, 0x50, 0x4, 0x42, 0x1, 0xe9, 0xb, 0x0,
    0xff, 0x91, 0xa8, 0x40, 0x3f, 0xc3, 0x4c, 0x80,
    0x1f, 0xf5, 0x84, 0x84, 0xff, 0xac, 0x2, 0xbb,
    0x2, 0xaa, 0x81, 0x1a, 0x25, 0x1c, 0x0, 0x48,
    0x36, 0xc8, 0x9, 0xee, 0xe0, 0xf, 0x51, 0xc8,
    0x7, 0x50, 0xb0, 0x4, 0xc9, 0xc0, 0x1d, 0x49,
    0x82, 0x0, 0x29, 0x73, 0x0, 0xd2, 0xb4, 0x60,
    0x14, 0x94, 0x0, 0x64, 0x60, 0xae, 0xa0, 0x7,
    0xe0, 0x7, 0x2d, 0xde, 0x80,

    /* U+00BE "¾" */
    0x0, 0xff, 0xe2, 0x9e, 0x7e, 0x98, 0x7, 0x1f,
    0xa8, 0x5, 0xed, 0x61, 0xc0, 0x1d, 0xc8, 0xa0,
    0x16, 0x52, 0x30, 0x7, 0x49, 0xd0, 0x7, 0x2f,
    0xa4, 0x80, 0x48, 0xd6, 0x20, 0x1c, 0xb8, 0x96,
    0x20, 0xa, 0x55, 0x0, 0x72, 0x11, 0xe0, 0x10,
    0x48, 0x58, 0x7, 0xa7, 0x72, 0xc, 0xc8, 0xd6,
    0x20, 0xfe, 0xc0, 0xd, 0x94, 0xac, 0x1a, 0x55,
    0x1, 0x40, 0x70, 0x4, 0xd0, 0xa1, 0x61, 0x60,
    0x9, 0x41, 0x0, 0xf9, 0x16, 0x84, 0x15, 0x24,
    0x3, 0xe1, 0xa5, 0x40, 0x4, 0x29, 0x88, 0x80,
    0x3a, 0xc2, 0xc0, 0x6, 0x4b, 0xc0, 0xcc, 0x0,
    0x95, 0x54, 0x20, 0x3, 0xbb, 0x80, 0xdc, 0x2,
    0x6b, 0x40, 0xc, 0x89, 0x5f, 0x8,

    /* U+00BF "¿" */
    0x0, 0xd9, 0xc6, 0x1, 0xc2, 0x62, 0xa0, 0x1c,
    0x35, 0xc, 0x1, 0xe5, 0x70, 0xf, 0xa7, 0x4,
    0x3, 0xce, 0x62, 0x1, 0xd2, 0x26, 0x1, 0x87,
    0x18, 0x78, 0x3, 0x59, 0x9b, 0xc8, 0x3, 0x28,
    0x68, 0x80, 0x61, 0x1, 0x10, 0x0, 0xee, 0x4,
    0x64, 0x0, 0x4a, 0x0, 0x20, 0x2e, 0xda, 0xa3,
    0x20, 0xd4, 0x68, 0x6b, 0x82,

    /* U+00C0 "À" */
    0x0, 0xd7, 0xe4, 0x1, 0xfe, 0x90, 0xb0, 0xf,
    0xf1, 0x50, 0x7, 0xff, 0x1, 0x64, 0x3, 0xfc,
    0x3f, 0xeb, 0x0, 0xfe, 0x70, 0x2, 0x8, 0x7,
    0xea, 0x8, 0x6, 0x0, 0xf8, 0x8c, 0xcc, 0x14,
    0x1, 0xf5, 0x5, 0x89, 0x10, 0xc0, 0x3c, 0xa0,
    0xa1, 0x41, 0x40, 0x1c, 0x64, 0x50, 0x28, 0x38,
    0x7, 0x50, 0x28, 0x0, 0x8c, 0x50, 0x3, 0x30,
    0x3f, 0xfc, 0x61, 0xc0, 0x12, 0x0, 0x15, 0x71,
    0x82, 0x88, 0x3, 0x82, 0x2a, 0xb6, 0x20, 0x38,
    0x1, 0x41, 0x40, 0x3b, 0x42, 0x81, 0x40, 0xc8,
    0x3, 0x9c, 0xc, 0x80,

    /* U+00C1 "Á" */
    0x0, 0xf3, 0x7b, 0x80, 0x7f, 0xac, 0xdc, 0x3,
    0xf8, 0x9f, 0x80, 0x3f, 0xc5, 0x44, 0x1, 0xfc,
    0x3f, 0xeb, 0x0, 0xfe, 0x70, 0x2, 0x8, 0x7,
    0xea, 0x8, 0x6, 0x0, 0xf8, 0x8c, 0xcc, 0x14,
    0x1, 0xf5, 0x5, 0x89, 0x10, 0xc0, 0x3c, 0xa0,
    0xa1, 0x41, 0x40, 0x1c, 0x64, 0x50, 0x28, 0x38,
    0x7, 0x50, 0x28, 0x0, 0x8c, 0x50, 0x3, 0x30,
    0x3f, 0xfc, 0x61, 0xc0, 0x12, 0x0, 0x15, 0x71,
    0x82, 0x88, 0x3, 0x82, 0x2a, 0xb6, 0x20, 0x38,
    0x1, 0x41, 0x40, 0x3b, 0x42, 0x81, 0x40, 0xc8,
    0x3, 0x9c, 0xc, 0x80,

    /* U+00C2 "Â" */
    0x0, 0xc3, 0xbf, 0x40, 0x1f, 0xda, 0x16, 0xb0,
    0x1, 0xf2, 0x23, 0xd2, 0xfc, 0x40, 0x3c, 0x90,
    0x40, 0x8e, 0x20, 0x1f, 0xf, 0xfa, 0xc0, 0x3f,
    0x9c, 0x0, 0x82, 0x1, 0xfa, 0x82, 0x1, 0x80,
    0x3e, 0x23, 0x33, 0x5, 0x0, 0x7d, 0x41, 0x62,
    0x44, 0x30, 0xf, 0x28, 0x28, 0x50, 0x50, 0x7,
    0x19, 0x14, 0xa, 0xe, 0x1, 0xd4, 0xa, 0x0,
    0x23, 0x14, 0x0, 0xcc, 0xf, 0xff, 0x18, 0x70,
    0x4, 0x80, 0x5, 0x5c, 0x60, 0xa2, 0x0, 0xe0,
    0x8a, 0xad, 0x88, 0xe, 0x0, 0x50, 0x50, 0xe,
    0xd0, 0xa0, 0x50, 0x32, 0x0, 0xe7, 0x3, 0x20,

    /* U+00C3 "Ã" */
    0x0, 0xff, 0xe2, 0xe7, 0xba, 0x78, 0x7, 0xc8,
    0x75, 0x4b, 0x50, 0xf, 0x97, 0x57, 0x75, 0x40,
    0x1f, 0x9, 0x0, 0x8, 0x3, 0xf8, 0x7f, 0xd6,
    0x1, 0xfc, 0xe0, 0x4, 0x10, 0xf, 0xd4, 0x10,
    0xc, 0x1, 0xf1, 0x19, 0x98, 0x28, 0x3, 0xea,
    0xb, 0x12, 0x21, 0x80, 0x79, 0x41, 0x42, 0x82,
    0x80, 0x38, 0xc8, 0xa0, 0x50, 0x70, 0xe, 0xa0,
    0x50, 0x1, 0x18, 0xa0, 0x6, 0x60, 0x7f, 0xf8,
    0xc3, 0x80, 0x24, 0x0, 0x2a, 0xe3, 0x5, 0x10,
    0x7, 0x4, 0x55, 0x6c, 0x40, 0x70, 0x2, 0x82,
    0x80, 0x76, 0x85, 0x2, 0x81, 0x90, 0x7, 0x38,
    0x19, 0x0,

    /* U+00C4 "Ä" */
    0x0, 0x97, 0xd4, 0x27, 0x88, 0x3, 0xda, 0x4,
    0x4, 0x2c, 0x1, 0xe8, 0xc7, 0xb, 0xd4, 0x0,
    0xf8, 0xc0, 0x22, 0x0, 0xfc, 0x3f, 0xeb, 0x0,
    0xfe, 0x70, 0x2, 0x8, 0x7, 0xea, 0x8, 0x6,
    0x0, 0xf8, 0x8c, 0xcc, 0x14, 0x1, 0xf5, 0x5,
    0x89, 0x10, 0xc0, 0x3c, 0xa0, 0xa1, 0x41, 0x40,
    0x1c, 0x64, 0x50, 0x28, 0x38, 0x7, 0x50, 0x28,
    0x0, 0x8c, 0x50, 0x3, 0x30, 0x3f, 0xfc, 0x61,
    0xc0, 0x12, 0x0, 0x15, 0x71, 0x82, 0x88, 0x3,
    0x82, 0x2a, 0xb6, 0x20, 0x38, 0x1, 0x41, 0x40,
    0x3b, 0x42, 0x81, 0x40, 0xc8, 0x3, 0x9c, 0xc,
    0x80,

    /* U+00C5 "Å" */
    0x0, 0xc5, 0x9d, 0x40, 0x1f, 0xde, 0xba, 0xd2,
    0x1, 0xf8, 0xf8, 0xdc, 0xc0, 0x3f, 0x54, 0x7b,
    0x40, 0x7, 0xe4, 0xfd, 0xd1, 0x0, 0x7e, 0x1f,
    0xdb, 0x0, 0xfe, 0x70, 0x2, 0x8, 0x7, 0xea,
    0x8, 0x6, 0x0, 0xf8, 0x8c, 0xcc, 0x14, 0x1,
    0xf5, 0x5, 0x89, 0x10, 0xc0, 0x3c, 0xa0, 0xa1,
    0x41, 0x40, 0x1c, 0x64, 0x50, 0x28, 0x38, 0x7,
    0x50, 0x28, 0x0, 0x8c, 0x50, 0x3, 0x30, 0x3f,
    0xfc, 0x61, 0xc0, 0x12, 0x0, 0x15, 0x71, 0x82,
    0x88, 0x3, 0x82, 0x2a, 0xb6, 0x20, 0x38, 0x1,
    0x41, 0x40, 0x3b, 0x42, 0x81, 0x40, 0xc8, 0x3,
    0x9c, 0xc, 0x80,

    /* U+00C6 "Æ" */
    0x0, 0xf5, 0xff, 0xff, 0x70, 0x7, 0x12, 0x14,
    0x0, 0xa2, 0x78, 0x3, 0xa0, 0x2c, 0xc1, 0x2e,
    0xfa, 0x80, 0x30, 0xa8, 0xb0, 0x7, 0xff, 0x6,
    0x1, 0x80, 0x3f, 0xf8, 0x22, 0xc1, 0x20, 0x12,
    0x5d, 0xf2, 0x80, 0x52, 0xc, 0x20, 0x10, 0xa2,
    0x71, 0x0, 0x4c, 0x16, 0x1, 0x97, 0xff, 0x9c,
    0x0, 0xe2, 0x1b, 0xfe, 0xb0, 0xf, 0xf4, 0x81,
    0x33, 0x44, 0x1, 0xfc, 0xc2, 0x7b, 0x33, 0x80,
    0x3f, 0xac, 0x24, 0x3, 0xc9, 0x77, 0xe5, 0x22,
    0x28, 0x7, 0x85, 0x13, 0xc0,

    /* U+00C7 "Ç" */
    0x0, 0xb, 0xef, 0xfb, 0x18, 0x3, 0x16, 0x41,
    0x8, 0x8e, 0x6c, 0x2, 0xf2, 0x4e, 0xeb, 0x9,
    0x24, 0x18, 0x8e, 0xc4, 0x0, 0x78, 0xc, 0x34,
    0x10, 0x1, 0xc3, 0x96, 0x4, 0xa, 0x1, 0xe3,
    0x41, 0x10, 0x8, 0x7, 0xf0, 0x80, 0x80, 0x7f,
    0x10, 0x28, 0x7, 0x8d, 0x6, 0x82, 0x0, 0x38,
    0x72, 0xc1, 0x88, 0xec, 0x40, 0x7, 0x80, 0xc2,
    0x1e, 0x29, 0xdd, 0x61, 0x1c, 0x80, 0xb, 0xdc,
    0x84, 0x47, 0x38, 0x1, 0x86, 0x35, 0x23, 0x18,
    0x3, 0xf1, 0x56, 0x0, 0x7f, 0x4c, 0x18, 0x7,
    0xe2, 0xfb, 0x80, 0xc,

    /* U+00C8 "È" */
    0x0, 0x47, 0xa8, 0x7, 0xa0, 0xa0, 0x3, 0xee,
    0x72, 0x0, 0xf1, 0xd1, 0x0, 0x51, 0xff, 0xf5,
    0x80, 0x9, 0x13, 0x8c, 0x1, 0x57, 0x7d, 0x0,
    0x1f, 0xfc, 0x8a, 0xbb, 0xe2, 0x0, 0x12, 0x27,
    0x30, 0x2, 0x3f, 0xf9, 0x0, 0x3f, 0xfa, 0x35,
    0x77, 0xd0, 0x0, 0x24, 0x4f, 0x0,

    /* U+00C9 "É" */
    0x0, 0xc5, 0xf6, 0x1, 0xe8, 0xa, 0x0, 0xf1,
    0xd0, 0x80, 0x7a, 0x54, 0x2, 0x8f, 0xff, 0xac,
    0x0, 0x48, 0x9c, 0x60, 0xa, 0xbb, 0xe8, 0x0,
    0xff, 0xe4, 0x55, 0xdf, 0x10, 0x0, 0x91, 0x39,
    0x80, 0x11, 0xff, 0xc8, 0x1, 0xff, 0xd1, 0xab,
    0xbe, 0x80, 0x1, 0x22, 0x78,

    /* U+00CA "Ê" */
    0x0, 0xab, 0xf4, 0x3, 0xa5, 0x6c, 0xec, 0x2,
    0x21, 0xb4, 0xc3, 0x30, 0x0, 0xa1, 0x0, 0xa0,
    0xc2, 0x3f, 0xfe, 0xb0, 0x1, 0x22, 0x71, 0x80,
    0x2a, 0xef, 0xa0, 0x3, 0xff, 0x91, 0x57, 0x7c,
    0x40, 0x2, 0x44, 0xe6, 0x0, 0x47, 0xff, 0x20,
    0x7, 0xff, 0x46, 0xae, 0xfa, 0x0, 0x4, 0x89,
    0xe0,

    /* U+00CB "Ë" */
    0x2, 0xe9, 0x5, 0xf5, 0x0, 0x30, 0x90, 0x68,
    0x10, 0x1, 0x36, 0xc2, 0x31, 0xc0, 0x22, 0x0,
    0x8c, 0x1, 0x1f, 0xff, 0x58, 0x0, 0x91, 0x38,
    0xc0, 0x15, 0x77, 0xd0, 0x1, 0xff, 0xc8, 0xab,
    0xbe, 0x20, 0x1, 0x22, 0x73, 0x0, 0x23, 0xff,
    0x90, 0x3, 0xff, 0xa3, 0x57, 0x7d, 0x0, 0x2,
    0x44, 0xf0,

    /* U+00CC "Ì" */
    0xaf, 0x30, 0xb1, 0x80, 0x1a, 0x10, 0x2, 0x50,
    0x2, 0x3d, 0xc0, 0x3f, 0xfc, 0x80,

    /* U+00CD "Í" */
    0x5, 0xf8, 0x9, 0x28, 0x16, 0xe0, 0x1a, 0x30,
    0x8f, 0x70, 0xf, 0xff, 0x28,

    /* U+00CE "Î" */
    0x0, 0x67, 0xd8, 0x5, 0x65, 0x69, 0x20, 0x66,
    0xd4, 0xb1, 0x23, 0x83, 0x4, 0x82, 0x0, 0x47,
    0xb8, 0x7, 0xff, 0xfc, 0x3, 0xfe,

    /* U+00CF "Ï" */
    0x4f, 0x60, 0x8e, 0x32, 0xf, 0x2, 0x16, 0x66,
    0x48, 0x56, 0xa8, 0x18, 0x4, 0x40, 0x14, 0x7b,
    0x80, 0x7f, 0xff, 0xc0, 0x3f, 0xe0,

    /* U+00D0 "Ð" */
    0x2, 0xff, 0xed, 0x93, 0x0, 0xf8, 0xce, 0x26,
    0xc7, 0x0, 0xe2, 0xcc, 0xbe, 0x82, 0x10, 0x3,
    0xf9, 0x68, 0x24, 0x3, 0xfc, 0xa2, 0x44, 0x68,
    0x2, 0x88, 0x80, 0x24, 0x6, 0xb5, 0x0, 0x3b,
    0xc2, 0x0, 0x30, 0x1d, 0xd0, 0x17, 0xfc, 0x20,
    0x3, 0x1, 0x0, 0xff, 0x20, 0x30, 0x7, 0xf2,
    0x89, 0x90, 0x7, 0xe6, 0xa0, 0x80, 0xc, 0x59,
    0x8d, 0xf9, 0x9, 0x40, 0xe, 0x33, 0x11, 0x1b,
    0x18, 0x0,

    /* U+00D1 "Ñ" */
    0x0, 0xff, 0xe1, 0xaf, 0xd9, 0x63, 0x80, 0x7a,
    0x58, 0xb4, 0xd4, 0x3, 0xdd, 0x13, 0xdc, 0x20,
    0xf, 0x10, 0x80, 0x88, 0x3, 0x47, 0xf8, 0x40,
    0x3b, 0x7c, 0x80, 0x2a, 0x0, 0xff, 0xa, 0x28,
    0x7, 0xf4, 0x85, 0x80, 0x7f, 0xc, 0xc, 0x80,
    0x7e, 0x17, 0x26, 0x30, 0xf, 0xe9, 0xe, 0x0,
    0xfe, 0x45, 0x27, 0x0, 0xfe, 0xb1, 0x81, 0x0,
    0xfc, 0x36, 0x16, 0x1, 0xfc, 0xa8, 0xa6, 0x1,
    0xfd, 0x20, 0x20, 0x1f, 0xc5, 0x0, 0x10,

    /* U+00D2 "Ò" */
    0x0, 0x8f, 0xe8, 0x3, 0xf8, 0xd9, 0x48, 0x3,
    0xfa, 0x59, 0xc0, 0x3f, 0xd2, 0xa0, 0x1f, 0x9f,
    0x7f, 0xb1, 0x80, 0x31, 0x6c, 0x10, 0x81, 0xce,
    0x8, 0x3, 0xc9, 0x3b, 0xac, 0x33, 0x58, 0x31,
    0x1d, 0x88, 0x0, 0xf4, 0x54, 0xf4, 0x24, 0x3,
    0x85, 0x82, 0xd4, 0x10, 0x3, 0xd8, 0x6, 0x20,
    0x20, 0x1e, 0x70, 0x71, 0x1, 0x0, 0xf3, 0x83,
    0x90, 0x28, 0x7, 0xb0, 0xe, 0x82, 0x0, 0x38,
    0x58, 0x2d, 0x88, 0xe8, 0x40, 0x7, 0xa2, 0xa6,
    0x1e, 0x4b, 0xdd, 0x61, 0x9a, 0xc0, 0x5, 0x90,
    0x42, 0x7, 0x38, 0x20,

    /* U+00D3 "Ó" */
    0x0, 0xf6, 0xf0, 0x80, 0x7e, 0x52, 0xb1, 0x0,
    0xfc, 0x4e, 0xa0, 0x1f, 0xcf, 0x0, 0x1f, 0x9f,
    0x7f, 0xb1, 0x80, 0x31, 0x6c, 0x10, 0x81, 0xce,
    0x8, 0x3, 0xc9, 0x3b, 0xac, 0x33, 0x58, 0x31,
    0x1d, 0x88, 0x0, 0xf4, 0x54, 0xf4, 0x24, 0x3,
    0x85, 0x82, 0xd4, 0x10, 0x3, 0xd8, 0x6, 0x20,
    0x20, 0x1e, 0x70, 0x71, 0x1, 0x0, 0xf3, 0x83,
    0x90, 0x28, 0x7, 0xb0, 0xe, 0x82, 0x0, 0x38,
    0x58, 0x2d, 0x88, 0xe8, 0x40, 0x7, 0xa2, 0xa6,
    0x1e, 0x4b, 0xdd, 0x61, 0x9a, 0xc0, 0x5, 0x90,
    0x42, 0x7, 0x38, 0x20,

    /* U+00D4 "Ô" */
    0x0, 0xc2, 0xee, 0x0, 0xfe, 0xa8, 0x83, 0x80,
    0x7c, 0xe9, 0x4f, 0x6, 0x1, 0xf4, 0xac, 0x41,
    0x40, 0x3c, 0xec, 0x0, 0x76, 0x0, 0xf3, 0xef,
    0xf6, 0x30, 0x6, 0x2d, 0x82, 0x10, 0x39, 0xc1,
    0x0, 0x79, 0x27, 0x75, 0x86, 0x6b, 0x6, 0x23,
    0xb1, 0x0, 0x1e, 0x8a, 0x9e, 0x84, 0x80, 0x70,
    0xb0, 0x5a, 0x82, 0x0, 0x7b, 0x0, 0xc4, 0x4,
    0x3, 0xce, 0xe, 0x20, 0x20, 0x1e, 0x70, 0x72,
    0x5, 0x0, 0xf6, 0x1, 0xd0, 0x40, 0x7, 0xb,
    0x5, 0xb1, 0x1d, 0x8, 0x0, 0xf4, 0x54, 0xc3,
    0xc9, 0x7b, 0xac, 0x33, 0x58, 0x0, 0xb2, 0x8,
    0x40, 0xe7, 0x4, 0x0,

    /* U+00D5 "Õ" */
    0x0, 0xff, 0xe1, 0xa7, 0xe1, 0xdc, 0x80, 0x7b,
    0xd5, 0x31, 0x28, 0x3, 0xd3, 0x71, 0xdc, 0x30,
    0xf, 0x10, 0x80, 0x88, 0x3, 0xe7, 0xdf, 0xec,
    0x60, 0xc, 0x5b, 0x4, 0x20, 0x73, 0x82, 0x0,
    0xf2, 0x4e, 0xeb, 0xc, 0xd6, 0xc, 0x47, 0x62,
    0x0, 0x3d, 0x15, 0x3d, 0x9, 0x0, 0xe1, 0x60,
    0xb5, 0x4, 0x0, 0xf6, 0x1, 0x88, 0x8, 0x7,
    0x9c, 0x1c, 0x40, 0x40, 0x3c, 0xe0, 0xe4, 0xa,
    0x1, 0xec, 0x3, 0xa0, 0x80, 0xe, 0x16, 0xb,
    0x62, 0x3a, 0x10, 0x1, 0xe8, 0xa9, 0x87, 0x92,
    0xf7, 0x58, 0x66, 0xb0, 0x1, 0x64, 0x10, 0x81,
    0xce, 0x8, 0x0,

    /* U+00D6 "Ö" */
    0x0, 0xb3, 0x40, 0xba, 0x80, 0x3c, 0x64, 0x23,
    0x30, 0x7, 0xbb, 0x82, 0x7b, 0xa0, 0xf, 0x8,
    0x80, 0x4, 0x20, 0x1e, 0x7d, 0xfe, 0xc6, 0x0,
    0xc5, 0xb0, 0x42, 0x7, 0x38, 0x20, 0xf, 0x24,
    0xee, 0xb0, 0xcd, 0x60, 0xc4, 0x76, 0x20, 0x3,
    0xd1, 0x53, 0xd0, 0x90, 0xe, 0x16, 0xb, 0x50,
    0x40, 0xf, 0x60, 0x18, 0x80, 0x80, 0x79, 0xc1,
    0xc4, 0x4, 0x3, 0xce, 0xe, 0x40, 0xa0, 0x1e,
    0xc0, 0x3a, 0x8, 0x0, 0xe1, 0x60, 0xb6, 0x23,
    0xa1, 0x0, 0x1e, 0x8a, 0x98, 0x79, 0x2f, 0x75,
    0x86, 0x6b, 0x0, 0x16, 0x41, 0x8, 0x1c, 0xe0,
    0x80,

    /* U+00D7 "×" */
    0x2, 0x10, 0xc, 0x24, 0x3, 0x98, 0x10, 0x0,
    0xe6, 0x4, 0x4c, 0x58, 0x22, 0xc2, 0x71, 0x8,
    0x72, 0xff, 0x13, 0x48, 0x5, 0xc, 0x22, 0x59,
    0x0, 0xc2, 0xa0, 0x7, 0x10, 0x8, 0x74, 0xd9,
    0xcb, 0x4, 0x1, 0xa6, 0xd3, 0xe, 0x58, 0x20,
    0xcc, 0x90, 0x4, 0x3b, 0x8, 0x54, 0x80, 0x68,
    0xb0,

    /* U+00D8 "Ø" */
    0x0, 0xff, 0xe1, 0xbe, 0xff, 0x63, 0x56, 0x0,
    0xb, 0x60, 0x84, 0xe, 0x56, 0xc0, 0x1e, 0x49,
    0xdd, 0x50, 0x3, 0x41, 0x88, 0xec, 0x40, 0x12,
    0x0, 0x53, 0xd0, 0x90, 0xa, 0xe, 0xdc, 0x2d,
    0x41, 0x0, 0x8, 0xee, 0x4c, 0x3, 0x10, 0x10,
    0x1a, 0x38, 0x7, 0x7, 0x10, 0x10, 0xa1, 0xe0,
    0x3, 0x83, 0x90, 0x2b, 0xa5, 0x10, 0x3, 0x0,
    0xe8, 0x2e, 0x15, 0x40, 0x1, 0x60, 0xb6, 0x10,
    0x4, 0x0, 0xf, 0x45, 0x4c, 0x8, 0x1, 0xbd,
    0xcc, 0x33, 0x58, 0x9, 0x3c, 0x10, 0x81, 0xce,
    0x8, 0xf, 0xc3, 0xef, 0xf6, 0x30, 0x4,

    /* U+00D9 "Ù" */
    0x0, 0x9f, 0xd8, 0x3, 0xf3, 0x9c, 0x0, 0x7f,
    0x72, 0x10, 0x7, 0xe2, 0xa2, 0x0, 0xd1, 0xee,
    0x1, 0xc5, 0xfc, 0x1, 0xff, 0xff, 0x0, 0xff,
    0xe0, 0x1f, 0x5, 0x80, 0x72, 0x83, 0x38, 0x1c,
    0x0, 0x4b, 0x1, 0xc3, 0x60, 0xff, 0xbd, 0x40,
    0xca, 0x9, 0xac, 0x24, 0x9, 0x52, 0x0,

    /* U+00DA "Ú" */
    0x0, 0xe2, 0xfc, 0x0, 0xfd, 0x61, 0xc0, 0x1f,
    0xd4, 0x40, 0x1f, 0xa5, 0x40, 0x34, 0x7b, 0x80,
    0x71, 0x7f, 0x0, 0x7f, 0xff, 0xc0, 0x3f, 0xf8,
    0x7, 0xc1, 0x60, 0x1c, 0xa0, 0xce, 0x7, 0x0,
    0x12, 0xc0, 0x70, 0xd8, 0x3f, 0xef, 0x50, 0x32,
    0x82, 0x6b, 0x9, 0x2, 0x54, 0x80,

    /* U+00DB "Û" */
    0x0, 0xc7, 0xa, 0x1, 0xf1, 0x6a, 0x53, 0x0,
    0x70, 0xe1, 0x63, 0xca, 0x0, 0x61, 0xec, 0x8,
    0xf4, 0x0, 0xff, 0xe0, 0xc7, 0xb8, 0x7, 0x17,
    0xf0, 0x7, 0xff, 0xfc, 0x3, 0xff, 0x80, 0x7c,
    0x16, 0x1, 0xca, 0xc, 0xe0, 0x70, 0x1, 0x2c,
    0x7, 0xd, 0x83, 0xfe, 0xf5, 0x3, 0x28, 0x26,
    0xb0, 0x90, 0x25, 0x48, 0x0,

    /* U+00DC "Ü" */
    0x0, 0x88, 0x2, 0x30, 0xe, 0x3d, 0xc0, 0x7c,
    0x90, 0xc, 0x22, 0x60, 0x20, 0xf0, 0xc, 0x5d,
    0x40, 0xbe, 0xc0, 0x1f, 0xfc, 0x18, 0xf7, 0x0,
    0xe2, 0xfe, 0x0, 0xff, 0xff, 0x80, 0x7f, 0xf0,
    0xf, 0x82, 0xc0, 0x39, 0x41, 0x9c, 0xe, 0x0,
    0x25, 0x80, 0xe1, 0xb0, 0x7f, 0xde, 0xa0, 0x65,
    0x4, 0xd6, 0x12, 0x4, 0xa9, 0x0,

    /* U+00DD "Ý" */
    0x0, 0xf4, 0x7a, 0x80, 0x7f, 0x99, 0x14, 0x3,
    0xf8, 0xd2, 0x80, 0x3f, 0xc7, 0x42, 0x1, 0xc7,
    0xfe, 0x10, 0xe, 0x8f, 0xc0, 0x35, 0xb, 0x0,
    0xc4, 0xe1, 0xc0, 0xb, 0x15, 0x40, 0xa, 0x41,
    0xc8, 0x0, 0x30, 0x12, 0x0, 0x44, 0xc, 0x0,
    0x66, 0x32, 0x70, 0x90, 0xb0, 0xf, 0x70, 0x4b,
    0x12, 0x28, 0x7, 0x89, 0xc6, 0x42, 0x40, 0x3f,
    0x40, 0x84, 0x10, 0x7, 0xf2, 0x81, 0x80, 0x7f,
    0xfb, 0x40,

    /* U+00DE "Þ" */
    0xaf, 0x60, 0xf, 0xfe, 0x3c, 0xdd, 0x4b, 0x0,
    0x79, 0x15, 0xa7, 0x48, 0x2, 0x9f, 0xf7, 0x39,
    0x70, 0x7, 0x86, 0x8, 0xc8, 0x3, 0xe6, 0x0,
    0xfc, 0x68, 0x24, 0x0, 0x9b, 0xb6, 0x60, 0x2c,
    0x3, 0x22, 0x9, 0x2d, 0x40, 0x29, 0xff, 0x75,
    0xa0, 0x7, 0xff, 0x28,

    /* U+00DF "ß" */
    0x1, 0x9e, 0xfe, 0x92, 0x0, 0xb1, 0x80, 0xc1,
    0xb0, 0x41, 0x88, 0xfb, 0x39, 0x5, 0x83, 0x82,
    0x80, 0x2d, 0xf, 0x0, 0xfb, 0x42, 0xc0, 0x3a,
    0xf9, 0x68, 0xc0, 0x39, 0x4, 0x52, 0x60, 0x1d,
    0xfd, 0x27, 0xa0, 0x1e, 0x16, 0x51, 0x40, 0xf,
    0x8c, 0x8, 0x3, 0xc2, 0xe0, 0xa0, 0x1a, 0xed,
    0xc2, 0x86, 0x1, 0xa, 0x20, 0x9e, 0xc0,

    /* U+00E0 "à" */
    0x0, 0x17, 0xe0, 0x7, 0x8a, 0xc, 0xc0, 0x1e,
    0x76, 0x50, 0xf, 0xa5, 0x80, 0x39, 0x6f, 0xbf,
    0x14, 0x0, 0xd4, 0x8a, 0xa3, 0xa6, 0x1, 0x3d,
    0xba, 0xb0, 0xa0, 0x7c, 0x20, 0x3, 0x1, 0x0,
    0x16, 0x73, 0xb4, 0x2, 0xaa, 0x3a, 0xce, 0x0,
    0xd, 0x4f, 0xa5, 0xcc, 0x3, 0xf3, 0x80, 0xc,
    0x8f, 0x26, 0xe8, 0x2, 0xf5, 0x37, 0x1c, 0x0,
    0x0,

    /* U+00E1 "á" */
    0x0, 0xec, 0xf2, 0x0, 0xe4, 0x38, 0x20, 0xe,
    0x26, 0x70, 0xf, 0x34, 0x80, 0x72, 0xdf, 0x7e,
    0x28, 0x1, 0xa9, 0x15, 0x47, 0x4c, 0x2, 0x7b,
    0x75, 0x61, 0x40, 0xf8, 0x40, 0x6, 0x2, 0x0,
    0x2c, 0xe7, 0x68, 0x5, 0x54, 0x75, 0x9c, 0x0,
    0x1a, 0x9f, 0x4b, 0x98, 0x7, 0xe7, 0x0, 0x19,
    0x1e, 0x4d, 0xd0, 0x5, 0xea, 0x6e, 0x38, 0x0,

    /* U+00E2 "â" */
    0x0, 0x97, 0xfc, 0x80, 0x19, 0x29, 0xda, 0xcc,
    0x2, 0x38, 0x84, 0xc2, 0x80, 0x4e, 0xe0, 0x3,
    0xb0, 0x4, 0xb7, 0xdf, 0x8a, 0x0, 0x6a, 0x45,
    0x51, 0xd3, 0x0, 0x9e, 0xdd, 0x58, 0x50, 0x3e,
    0x10, 0x1, 0x80, 0x80, 0xb, 0x39, 0xda, 0x1,
    0x55, 0x1d, 0x67, 0x0, 0x6, 0xa7, 0xd2, 0xe6,
    0x1, 0xf9, 0xc0, 0x6, 0x47, 0x93, 0x74, 0x1,
    0x7a, 0x9b, 0x8e, 0x0, 0x0,

    /* U+00E3 "ã" */
    0x0, 0x99, 0x82, 0x8a, 0x1, 0x44, 0x5d, 0x66,
    0x1, 0x56, 0x76, 0xe9, 0x80, 0x22, 0x20, 0x11,
    0x0, 0x32, 0xdf, 0x7e, 0x28, 0x1, 0xa9, 0x15,
    0x47, 0x4c, 0x2, 0x7b, 0x75, 0x61, 0x40, 0xf8,
    0x40, 0x6, 0x2, 0x0, 0x2c, 0xe7, 0x68, 0x5,
    0x54, 0x75, 0x9c, 0x0, 0x1a, 0x9f, 0x4b, 0x98,
    0x7, 0xe7, 0x0, 0x19, 0x1e, 0x4d, 0xd0, 0x5,
    0xea, 0x6e, 0x38, 0x0,

    /* U+00E4 "ä" */
    0x0, 0x23, 0x0, 0x15, 0x0, 0x2b, 0x93, 0x35,
    0x58, 0x5, 0xa, 0x66, 0x58, 0x0, 0x9e, 0x80,
    0x14, 0xe0, 0x12, 0xdf, 0x7e, 0x28, 0x1, 0xa9,
    0x15, 0x47, 0x4c, 0x2, 0x7b, 0x75, 0x61, 0x40,
    0xf8, 0x40, 0x6, 0x2, 0x0, 0x2c, 0xe7, 0x68,
    0x5, 0x54, 0x75, 0x9c, 0x0, 0x1a, 0x9f, 0x4b,
    0x98, 0x7, 0xe7, 0x0, 0x19, 0x1e, 0x4d, 0xd0,
    0x5, 0xea, 0x6e, 0x38, 0x0,

    /* U+00E5 "å" */
    0x0, 0x9b, 0xb8, 0xc0, 0x18, 0xe6, 0xed, 0x26,
    0x1, 0x38, 0x3b, 0x81, 0xc0, 0x24, 0x6d, 0xd3,
    0x20, 0x6, 0x9e, 0xe4, 0x80, 0x65, 0xbf, 0xec,
    0x50, 0x3, 0x52, 0x2a, 0x8e, 0x98, 0x4, 0xf6,
    0xea, 0xc2, 0x81, 0xf0, 0x80, 0xc, 0x4, 0x0,
    0x59, 0xce, 0xd0, 0xa, 0xa8, 0xeb, 0x38, 0x0,
    0x35, 0x3e, 0x97, 0x30, 0xf, 0xce, 0x0, 0x32,
    0x3c, 0x9b, 0xa0, 0xb, 0xd4, 0xdc, 0x70, 0x0,

    /* U+00E6 "æ" */
    0x0, 0x2d, 0xf7, 0x31, 0x6, 0x7b, 0xf5, 0xc0,
    0x27, 0xa4, 0x55, 0x1d, 0xf3, 0x12, 0x9c, 0x50,
    0x0, 0x57, 0x6e, 0xe0, 0x4, 0xe5, 0x71, 0xaa,
    0x3, 0x51, 0x9, 0x30, 0x1, 0x8, 0xab, 0xc,
    0x1, 0x9f, 0xed, 0xd0, 0x3, 0x77, 0x40, 0x10,
    0x63, 0x24, 0xd5, 0x0, 0x15, 0x5e, 0x93, 0x24,
    0xb6, 0x55, 0x0, 0x15, 0x7c, 0x60, 0x7, 0x0,
    0xa0, 0x0, 0xc0, 0x15, 0xf2, 0x19, 0x1e, 0xd6,
    0x3b, 0xc, 0xe5, 0x6a, 0x1a, 0x6, 0x29, 0xa8,
    0x54, 0xfb, 0x12, 0x9b, 0xe0, 0x0,

    /* U+00E7 "ç" */
    0x0, 0xc, 0xf7, 0xeb, 0x80, 0x43, 0x8c, 0x6a,
    0x71, 0x80, 0x8, 0x26, 0xda, 0xe4, 0x35, 0x6,
    0x8, 0x0, 0xab, 0x54, 0x40, 0x84, 0x2, 0x12,
    0x0, 0xff, 0x84, 0x8, 0x40, 0x21, 0x30, 0x3,
    0x4, 0x0, 0x55, 0x8a, 0x10, 0x2d, 0xb5, 0xc8,
    0x6a, 0x3, 0xec, 0x6a, 0x6f, 0x80, 0x10, 0xce,
    0xf, 0x40, 0x7, 0xcb, 0x8a, 0x1, 0xe2, 0xb3,
    0xd0, 0xf, 0x4f, 0x8d, 0x0, 0x0,

    /* U+00E8 "è" */
    0x0, 0xb3, 0xc4, 0x3, 0xee, 0x8, 0x0, 0xf8,
    0xa4, 0x3, 0xf9, 0xa4, 0x3, 0xc3, 0x3d, 0xfa,
    0xe0, 0x10, 0xfb, 0x12, 0x84, 0x58, 0x2, 0x6,
    0x32, 0xb5, 0x10, 0xa0, 0xc0, 0xa4, 0x56, 0x87,
    0x88, 0x3, 0x77, 0x48, 0x8, 0x5, 0x55, 0xe8,
    0x10, 0x15, 0x5f, 0x18, 0x28, 0xc0, 0x5, 0x3c,
    0xa1, 0x62, 0xf9, 0x58, 0xc0, 0x80, 0x3e, 0xc4,
    0xa4, 0xde, 0x20,

    /* U+00E9 "é" */
    0x0, 0xe7, 0xf6, 0x0, 0xfa, 0x4d, 0x80, 0x3c,
    0x69, 0xc0, 0x1f, 0x1d, 0x10, 0x7, 0xc, 0xf7,
    0xeb, 0x80, 0x43, 0xec, 0x4a, 0x11, 0x60, 0x8,
    0x18, 0xca, 0xd4, 0x42, 0x83, 0x2, 0x91, 0x5a,
    0x1e, 0x20, 0xd, 0xdd, 0x20, 0x20, 0x15, 0x57,
    0xa0, 0x40, 0x55, 0x7c, 0x60, 0xa3, 0x0, 0x14,
    0xf2, 0x85, 0x8b, 0xe5, 0x63, 0x2, 0x0, 0xfb,
    0x12, 0x93, 0x78, 0x80,

    /* U+00EA "ê" */
    0x0, 0x87, 0x7e, 0x40, 0x38, 0x70, 0x2d, 0x9c,
    0x3, 0x2a, 0xbd, 0x28, 0x4, 0x2, 0x48, 0x20,
    0x57, 0x10, 0x8, 0x67, 0xbf, 0x5c, 0x2, 0x1f,
    0x62, 0x50, 0x8b, 0x0, 0x40, 0xc6, 0x56, 0xa2,
    0x14, 0x18, 0x14, 0x8a, 0xd0, 0xf1, 0x0, 0x6e,
    0xe9, 0x1, 0x0, 0xaa, 0xbd, 0x2, 0x2, 0xab,
    0xe3, 0x5, 0x18, 0x0, 0xa7, 0x94, 0x2c, 0x5f,
    0x2b, 0x18, 0x10, 0x7, 0xd8, 0x94, 0x9b, 0xc4,

    /* U+00EB "ë" */
    0x0, 0xb, 0x88, 0x1b, 0x0, 0x68, 0x84, 0x87,
    0x4a, 0x0, 0x54, 0x94, 0x16, 0xaa, 0x0, 0x8e,
    0xc8, 0x1a, 0x84, 0x2, 0x19, 0xef, 0xd7, 0x0,
    0x87, 0xd8, 0x94, 0x22, 0xc0, 0x10, 0x31, 0x95,
    0xa8, 0x85, 0x6, 0x5, 0x22, 0xb4, 0x3c, 0x40,
    0x1b, 0xba, 0x40, 0x40, 0x2a, 0xaf, 0x40, 0x80,
    0xaa, 0xf8, 0xc1, 0x46, 0x0, 0x29, 0xe5, 0xb,
    0x17, 0xca, 0xc6, 0x4, 0x1, 0xf6, 0x25, 0x26,
    0xf1,

    /* U+00EC "ì" */
    0x9, 0x90, 0x5, 0xec, 0xa0, 0x6, 0x39, 0x0,
    0xb3, 0x0, 0x15, 0xf9, 0x80, 0x7f, 0xf8, 0x40,

    /* U+00ED "í" */
    0x4, 0xa5, 0x8, 0x44, 0x8e, 0x85, 0x3d, 0x2,
    0xfc, 0xc0, 0x3f, 0xfb, 0x20,

    /* U+00EE "î" */
    0x2, 0xef, 0x80, 0x0, 0xf9, 0x53, 0xb8, 0x11,
    0x75, 0x68, 0x5, 0x60, 0x41, 0x5c, 0x40, 0x17,
    0xe6, 0x1, 0xff, 0xf5,

    /* U+00EF "ï" */
    0x27, 0x0, 0x1b, 0x4, 0x41, 0xc3, 0x64, 0xf9,
    0x14, 0x25, 0x4d, 0x2c, 0x81, 0xe8, 0x2, 0xbf,
    0x30, 0xf, 0xff, 0xa8,

    /* U+00F0 "ð" */
    0x0, 0xa8, 0xc0, 0x4, 0x20, 0x10, 0xbe, 0x5d,
    0x6a, 0x80, 0x43, 0xe0, 0x8b, 0xa8, 0x1, 0x1e,
    0xb4, 0x4, 0x80, 0x63, 0xe9, 0x79, 0x47, 0x0,
    0x93, 0x3f, 0xe3, 0x90, 0x2, 0x59, 0xc5, 0x19,
    0xa, 0x84, 0x6, 0xba, 0xd3, 0x86, 0x1, 0x91,
    0x80, 0x54, 0x4, 0x40, 0x10, 0xc, 0x20, 0x24,
    0x4, 0x1, 0x98, 0x8, 0x10, 0x58, 0x2, 0x80,
    0xb0, 0x91, 0x9c, 0xae, 0x36, 0x30, 0x2c, 0x52,
    0x53, 0x99, 0x0,

    /* U+00F1 "ñ" */
    0x0, 0x23, 0x98, 0xc0, 0x4, 0x57, 0x59, 0xca,
    0x1, 0x1e, 0x6f, 0x66, 0x80, 0x42, 0x60, 0x26,
    0x1, 0x5f, 0x94, 0x77, 0xd9, 0x0, 0x52, 0xae,
    0x49, 0x80, 0x1b, 0x67, 0x4c, 0x54, 0x1, 0xe0,
    0x15, 0x86, 0x80, 0x1c, 0x2, 0x10, 0xf, 0xff,
    0x18,

    /* U+00F2 "ò" */
    0x0, 0xaf, 0xcc, 0x3, 0xf5, 0xc, 0x80, 0x7e,
    0x1b, 0x0, 0xff, 0x2d, 0x0, 0x7c, 0x33, 0xdf,
    0xb0, 0x1, 0x87, 0x18, 0xd4, 0xdf, 0x0, 0x28,
    0x26, 0xda, 0xe4, 0x37, 0x0, 0x30, 0x40, 0x5,
    0x1, 0x40, 0x20, 0x42, 0x1, 0x18, 0x10, 0x7,
    0xff, 0x0, 0x40, 0x84, 0x2, 0x20, 0x20, 0x3,
    0x4, 0x0, 0x52, 0x14, 0x0, 0x81, 0x6d, 0xae,
    0x43, 0x70, 0x0, 0xfb, 0x1a, 0x9b, 0xe0, 0x0,

    /* U+00F3 "ó" */
    0x0, 0xe5, 0xf8, 0x0, 0xfd, 0x5, 0x0, 0x1f,
    0x13, 0xf0, 0x7, 0xe2, 0xa3, 0x0, 0xf0, 0xcf,
    0x7e, 0xc0, 0x6, 0x1c, 0x63, 0x53, 0x7c, 0x0,
    0xa0, 0x9b, 0x6b, 0x90, 0xdc, 0x0, 0xc1, 0x0,
    0x14, 0x5, 0x0, 0x81, 0x8, 0x4, 0x60, 0x40,
    0x1f, 0xfc, 0x1, 0x2, 0x10, 0x8, 0x80, 0x80,
    0xc, 0x10, 0x1, 0x48, 0x50, 0x2, 0x5, 0xb6,
    0xb9, 0xd, 0xc0, 0x3, 0xec, 0x6a, 0x6f, 0x80,
    0x0,

    /* U+00F4 "ô" */
    0x0, 0xd9, 0xf6, 0x1, 0xf6, 0x15, 0xa4, 0x80,
    0x71, 0xa6, 0xa5, 0x89, 0x0, 0x63, 0x83, 0x4,
    0x82, 0x0, 0xc3, 0x3d, 0xfb, 0x0, 0x18, 0x71,
    0x8d, 0x4d, 0xf0, 0x2, 0x82, 0x6d, 0xae, 0x43,
    0x70, 0x3, 0x4, 0x0, 0x50, 0x14, 0x2, 0x4,
    0x20, 0x11, 0x81, 0x0, 0x7f, 0xf0, 0x4, 0x8,
    0x40, 0x22, 0x2, 0x0, 0x30, 0x40, 0x5, 0x21,
    0x40, 0x8, 0x16, 0xda, 0xe4, 0x37, 0x0, 0xf,
    0xb1, 0xa9, 0xbe, 0x0, 0x0,

    /* U+00F5 "õ" */
    0x0, 0x91, 0xcc, 0x60, 0x3, 0x8a, 0xeb, 0x39,
    0x40, 0x38, 0xf3, 0x7f, 0x34, 0x3, 0x84, 0xc0,
    0x6, 0x1, 0xe1, 0x9e, 0xfd, 0x80, 0xc, 0x38,
    0xc6, 0xa6, 0xf8, 0x1, 0x41, 0x36, 0xd7, 0x21,
    0xb8, 0x1, 0x82, 0x0, 0x28, 0xa, 0x1, 0x2,
    0x10, 0x8, 0xc0, 0x80, 0x3f, 0xf8, 0x2, 0x4,
    0x20, 0x11, 0x1, 0x0, 0x18, 0x20, 0x2, 0x90,
    0xa0, 0x4, 0xb, 0x6d, 0x72, 0x1b, 0x80, 0x7,
    0xd8, 0xd4, 0xdf, 0x0, 0x0,

    /* U+00F6 "ö" */
    0x0, 0xb, 0x88, 0x13, 0x0, 0x74, 0xc4, 0x3,
    0xa5, 0x80, 0x35, 0x25, 0x4, 0xab, 0x80, 0x62,
    0xb3, 0x5, 0xa1, 0x0, 0xc3, 0x3d, 0xfb, 0x0,
    0x18, 0x71, 0x8d, 0x4d, 0xf0, 0x2, 0x82, 0x6d,
    0xae, 0x43, 0x70, 0x3, 0x4, 0x0, 0x50, 0x14,
    0x2, 0x4, 0x20, 0x11, 0x81, 0x0, 0x7f, 0xf0,
    0x4, 0x8, 0x40, 0x22, 0x2, 0x0, 0x30, 0x40,
    0x5, 0x21, 0x40, 0x8, 0x16, 0xda, 0xe4, 0x37,
    0x0, 0xf, 0xb1, 0xa9, 0xbe, 0x0, 0x0,

    /* U+00F7 "÷" */
    0x0, 0x87, 0x74, 0x20, 0x1e, 0x22, 0xc0, 0x1e,
    0x39, 0x91, 0x80, 0x7c, 0xcc, 0x0, 0xc7, 0xff,
    0xf8, 0xc5, 0x13, 0xf0, 0x95, 0xdf, 0xe2, 0x0,
    0x87, 0x74, 0x20, 0x1e, 0x22, 0xc0, 0x1e, 0x39,
    0x91, 0x80, 0x40,

    /* U+00F8 "ø" */
    0x0, 0xfe, 0x10, 0x8, 0x67, 0xbf, 0x61, 0xf0,
    0x0, 0x38, 0xc6, 0xa6, 0xf1, 0x0, 0x4, 0x13,
    0x6d, 0x68, 0x0, 0x80, 0xc, 0x10, 0x3, 0xa6,
    0x14, 0x2, 0x4, 0x21, 0x8b, 0x80, 0x40, 0x1d,
    0x61, 0x60, 0x18, 0x40, 0xa9, 0x70, 0x8, 0x8,
    0x0, 0xc0, 0xba, 0x21, 0x21, 0x40, 0xf, 0x0,
    0x75, 0x72, 0x1b, 0x80, 0xcb, 0xb1, 0xa9, 0xbe,
    0x0, 0x7, 0x62, 0x7b, 0xf6, 0x0, 0x20,

    /* U+00F9 "ù" */
    0x0, 0x5f, 0x90, 0x7, 0xa8, 0x20, 0x3, 0xc3,
    0x46, 0x1, 0xf2, 0xc8, 0x6, 0xbf, 0x30, 0x9,
    0xbe, 0x0, 0x3f, 0xfc, 0x22, 0xe, 0x1, 0x8,
    0x0, 0x83, 0x80, 0x3, 0x20, 0xa, 0x5, 0xdb,
    0xe4, 0x0, 0x15, 0x99, 0x34, 0xf8, 0x0,

    /* U+00FA "ú" */
    0x0, 0xcd, 0xf0, 0x1, 0xeb, 0x28, 0x0, 0xe2,
    0x7e, 0x0, 0xf1, 0x51, 0x80, 0x57, 0xe6, 0x1,
    0x37, 0xc0, 0x7, 0xff, 0x84, 0x41, 0xc0, 0x21,
    0x0, 0x10, 0x70, 0x0, 0x64, 0x1, 0x40, 0xbb,
    0x7c, 0x80, 0x2, 0xb3, 0x26, 0x9f, 0x0, 0x0,

    /* U+00FB "û" */
    0x0, 0xe, 0xfd, 0x0, 0x76, 0x9d, 0xac, 0x80,
    0x46, 0x98, 0x96, 0x24, 0x0, 0x38, 0x20, 0x48,
    0x20, 0xbf, 0x30, 0x9, 0xbe, 0x0, 0x3f, 0xfc,
    0x22, 0xe, 0x1, 0x8, 0x0, 0x83, 0x80, 0x3,
    0x20, 0xa, 0x5, 0xdb, 0xe4, 0x0, 0x15, 0x99,
    0x34, 0xf8, 0x0,

    /* U+00FC "ü" */
    0x1, 0x71, 0x2, 0x60, 0xa, 0x62, 0x1, 0xd2,
    0xa0, 0xb, 0x4a, 0x9, 0x54, 0x0, 0x1d, 0x98,
    0x2d, 0x8, 0x5f, 0x98, 0x4, 0xdf, 0x0, 0x1f,
    0xfe, 0x11, 0x7, 0x0, 0x84, 0x0, 0x41, 0xc0,
    0x1, 0x90, 0x5, 0x2, 0xed, 0xf2, 0x0, 0xa,
    0xcc, 0x9a, 0x7c, 0x0,

    /* U+00FD "ý" */
    0x0, 0xe5, 0xa4, 0x0, 0xfa, 0xdd, 0x0, 0x3c,
    0xa3, 0xc0, 0x1f, 0x2f, 0x98, 0x4, 0xdf, 0x40,
    0x19, 0x3f, 0x1c, 0x14, 0x3, 0x70, 0x50, 0xa8,
    0x28, 0x4, 0xa0, 0xc1, 0xe1, 0xe0, 0x5, 0x5,
    0x0, 0x28, 0xa8, 0x3, 0xc3, 0x80, 0x27, 0x5,
    0x5, 0x14, 0x0, 0xa8, 0x3d, 0x41, 0x80, 0x31,
    0x92, 0x60, 0x50, 0x7, 0x50, 0xb1, 0x90, 0x7,
    0x30, 0x2, 0x80, 0x3c, 0x20, 0x7, 0x0, 0xf2,
    0x82, 0x88, 0x6, 0x6c, 0xa0, 0x80, 0xe, 0xc3,
    0x2b, 0x20, 0xc,

    /* U+00FE "þ" */
    0xbf, 0x30, 0xf, 0xfe, 0x94, 0x77, 0xd9, 0x80,
    0x68, 0x75, 0x34, 0xc3, 0x0, 0x97, 0xaf, 0x20,
    0x3c, 0x2, 0x81, 0x0, 0x38, 0x98, 0x80, 0x14,
    0x3, 0x28, 0x10, 0x7, 0xff, 0x1, 0x40, 0x32,
    0x81, 0x0, 0x20, 0x40, 0xe, 0x26, 0x20, 0x5,
    0xfa, 0xc8, 0xf, 0x0, 0xa1, 0x90, 0xcd, 0x86,
    0x1, 0xa3, 0xbf, 0xc, 0x3, 0xff, 0xa8,

    /* U+00FF "ÿ" */
    0x0, 0x13, 0x0, 0x11, 0x40, 0x37, 0x4a, 0x85,
    0xd1, 0x0, 0x52, 0xa8, 0xe, 0xc4, 0x1, 0x2d,
    0x8, 0x44, 0x80, 0x1b, 0xe8, 0x3, 0x27, 0xe3,
    0x82, 0x80, 0x6e, 0xa, 0x15, 0x5, 0x0, 0x94,
    0x18, 0x3c, 0x3c, 0x0, 0xa0, 0xa0, 0x5, 0x15,
    0x0, 0x78, 0x70, 0x4, 0xe0, 0xa0, 0xa2, 0x80,
    0x15, 0x7, 0xa8, 0x30, 0x6, 0x32, 0x4c, 0xa,
    0x0, 0xea, 0x16, 0x32, 0x0, 0xe6, 0x0, 0x50,
    0x7, 0x84, 0x0, 0xe0, 0x1e, 0x50, 0x51, 0x0,
    0xcd, 0x94, 0x10, 0x1, 0xd8, 0x65, 0x64, 0x1,
    0x80,

    /* U+0150 "Ő" */
    0x0, 0x8f, 0xe8, 0x37, 0x84, 0x3, 0xa8, 0x21,
    0xca, 0x84, 0x3, 0x86, 0x4b, 0xe5, 0x0, 0x3d,
    0xe, 0x76, 0xc0, 0x1e, 0x2b, 0xec, 0xc7, 0xd0,
    0x80, 0x49, 0xa8, 0x4c, 0xa2, 0xbe, 0x40, 0x34,
    0x11, 0xb3, 0x5c, 0xa3, 0xc0, 0xc2, 0xae, 0x1,
    0xa8, 0x8d, 0x2c, 0x38, 0x3, 0xd4, 0x1a, 0x40,
    0xa0, 0x1e, 0x30, 0x21, 0x1, 0x0, 0xf3, 0x83,
    0x88, 0x8, 0x7, 0x9c, 0x1c, 0x81, 0x40, 0x3d,
    0x80, 0x74, 0x1e, 0x1, 0xe6, 0xb, 0x61, 0x49,
    0x0, 0x86, 0xc5, 0xc, 0x34, 0x5b, 0xae, 0xdc,
    0x85, 0x40, 0x3, 0xc5, 0x14, 0x40, 0xbe, 0x8,
    0x4, 0x55, 0xfd, 0xd4, 0x8, 0x0,

    /* U+0151 "ő" */
    0x0, 0x9e, 0xcc, 0xd6, 0xe0, 0x1d, 0x2e, 0x7e,
    0xac, 0x1, 0x90, 0x3d, 0xa, 0x84, 0x3, 0x27,
    0x1a, 0x72, 0x0, 0x7a, 0x37, 0xb1, 0xc0, 0x3b,
    0x5c, 0xd4, 0xa2, 0xc0, 0x29, 0x25, 0xeb, 0xe3,
    0x46, 0x0, 0x38, 0x58, 0x5, 0xe1, 0x40, 0x22,
    0x21, 0x0, 0x8c, 0xc, 0x3, 0xff, 0x80, 0x20,
    0x40, 0x18, 0x80, 0x80, 0x8, 0xe, 0x1, 0x58,
    0x28, 0x2, 0x42, 0x29, 0xed, 0x86, 0x40, 0x5,
    0x86, 0xb0, 0x88, 0xc1, 0x0, 0x8f, 0x3b, 0x7a,
    0xc8, 0x0,

    /* U+0170 "Ű" */
    0x0, 0x9b, 0xd8, 0xbf, 0x0, 0x3a, 0x89, 0xa0,
    0x74, 0x3, 0xb, 0x48, 0x9d, 0x8, 0x4, 0x22,
    0xa4, 0x19, 0x40, 0x11, 0x47, 0x38, 0x7, 0x17,
    0x78, 0x7, 0xff, 0xfc, 0x3, 0xff, 0x80, 0x7c,
    0x18, 0x1, 0xc8, 0xc, 0xe0, 0x8c, 0x1, 0x14,
    0x6, 0x8c, 0x84, 0xed, 0x5e, 0x8a, 0x30, 0x35,
    0x99, 0x2a, 0xb, 0xd8, 0x4, 0x99, 0xdb, 0xdc,
    0x80, 0x0,

    /* U+0171 "ű" */
    0x0, 0x3d, 0x91, 0xdb, 0x80, 0x52, 0xe5, 0xea,
    0xc0, 0x4, 0xf, 0x42, 0xa1, 0x0, 0x27, 0x1a,
    0x72, 0x0, 0x27, 0x4c, 0x2, 0x5d, 0x72, 0x20,
    0x6, 0x32, 0xf0, 0xf, 0xfe, 0xc0, 0x83, 0x80,
    0x42, 0x0, 0x30, 0xd0, 0x0, 0xc8, 0x2, 0x81,
    0xae, 0x71, 0x40, 0x7, 0x22, 0x8c, 0xbc, 0x1,
    0x37, 0x73, 0xe1, 0x7e, 0x0,

    /* U+F001 "" */
    0x0, 0xff, 0xe0, 0x9b, 0xd3, 0x0, 0x7f, 0xa,
    0xce, 0x7e, 0x42, 0xc8, 0x7, 0x9a, 0xbb, 0x94,
    0xc6, 0x1, 0xfe, 0x49, 0x51, 0x0, 0xff, 0xe1,
    0x8, 0x7, 0xff, 0x34, 0x99, 0xc0, 0x3f, 0xc2,
    0x91, 0x7f, 0xb3, 0x60, 0x1f, 0xc3, 0xd6, 0xe8,
    0x1, 0xff, 0xd8, 0x18, 0xb8, 0x0, 0xff, 0xe0,
    0x97, 0xba, 0x20, 0x3, 0x91, 0xf0, 0x3, 0xac,
    0x40, 0x3c, 0x3b, 0x70, 0xc0, 0x1f, 0xf0, 0x84,
    0x10, 0x7, 0xea, 0x0, 0xe9, 0x5, 0x0, 0xe3,
    0x0, 0x8f, 0x54, 0x92, 0x9c, 0x2c, 0x3, 0x94,
    0x3, 0x15, 0x6d, 0xa8, 0x1, 0xe0, 0x40, 0xf,
    0x0, 0x1f, 0xfc, 0x7, 0xee, 0x7c, 0x0, 0x7f,
    0xf0, 0x0,

    /* U+F021 "" */
    0x0, 0xe1, 0x7b, 0xcc, 0x5b, 0x90, 0x5, 0x70,
    0x1, 0x9f, 0xa1, 0xc, 0xc9, 0x1b, 0x20, 0x68,
    0xe0, 0x1, 0xd8, 0x1, 0x58, 0x83, 0x8, 0x36,
    0xa8, 0x6, 0xd2, 0x8, 0xea, 0x77, 0x4f, 0x38,
    0x14, 0x80, 0x54, 0x61, 0x8e, 0x1, 0xeb, 0x70,
    0xc, 0x6a, 0x12, 0x60, 0x1e, 0x9c, 0x70, 0xd,
    0x40, 0x2c, 0x1, 0xf7, 0x80, 0x72, 0xa8, 0x18,
    0x3, 0xf3, 0x7f, 0xf5, 0x30, 0x50, 0x7, 0xff,
    0xe, 0xbc, 0x80, 0x3f, 0xf8, 0x32, 0xa0, 0x1f,
    0xfc, 0x36, 0x64, 0xa, 0x27, 0x0, 0x7f, 0x68,
    0x3e, 0x5d, 0xf4, 0x80, 0x7c, 0x48, 0x1e, 0x40,
    0x18, 0x7c, 0x3, 0xef, 0x2, 0x50, 0xc, 0xbe,
    0xc0, 0x1c, 0x58, 0x41, 0xc0, 0x11, 0x82, 0xfb,
    0xa0, 0x89, 0x23, 0x4c, 0x28, 0xc0, 0x28, 0xa0,
    0x18, 0xbe, 0xe5, 0xb8, 0x15, 0xa8, 0x0, 0xc1,
    0x97, 0x9c, 0x80, 0x31, 0x46, 0xa0, 0x5, 0x9c,
    0x40, 0x31, 0xbd, 0x98, 0xed, 0x70, 0xe,

    /* U+F023 "" */
    0x0, 0xc7, 0x39, 0x6e, 0x1, 0xf9, 0xb1, 0x8d,
    0x23, 0x44, 0x3, 0x8a, 0x40, 0xe1, 0x80, 0xac,
    0x3, 0xa8, 0xb, 0x1e, 0x68, 0x14, 0x3, 0x8c,
    0x14, 0x2, 0x50, 0x1, 0x80, 0x67, 0x0, 0xfc,
    0xe0, 0x1e, 0x12, 0x2c, 0x1, 0xc9, 0xc6, 0xd,
    0xbb, 0x80, 0x17, 0x41, 0x22, 0x1, 0xfe, 0x55,
    0x10, 0x7, 0xff, 0x0, 0x80, 0x3f, 0xf8, 0x3e,
    0x1, 0xff, 0xff, 0x0, 0xfe, 0x10, 0xf, 0xfe,
    0x7, 0x58, 0x7, 0xfc, 0x6c, 0xbd, 0x97, 0x7f,
    0xb3, 0x0,

    /* U+F026 "" */
    0x0, 0xfc, 0xea, 0x1, 0xf0, 0xe4, 0x50, 0x80,
    0x70, 0xe1, 0x80, 0xc, 0x3, 0x17, 0x90, 0x7,
    0x89, 0x34, 0x40, 0x39, 0xff, 0x6c, 0x3, 0xe8,
    0x0, 0xff, 0xef, 0x90, 0x7, 0xfb, 0xdd, 0x4c,
    0x3, 0xe2, 0x8a, 0xc6, 0x0, 0xff, 0x4b, 0x80,
    0x7f, 0xa2, 0x40, 0x23, 0x0, 0xf3, 0x58, 0x98,
    0x80, 0x7c, 0x9d, 0x80,

    /* U+F027 "" */
    0x0, 0xfc, 0xea, 0x1, 0xff, 0xe, 0x45, 0x8,
    0x7, 0xf0, 0xe1, 0x80, 0x7f, 0xc5, 0xe4, 0x1,
    0xfe, 0x14, 0xd1, 0x0, 0xfe, 0x7f, 0xeb, 0x0,
    0xfc, 0xa6, 0x10, 0x1, 0xff, 0x46, 0x88, 0x7,
    0xff, 0x2, 0x5, 0x80, 0x3f, 0xf8, 0xe, 0x1e,
    0x1, 0xff, 0xc0, 0xb0, 0xd2, 0x0, 0xff, 0x91,
    0x55, 0xee, 0xc6, 0x1, 0xfb, 0x68, 0xa, 0x27,
    0x18, 0x3, 0xff, 0x85, 0x2e, 0x1, 0xff, 0xc2,
    0x89, 0x0, 0xff, 0xe1, 0x35, 0x89, 0x88, 0x7,
    0xfc, 0x9d, 0x80, 0x1c,

    /* U+F028 "" */
    0x0, 0xfc, 0xcc, 0x0, 0xf2, 0xd0, 0x7, 0xfd,
    0x73, 0x22, 0x0, 0xe2, 0x5c, 0x0, 0xfc, 0x38,
    0x80, 0x1, 0x0, 0xe7, 0x63, 0x90, 0xf, 0x16,
    0x18, 0x7, 0xd5, 0xc5, 0x28, 0xc6, 0x1, 0xa,
    0x61, 0x0, 0x7e, 0xf1, 0xf0, 0x90, 0x90, 0x6f,
    0xeb, 0x10, 0xf, 0x95, 0x15, 0xc9, 0xc9, 0x14,
    0x60, 0x3, 0xfe, 0x9b, 0x28, 0x1b, 0xc, 0x5,
    0x0, 0xff, 0xe0, 0x78, 0x50, 0x29, 0x81, 0x0,
    0x80, 0x7f, 0xf0, 0xc, 0x8, 0x4, 0x0, 0x20,
    0x60, 0x1f, 0xfc, 0x8, 0xc, 0x6, 0x10, 0x20,
    0x22, 0x0, 0x7f, 0xc6, 0x8c, 0x66, 0x40, 0xf0,
    0x6d, 0x76, 0x30, 0xf, 0xd7, 0x61, 0xe0, 0x90,
    0x72, 0x20, 0xc4, 0xe3, 0x80, 0x7f, 0x41, 0x39,
    0xb0, 0xd0, 0x7, 0x44, 0x0, 0x3f, 0x64, 0x40,
    0xa4, 0x5c, 0x3, 0xcf, 0x40, 0x1f, 0x2b, 0x96,
    0x5, 0x0, 0x7e, 0x5c, 0x12, 0x30, 0xe, 0xa1,
    0xa4, 0x0, 0xfe, 0x3e, 0xd0, 0xf, 0x46, 0xa8,
    0x4,

    /* U+F048 "" */
    0x58, 0x0, 0xfe, 0x78, 0xa, 0x73, 0x0, 0xf1,
    0xec, 0x3b, 0x0, 0x7e, 0x9c, 0x20, 0x0, 0x80,
    0x79, 0x39, 0x80, 0x3f, 0x86, 0x6c, 0x40, 0x3f,
    0x97, 0xd8, 0x3, 0xfd, 0xf4, 0x20, 0x1f, 0xf1,
    0x80, 0x7f, 0xf7, 0x69, 0x0, 0x3f, 0xf8, 0xd,
    0x74, 0x20, 0x1f, 0xfc, 0x5, 0xf5, 0x0, 0xff,
    0xe0, 0xd, 0x50, 0x40, 0x3f, 0xf8, 0xb, 0xea,
    0x1, 0x90, 0x4c, 0x3, 0x86, 0xa8, 0x22, 0x5b,
    0xe0, 0xf, 0xcb, 0xdc, 0x20,

    /* U+F04B "" */
    0x3a, 0x50, 0xf, 0xfe, 0x7, 0x2d, 0x61, 0x80,
    0x7f, 0x8c, 0x0, 0x79, 0x44, 0x1, 0xff, 0xc1,
    0x5d, 0x91, 0x0, 0xff, 0xe0, 0xb7, 0x38, 0x7,
    0xff, 0xa, 0x39, 0x80, 0x3f, 0xf8, 0x23, 0x3a,
    0x80, 0x1f, 0xfc, 0x12, 0xb6, 0x0, 0xff, 0xe1,
    0x78, 0x7, 0xff, 0x5, 0x60, 0x3, 0xfe, 0x3c,
    0xa1, 0x0, 0xfe, 0x2a, 0xc3, 0x0, 0xfe, 0x19,
    0xd5, 0x0, 0xff, 0x3f, 0x30, 0x7, 0xf9, 0xba,
    0x0, 0x3f, 0x30, 0x26, 0xc8, 0x80, 0x7f, 0x47,
    0xd9, 0x0, 0x7f, 0xc0,

    /* U+F04C "" */
    0x29, 0xbb, 0x38, 0x4, 0x73, 0x76, 0x60, 0xf6,
    0x44, 0x43, 0x0, 0x35, 0x91, 0x12, 0xa4, 0x1,
    0xbc, 0x4, 0x40, 0x1b, 0x40, 0x3f, 0xff, 0xe0,
    0x1f, 0xff, 0xf0, 0xf, 0xe1, 0x1, 0x0, 0xef,
    0x81, 0x0, 0x15, 0x0, 0x1c, 0x2, 0x36, 0x7e,
    0xff, 0x69, 0x0, 0x23, 0xfe, 0xc1,

    /* U+F04D "" */
    0x8, 0xbb, 0xff, 0xa9, 0x82, 0x9d, 0x13, 0xfe,
    0x59, 0x65, 0x0, 0xff, 0xe1, 0x68, 0x7, 0xff,
    0xd, 0xc0, 0x3f, 0xff, 0xe0, 0x1f, 0xff, 0xf0,
    0xf, 0xe7, 0x20, 0xf, 0xfe, 0x11, 0x71, 0x0,
    0x7f, 0xf0, 0xe, 0xf, 0x7f, 0xff, 0xf8, 0x18,
    0x20,

    /* U+F051 "" */
    0x6, 0x92, 0x0, 0xfc, 0xb0, 0x3, 0x2d, 0xae,
    0x1, 0xf5, 0xba, 0x18, 0x5, 0x18, 0x40, 0x1f,
    0x8, 0x7, 0x1e, 0xb8, 0x7, 0xff, 0xa, 0x34,
    0xc0, 0x3f, 0xf8, 0x25, 0x90, 0x1, 0xff, 0xc2,
    0x7d, 0x10, 0xf, 0xfe, 0x9, 0x0, 0x7f, 0xf7,
    0xca, 0xc4, 0x3, 0xfe, 0x6d, 0x40, 0xf, 0xf1,
    0x64, 0x80, 0x7f, 0xcf, 0xa6, 0x1, 0xfe, 0x2c,
    0x80, 0xf, 0xc4, 0x60, 0xfa, 0x60, 0x1e, 0x41,
    0x40, 0xcf, 0x80, 0xf, 0xd5, 0xc2,

    /* U+F07B "" */
    0x6, 0x99, 0xe7, 0x20, 0xf, 0xea, 0x96, 0x6e,
    0x8d, 0x60, 0xf, 0xca, 0x1, 0xfa, 0x7f, 0xbb,
    0xac, 0x80, 0x3f, 0xe1, 0x1e, 0x4e, 0x0, 0xff,
    0xe2, 0x98, 0x7, 0xff, 0xfc, 0x3, 0xff, 0xf2,
    0x40, 0x1f, 0xfc, 0x43, 0xe2, 0x0, 0xff, 0xe1,
    0x17, 0x80,

    /* U+F09C "" */
    0x0, 0xc7, 0x39, 0x6e, 0x1, 0xf9, 0xb1, 0x8d,
    0x23, 0x44, 0x3, 0x8a, 0x40, 0xe1, 0xc0, 0xac,
    0x3, 0xa8, 0xb, 0x1e, 0x20, 0xa, 0x20, 0x18,
    0xc1, 0x40, 0x27, 0x20, 0x10, 0xf, 0x78, 0x6,
    0xde, 0x0, 0xe7, 0xf, 0x11, 0xe0, 0x10, 0x2,
    0x71, 0x83, 0xf7, 0x7d, 0x41, 0x22, 0x1, 0xfe,
    0x55, 0x10, 0x7, 0xff, 0x0, 0x80, 0x3f, 0xff,
    0xe0, 0x1f, 0xfc, 0xb1, 0x0, 0xff, 0xe0, 0xd,
    0x80, 0x7f, 0xc6, 0xcb, 0xd9, 0x9f, 0xf0, 0x0,

    /* U+F240 "" */
    0x0, 0x1a, 0x27, 0xff, 0xc, 0x40, 0x22, 0xdc,
    0xbb, 0xff, 0xe1, 0xf3, 0x0, 0x20, 0x80, 0x3f,
    0xf8, 0xb2, 0x20, 0x81, 0x3f, 0xff, 0xfc, 0x30,
    0x2, 0x0, 0x46, 0xb, 0x33, 0xfe, 0x81, 0x1,
    0x0, 0xfa, 0x99, 0xbf, 0xce, 0xe0, 0xa, 0xcc,
    0x3, 0xff, 0x90, 0x28, 0x1, 0xff, 0xdf, 0x20,
    0xc, 0x60, 0x1f, 0xf2, 0x80, 0x4e, 0xa0, 0x1b,
    0x3f, 0xff, 0xe3, 0x0, 0xb4, 0xc, 0x30, 0xcf,
    0xff, 0x84, 0x82, 0x2, 0xa, 0xd, 0x99, 0xff,
    0xc2, 0xb0, 0x14, 0x8, 0x61, 0x0, 0xff, 0xe1,
    0x9e, 0x0, 0x0,

    /* U+F241 "" */
    0x0, 0x1a, 0x27, 0xff, 0xc, 0x40, 0x22, 0xdc,
    0xbb, 0xff, 0xe1, 0xf3, 0x0, 0x20, 0x80, 0x3f,
    0xf8, 0xb2, 0x20, 0x81, 0x3f, 0xff, 0xfc, 0x30,
    0x2, 0x0, 0x46, 0xb, 0x33, 0xf8, 0x80, 0x30,
    0x80, 0x7d, 0x4c, 0xdf, 0xac, 0x3, 0xd6, 0x60,
    0x1f, 0xfc, 0x81, 0x40, 0xf, 0xfe, 0xf9, 0x0,
    0x63, 0x0, 0xfd, 0xe0, 0x1e, 0x75, 0x0, 0xd9,
    0xff, 0xf9, 0x80, 0x3d, 0xa0, 0x61, 0x86, 0x7f,
    0xfc, 0x24, 0x10, 0x10, 0x50, 0x6c, 0xcf, 0xfe,
    0x15, 0x80, 0xa0, 0x43, 0x8, 0x7, 0xff, 0xc,
    0xf0, 0x0,

    /* U+F242 "" */
    0x0, 0x1a, 0x27, 0xff, 0xc, 0x40, 0x22, 0xdc,
    0xbb, 0xff, 0xe1, 0xf3, 0x0, 0x20, 0x80, 0x3f,
    0xf8, 0xb2, 0x20, 0x81, 0x3f, 0xff, 0xfc, 0x30,
    0x2, 0x0, 0x46, 0xb, 0x33, 0xc6, 0x1, 0xf0,
    0x80, 0x7d, 0x4c, 0xdd, 0xe0, 0x1f, 0xd6, 0x60,
    0x1f, 0xfc, 0x81, 0x40, 0xf, 0xfe, 0xf9, 0x0,
    0x63, 0x0, 0xe5, 0x0, 0xfe, 0x75, 0x0, 0xd9,
    0xff, 0xd2, 0x1, 0xfd, 0xa0, 0x61, 0x86, 0x7f,
    0xfc, 0x24, 0x10, 0x10, 0x50, 0x6c, 0xcf, 0xfe,
    0x15, 0x80, 0xa0, 0x43, 0x8, 0x7, 0xff, 0xc,
    0xf0, 0x0,

    /* U+F243 "" */
    0x0, 0x1a, 0x27, 0xff, 0xc, 0x40, 0x22, 0xdc,
    0xbb, 0xff, 0xe1, 0xf3, 0x0, 0x20, 0x80, 0x3f,
    0xf8, 0xb2, 0x20, 0x81, 0x3f, 0xff, 0xfc, 0x30,
    0x2, 0x0, 0x46, 0xb, 0x32, 0x50, 0xf, 0xf0,
    0x80, 0x7d, 0x4c, 0xca, 0x0, 0xff, 0xe0, 0x59,
    0x80, 0x7f, 0xf2, 0x5, 0x0, 0x3f, 0xfb, 0xe4,
    0x1, 0x8c, 0x0, 0x60, 0x1f, 0xfc, 0x7, 0x50,
    0xd, 0x9f, 0xec, 0x0, 0xff, 0xe0, 0x68, 0x18,
    0x61, 0x9f, 0xff, 0x9, 0x4, 0x4, 0x14, 0x1b,
    0x33, 0xff, 0x85, 0x60, 0x28, 0x10, 0xc2, 0x1,
    0xff, 0xc3, 0x3c, 0x0, 0x0,

    /* U+F244 "" */
    0x0, 0x1a, 0x27, 0xff, 0xc, 0x40, 0x22, 0xdc,
    0xbb, 0xff, 0xe1, 0xf3, 0x0, 0x20, 0x80, 0x3f,
    0xf8, 0xb2, 0x20, 0x81, 0x3f, 0xff, 0xfc, 0x30,
    0x2, 0x80, 0x46, 0x1, 0xff, 0xc3, 0x10, 0x10,
    0xf, 0xfe, 0x4c, 0x10, 0x7, 0xff, 0x20, 0x94,
    0x3, 0xff, 0xbe, 0x20, 0x1f, 0xfc, 0x85, 0x60,
    0xf, 0xfe, 0x47, 0x80, 0x5a, 0x45, 0xff, 0xc3,
    0x10, 0x10, 0x70, 0x7d, 0xdf, 0xfe, 0x18, 0xa,
    0x84, 0x20, 0x7, 0xff, 0x10, 0x68, 0x40, 0x6f,
    0xf7, 0x7f, 0xf8, 0x5d, 0xc4, 0x0, 0x0
};


/*---------------------
 *  GLYPH DESCRIPTION
 *--------------------*/

static const lv_font_fmt_txt_glyph_dsc_t glyph_dsc[] = {
    {.bitmap_index = 0, .adv_w = 0, .box_w = 0, .box_h = 0, .ofs_x = 0, .ofs_y = 0} /* id = 0 reserved */,
    {.bitmap_index = 0, .adv_w = 77, .box_w = 0, .box_h = 0, .ofs_x = 0, .ofs_y = 0},
    {.bitmap_index = 0, .adv_w = 88, .box_w = 4, .box_h = 13, .ofs_x = 1, .ofs_y = 0},
    {.bitmap_index = 19, .adv_w = 142, .box_w = 7, .box_h = 6, .ofs_x = 1, .ofs_y = 7},
    {.bitmap_index = 39, .adv_w = 184, .box_w = 12, .box_h = 13, .ofs_x = 0, .ofs_y = 0},
    {.bitmap_index = 114, .adv_w = 186, .box_w = 11, .box_h = 18, .ofs_x = 0, .ofs_y = -2},
    {.bitmap_index = 197, .adv_w = 286, .box_w = 15, .box_h = 13, .ofs_x = 1, .ofs_y = 0},
    {.bitmap_index = 283, .adv_w = 188, .box_w = 12, .box_h = 13, .ofs_x = 0, .ofs_y = 0},
    {.bitmap_index = 355, .adv_w = 90, .box_w = 3, .box_h = 6, .ofs_x = 1, .ofs_y = 7},
    {.bitmap_index = 364, .adv_w = 106, .box_w = 5, .box_h = 17, .ofs_x = 1, .ofs_y = -2},
    {.bitmap_index = 406, .adv_w = 106, .box_w = 5, .box_h = 17, .ofs_x = 0, .ofs_y = -2},
    {.bitmap_index = 449, .adv_w = 150, .box_w = 8, .box_h = 8, .ofs_x = 1, .ofs_y = 5},
    {.bitmap_index = 480, .adv_w = 192, .box_w = 10, .box_h = 9, .ofs_x = 1, .ofs_y = 1},
    {.bitmap_index = 505, .adv_w = 87, .box_w = 3, .box_h = 6, .ofs_x = 1, .ofs_y = -4},
    {.bitmap_index = 515, .adv_w = 133, .box_w = 7, .box_h = 2, .ofs_x = 1, .ofs_y = 5},
    {.bitmap_index = 520, .adv_w = 87, .box_w = 4, .box_h = 3, .ofs_x = 1, .ofs_y = 0},
    {.bitmap_index = 526, .adv_w = 106, .box_w = 7, .box_h = 16, .ofs_x = 0, .ofs_y = -2},
    {.bitmap_index = 573, .adv_w = 186, .box_w = 10, .box_h = 13, .ofs_x = 1, .ofs_y = 0},
    {.bitmap_index = 631, .adv_w = 120, .box_w = 7, .box_h = 13, .ofs_x = 0, .ofs_y = 0},
    {.bitmap_index = 649, .adv_w = 177, .box_w = 9, .box_h = 13, .ofs_x = 1, .ofs_y = 0},
    {.bitmap_index = 701, .adv_w = 181, .box_w = 10, .box_h = 13, .ofs_x = 1, .ofs_y = 0},
    {.bitmap_index = 762, .adv_w = 189, .box_w = 10, .box_h = 13, .ofs_x = 1, .ofs_y = 0},
    {.bitmap_index = 808, .adv_w = 174, .box_w = 9, .box_h = 13, .ofs_x = 1, .ofs_y = 0},
    {.bitmap_index = 860, .adv_w = 181, .box_w = 10, .box_h = 13, .ofs_x = 1, .ofs_y = 0},
    {.bitmap_index = 925, .adv_w = 165, .box_w = 10, .box_h = 13, .ofs_x = 0, .ofs_y = 0},
    {.bitmap_index = 973, .adv_w = 181, .box_w = 10, .box_h = 13, .ofs_x = 1, .ofs_y = 0},
    {.bitmap_index = 1037, .adv_w = 181, .box_w = 10, .box_h = 13, .ofs_x = 1, .ofs_y = 0},
    {.bitmap_index = 1101, .adv_w = 87, .box_w = 4, .box_h = 10, .ofs_x = 1, .ofs_y = 0},
    {.bitmap_index = 1118, .adv_w = 91, .box_w = 4, .box_h = 13, .ofs_x = 1, .ofs_y = -4},
    {.bitmap_index = 1141, .adv_w = 192, .box_w = 10, .box_h = 11, .ofs_x = 1, .ofs_y = 0},
    {.bitmap_index = 1185, .adv_w = 192, .box_w = 10, .box_h = 6, .ofs_x = 1, .ofs_y = 2},
    {.bitmap_index = 1202, .adv_w = 192, .box_w = 10, .box_h = 11, .ofs_x = 1, .ofs_y = 0},
    {.bitmap_index = 1246, .adv_w = 152, .box_w = 9, .box_h = 13, .ofs_x = 0, .ofs_y = 0},
    {.bitmap_index = 1297, .adv_w = 283, .box_w = 16, .box_h = 17, .ofs_x = 1, .ofs_y = -4},
    {.bitmap_index = 1422, .adv_w = 204, .box_w = 13, .box_h = 13, .ofs_x = 0, .ofs_y = 0},
    {.bitmap_index = 1491, .adv_w = 189, .box_w = 10, .box_h = 13, .ofs_x = 1, .ofs_y = 0},
    {.bitmap_index = 1548, .adv_w = 211, .box_w = 12, .box_h = 13, .ofs_x = 1, .ofs_y = 0},
    {.bitmap_index = 1616, .adv_w = 208, .box_w = 11, .box_h = 13, .ofs_x = 1, .ofs_y = 0},
    {.bitmap_index = 1667, .adv_w = 174, .box_w = 9, .box_h = 13, .ofs_x = 1, .ofs_y = 0},
    {.bitmap_index = 1699, .adv_w = 170, .box_w = 9, .box_h = 13, .ofs_x = 1, .ofs_y = 0},
    {.bitmap_index = 1724, .adv_w = 215, .box_w = 12, .box_h = 13, .ofs_x = 1, .ofs_y = 0},
    {.bitmap_index = 1797, .adv_w = 214, .box_w = 11, .box_h = 13, .ofs_x = 1, .ofs_y = 0},
    {.bitmap_index = 1819, .adv_w = 78, .box_w = 3, .box_h = 13, .ofs_x = 1, .ofs_y = 0},
    {.bitmap_index = 1824, .adv_w = 166, .box_w = 9, .box_h = 13, .ofs_x = 0, .ofs_y = 0},
    {.bitmap_index = 1851, .adv_w = 198, .box_w = 11, .box_h = 13, .ofs_x = 1, .ofs_y = 0},
    {.bitmap_index = 1907, .adv_w = 163, .box_w = 9, .box_h = 13, .ofs_x = 1, .ofs_y = 0},
    {.bitmap_index = 1921, .adv_w = 263, .box_w = 14, .box_h = 13, .ofs_x = 1, .ofs_y = 0},
    {.bitmap_index = 1990, .adv_w = 218, .box_w = 12, .box_h = 13, .ofs_x = 1, .ofs_y = 0},
    {.bitmap_index = 2040, .adv_w = 221, .box_w = 12, .box_h = 13, .ofs_x = 1, .ofs_y = 0},
    {.bitmap_index = 2110, .adv_w = 185, .box_w = 10, .box_h = 13, .ofs_x = 1, .ofs_y = 0},
    {.bitmap_index = 2155, .adv_w = 221, .box_w = 12, .box_h = 14, .ofs_x = 1, .ofs_y = -1},
    {.bitmap_index = 2233, .adv_w = 187, .box_w = 11, .box_h = 13, .ofs_x = 1, .ofs_y = 0},
    {.bitmap_index = 2285, .adv_w = 186, .box_w = 11, .box_h = 13, .ofs_x = 0, .ofs_y = 0},
    {.bitmap_index = 2352, .adv_w = 188, .box_w = 11, .box_h = 13, .ofs_x = 0, .ofs_y = 0},
    {.bitmap_index = 2371, .adv_w = 213, .box_w = 11, .box_h = 13, .ofs_x = 1, .ofs_y = 0},
    {.bitmap_index = 2403, .adv_w = 204, .box_w = 13, .box_h = 13, .ofs_x = 0, .ofs_y = 0},
    {.bitmap_index = 2473, .adv_w = 289, .box_w = 18, .box_h = 13, .ofs_x = 0, .ofs_y = 0},
    {.bitmap_index = 2582, .adv_w = 202, .box_w = 13, .box_h = 13, .ofs_x = 0, .ofs_y = 0},
    {.bitmap_index = 2654, .adv_w = 201, .box_w = 13, .box_h = 13, .ofs_x = 0, .ofs_y = 0},
    {.bitmap_index = 2704, .adv_w = 185, .box_w = 10, .box_h = 13, .ofs_x = 1, .ofs_y = 0},
    {.bitmap_index = 2752, .adv_w = 106, .box_w = 5, .box_h = 17, .ofs_x = 1, .ofs_y = -2},
    {.bitmap_index = 2767, .adv_w = 106, .box_w = 7, .box_h = 16, .ofs_x = 0, .ofs_y = -2},
    {.bitmap_index = 2812, .adv_w = 106, .box_w = 4, .box_h = 17, .ofs_x = 1, .ofs_y = -2},
    {.bitmap_index = 2824, .adv_w = 137, .box_w = 8, .box_h = 6, .ofs_x = 0, .ofs_y = 7},
    {.bitmap_index = 2847, .adv_w = 133, .box_w = 9, .box_h = 2, .ofs_x = 0, .ofs_y = -2},
    {.bitmap_index = 2852, .adv_w = 97, .box_w = 4, .box_h = 3, .ofs_x = 1, .ofs_y = 11},
    {.bitmap_index = 2859, .adv_w = 164, .box_w = 9, .box_h = 10, .ofs_x = 0, .ofs_y = 0},
    {.bitmap_index = 2903, .adv_w = 178, .box_w = 10, .box_h = 13, .ofs_x = 1, .ofs_y = 0},
    {.bitmap_index = 2952, .adv_w = 166, .box_w = 10, .box_h = 10, .ofs_x = 0, .ofs_y = 0},
    {.bitmap_index = 2998, .adv_w = 178, .box_w = 10, .box_h = 13, .ofs_x = 0, .ofs_y = 0},
    {.bitmap_index = 3049, .adv_w = 169, .box_w = 10, .box_h = 10, .ofs_x = 0, .ofs_y = 0},
    {.bitmap_index = 3096, .adv_w = 109, .box_w = 7, .box_h = 14, .ofs_x = 0, .ofs_y = 0},
    {.bitmap_index = 3125, .adv_w = 178, .box_w = 10, .box_h = 14, .ofs_x = 0, .ofs_y = -4},
    {.bitmap_index = 3189, .adv_w = 173, .box_w = 9, .box_h = 13, .ofs_x = 1, .ofs_y = 0},
    {.bitmap_index = 3217, .adv_w = 73, .box_w = 3, .box_h = 14, .ofs_x = 1, .ofs_y = 0},
    {.bitmap_index = 3228, .adv_w = 73, .box_w = 5, .box_h = 18, .ofs_x = -1, .ofs_y = -4},
    {.bitmap_index = 3251, .adv_w = 161, .box_w = 9, .box_h = 13, .ofs_x = 1, .ofs_y = 0},
    {.bitmap_index = 3291, .adv_w = 73, .box_w = 3, .box_h = 13, .ofs_x = 1, .ofs_y = 0},
    {.bitmap_index = 3296, .adv_w = 256, .box_w = 14, .box_h = 10, .ofs_x = 1, .ofs_y = 0},
    {.bitmap_index = 3332, .adv_w = 173, .box_w = 9, .box_h = 10, .ofs_x = 1, .ofs_y = 0},
    {.bitmap_index = 3356, .adv_w = 174, .box_w = 11, .box_h = 10, .ofs_x = 0, .ofs_y = 0},
    {.bitmap_index = 3407, .adv_w = 178, .box_w = 10, .box_h = 14, .ofs_x = 1, .ofs_y = -4},
    {.bitmap_index = 3459, .adv_w = 178, .box_w = 10, .box_h = 14, .ofs_x = 0, .ofs_y = -4},
    {.bitmap_index = 3511, .adv_w = 111, .box_w = 6, .box_h = 11, .ofs_x = 1, .ofs_y = 0},
    {.bitmap_index = 3529, .adv_w = 155, .box_w = 9, .box_h = 10, .ofs_x = 0, .ofs_y = 0},
    {.bitmap_index = 3575, .adv_w = 98, .box_w = 6, .box_h = 13, .ofs_x = 0, .ofs_y = 0},
    {.bitmap_index = 3602, .adv_w = 173, .box_w = 9, .box_h = 10, .ofs_x = 1, .ofs_y = 0},
    {.bitmap_index = 3628, .adv_w = 166, .box_w = 10, .box_h = 10, .ofs_x = 0, .ofs_y = 0},
    {.bitmap_index = 3674, .adv_w = 239, .box_w = 15, .box_h = 10, .ofs_x = 0, .ofs_y = 0},
    {.bitmap_index = 3746, .adv_w = 160, .box_w = 10, .box_h = 10, .ofs_x = 0, .ofs_y = 0},
    {.bitmap_index = 3794, .adv_w = 166, .box_w = 10, .box_h = 14, .ofs_x = 0, .ofs_y = -4},
    {.bitmap_index = 3855, .adv_w = 161, .box_w = 8, .box_h = 10, .ofs_x = 1, .ofs_y = 0},
    {.bitmap_index = 3890, .adv_w = 127, .box_w = 6, .box_h = 17, .ofs_x = 1, .ofs_y = -3},
    {.bitmap_index = 3933, .adv_w = 100, .box_w = 2, .box_h = 22, .ofs_x = 2, .ofs_y = -4},
    {.bitmap_index = 3939, .adv_w = 127, .box_w = 6, .box_h = 17, .ofs_x = 1, .ofs_y = -3},
    {.bitmap_index = 3982, .adv_w = 192, .box_w = 10, .box_h = 4, .ofs_x = 1, .ofs_y = 3},
    {.bitmap_index = 4002, .adv_w = 77, .box_w = 0, .box_h = 0, .ofs_x = 0, .ofs_y = 0},
    {.bitmap_index = 4002, .adv_w = 88, .box_w = 4, .box_h = 13, .ofs_x = 1, .ofs_y = -3},
    {.bitmap_index = 4022, .adv_w = 166, .box_w = 10, .box_h = 13, .ofs_x = 0, .ofs_y = 0},
    {.bitmap_index = 4080, .adv_w = 179, .box_w = 11, .box_h = 13, .ofs_x = 0, .ofs_y = 0},
    {.bitmap_index = 4143, .adv_w = 212, .box_w = 12, .box_h = 12, .ofs_x = 1, .ofs_y = 0},
    {.bitmap_index = 4209, .adv_w = 160, .box_w = 10, .box_h = 13, .ofs_x = 0, .ofs_y = 0},
    {.bitmap_index = 4272, .adv_w = 84, .box_w = 3, .box_h = 16, .ofs_x = 1, .ofs_y = -3},
    {.bitmap_index = 4286, .adv_w = 164, .box_w = 9, .box_h = 16, .ofs_x = 1, .ofs_y = -3},
    {.bitmap_index = 4359, .adv_w = 173, .box_w = 7, .box_h = 3, .ofs_x = 2, .ofs_y = 11},
    {.bitmap_index = 4370, .adv_w = 263, .box_w = 14, .box_h = 14, .ofs_x = 1, .ofs_y = 0},
    {.bitmap_index = 4466, .adv_w = 132, .box_w = 8, .box_h = 9, .ofs_x = 0, .ofs_y = 5},
    {.bitmap_index = 4501, .adv_w = 175, .box_w = 11, .box_h = 9, .ofs_x = 0, .ofs_y = 1},
    {.bitmap_index = 4547, .adv_w = 192, .box_w = 9, .box_h = 5, .ofs_x = 1, .ofs_y = 2},
    {.bitmap_index = 4560, .adv_w = 191, .box_w = 12, .box_h = 12, .ofs_x = 0, .ofs_y = 2},
    {.bitmap_index = 4625, .adv_w = 134, .box_w = 6, .box_h = 3, .ofs_x = 1, .ofs_y = 11},
    {.bitmap_index = 4632, .adv_w = 132, .box_w = 7, .box_h = 8, .ofs_x = 1, .ofs_y = 7},
    {.bitmap_index = 4660, .adv_w = 192, .box_w = 10, .box_h = 10, .ofs_x = 1, .ofs_y = 0},
    {.bitmap_index = 4694, .adv_w = 129, .box_w = 8, .box_h = 7, .ofs_x = 0, .ofs_y = 8},
    {.bitmap_index = 4723, .adv_w = 131, .box_w = 8, .box_h = 7, .ofs_x = 0, .ofs_y = 8},
    {.bitmap_index = 4751, .adv_w = 97, .box_w = 4, .box_h = 3, .ofs_x = 1, .ofs_y = 11},
    {.bitmap_index = 4757, .adv_w = 173, .box_w = 10, .box_h = 14, .ofs_x = 1, .ofs_y = -4},
    {.bitmap_index = 4790, .adv_w = 173, .box_w = 10, .box_h = 13, .ofs_x = 0, .ofs_y = 0},
    {.bitmap_index = 4827, .adv_w = 87, .box_w = 4, .box_h = 3, .ofs_x = 1, .ofs_y = 5},
    {.bitmap_index = 4833, .adv_w = 86, .box_w = 4, .box_h = 5, .ofs_x = 1, .ofs_y = -4},
    {.bitmap_index = 4843, .adv_w = 90, .box_w = 5, .box_h = 7, .ofs_x = 0, .ofs_y = 8},
    {.bitmap_index = 4855, .adv_w = 140, .box_w = 9, .box_h = 9, .ofs_x = 0, .ofs_y = 5},
    {.bitmap_index = 4894, .adv_w = 175, .box_w = 11, .box_h = 9, .ofs_x = 0, .ofs_y = 1},
    {.bitmap_index = 4941, .adv_w = 235, .box_w = 14, .box_h = 14, .ofs_x = 0, .ofs_y = -1},
    {.bitmap_index = 5023, .adv_w = 247, .box_w = 15, .box_h = 14, .ofs_x = 0, .ofs_y = -1},
    {.bitmap_index = 5108, .adv_w = 258, .box_w = 16, .box_h = 15, .ofs_x = 0, .ofs_y = -1},
    {.bitmap_index = 5210, .adv_w = 152, .box_w = 9, .box_h = 14, .ofs_x = 0, .ofs_y = -4},
    {.bitmap_index = 5263, .adv_w = 204, .box_w = 13, .box_h = 17, .ofs_x = 0, .ofs_y = 0},
    {.bitmap_index = 5347, .adv_w = 204, .box_w = 13, .box_h = 17, .ofs_x = 0, .ofs_y = 0},
    {.bitmap_index = 5431, .adv_w = 204, .box_w = 13, .box_h = 17, .ofs_x = 0, .ofs_y = 0},
    {.bitmap_index = 5519, .adv_w = 204, .box_w = 13, .box_h = 18, .ofs_x = 0, .ofs_y = 0},
    {.bitmap_index = 5609, .adv_w = 204, .box_w = 13, .box_h = 17, .ofs_x = 0, .ofs_y = 0},
    {.bitmap_index = 5698, .adv_w = 204, .box_w = 13, .box_h = 18, .ofs_x = 0, .ofs_y = 0},
    {.bitmap_index = 5789, .adv_w = 289, .box_w = 17, .box_h = 13, .ofs_x = 0, .ofs_y = 0},
    {.bitmap_index = 5866, .adv_w = 211, .box_w = 12, .box_h = 17, .ofs_x = 1, .ofs_y = -4},
    {.bitmap_index = 5950, .adv_w = 174, .box_w = 9, .box_h = 17, .ofs_x = 1, .ofs_y = 0},
    {.bitmap_index = 5996, .adv_w = 174, .box_w = 9, .box_h = 17, .ofs_x = 1, .ofs_y = 0},
    {.bitmap_index = 6041, .adv_w = 174, .box_w = 9, .box_h = 17, .ofs_x = 1, .ofs_y = 0},
    {.bitmap_index = 6090, .adv_w = 174, .box_w = 9, .box_h = 17, .ofs_x = 1, .ofs_y = 0},
    {.bitmap_index = 6140, .adv_w = 78, .box_w = 4, .box_h = 17, .ofs_x = 0, .ofs_y = 0},
    {.bitmap_index = 6154, .adv_w = 78, .box_w = 4, .box_h = 17, .ofs_x = 1, .ofs_y = 0},
    {.bitmap_index = 6167, .adv_w = 78, .box_w = 7, .box_h = 17, .ofs_x = -1, .ofs_y = 0},
    {.bitmap_index = 6189, .adv_w = 78, .box_w = 7, .box_h = 17, .ofs_x = -1, .ofs_y = 0},
    {.bitmap_index = 6211, .adv_w = 214, .box_w = 13, .box_h = 13, .ofs_x = 0, .ofs_y = 0},
    {.bitmap_index = 6277, .adv_w = 218, .box_w = 12, .box_h = 18, .ofs_x = 1, .ofs_y = 0},
    {.bitmap_index = 6348, .adv_w = 221, .box_w = 12, .box_h = 17, .ofs_x = 1, .ofs_y = 0},
    {.bitmap_index = 6432, .adv_w = 221, .box_w = 12, .box_h = 17, .ofs_x = 1, .ofs_y = 0},
    {.bitmap_index = 6516, .adv_w = 221, .box_w = 12, .box_h = 18, .ofs_x = 1, .ofs_y = 0},
    {.bitmap_index = 6608, .adv_w = 221, .box_w = 12, .box_h = 18, .ofs_x = 1, .ofs_y = 0},
    {.bitmap_index = 6699, .adv_w = 221, .box_w = 12, .box_h = 17, .ofs_x = 1, .ofs_y = 0},
    {.bitmap_index = 6788, .adv_w = 192, .box_w = 10, .box_h = 10, .ofs_x = 1, .ofs_y = 0},
    {.bitmap_index = 6837, .adv_w = 221, .box_w = 12, .box_h = 15, .ofs_x = 1, .ofs_y = -1},
    {.bitmap_index = 6924, .adv_w = 213, .box_w = 11, .box_h = 17, .ofs_x = 1, .ofs_y = 0},
    {.bitmap_index = 6971, .adv_w = 213, .box_w = 11, .box_h = 17, .ofs_x = 1, .ofs_y = 0},
    {.bitmap_index = 7017, .adv_w = 213, .box_w = 11, .box_h = 18, .ofs_x = 1, .ofs_y = 0},
    {.bitmap_index = 7070, .adv_w = 213, .box_w = 11, .box_h = 18, .ofs_x = 1, .ofs_y = 0},
    {.bitmap_index = 7124, .adv_w = 201, .box_w = 13, .box_h = 17, .ofs_x = 0, .ofs_y = 0},
    {.bitmap_index = 7190, .adv_w = 186, .box_w = 10, .box_h = 13, .ofs_x = 1, .ofs_y = 0},
    {.bitmap_index = 7234, .adv_w = 181, .box_w = 10, .box_h = 13, .ofs_x = 1, .ofs_y = 0},
    {.bitmap_index = 7289, .adv_w = 164, .box_w = 9, .box_h = 14, .ofs_x = 0, .ofs_y = 0},
    {.bitmap_index = 7346, .adv_w = 164, .box_w = 9, .box_h = 14, .ofs_x = 0, .ofs_y = 0},
    {.bitmap_index = 7402, .adv_w = 164, .box_w = 9, .box_h = 14, .ofs_x = 0, .ofs_y = 0},
    {.bitmap_index = 7463, .adv_w = 164, .box_w = 9, .box_h = 14, .ofs_x = 0, .ofs_y = 0},
    {.bitmap_index = 7523, .adv_w = 164, .box_w = 9, .box_h = 14, .ofs_x = 0, .ofs_y = 0},
    {.bitmap_index = 7584, .adv_w = 164, .box_w = 9, .box_h = 15, .ofs_x = 0, .ofs_y = 0},
    {.bitmap_index = 7648, .adv_w = 264, .box_w = 16, .box_h = 10, .ofs_x = 0, .ofs_y = 0},
    {.bitmap_index = 7726, .adv_w = 166, .box_w = 10, .box_h = 14, .ofs_x = 0, .ofs_y = -4},
    {.bitmap_index = 7788, .adv_w = 169, .box_w = 10, .box_h = 14, .ofs_x = 0, .ofs_y = 0},
    {.bitmap_index = 7847, .adv_w = 169, .box_w = 10, .box_h = 14, .ofs_x = 0, .ofs_y = 0},
    {.bitmap_index = 7907, .adv_w = 169, .box_w = 10, .box_h = 14, .ofs_x = 0, .ofs_y = 0},
    {.bitmap_index = 7971, .adv_w = 169, .box_w = 10, .box_h = 14, .ofs_x = 0, .ofs_y = 0},
    {.bitmap_index = 8036, .adv_w = 73, .box_w = 5, .box_h = 14, .ofs_x = -1, .ofs_y = 0},
    {.bitmap_index = 8052, .adv_w = 73, .box_w = 4, .box_h = 14, .ofs_x = 1, .ofs_y = 0},
    {.bitmap_index = 8065, .adv_w = 73, .box_w = 7, .box_h = 14, .ofs_x = -1, .ofs_y = 0},
    {.bitmap_index = 8085, .adv_w = 73, .box_w = 7, .box_h = 14, .ofs_x = -1, .ofs_y = 0},
    {.bitmap_index = 8105, .adv_w = 169, .box_w = 10, .box_h = 14, .ofs_x = 0, .ofs_y = 0},
    {.bitmap_index = 8172, .adv_w = 173, .box_w = 9, .box_h = 14, .ofs_x = 1, .ofs_y = 0},
    {.bitmap_index = 8213, .adv_w = 174, .box_w = 11, .box_h = 14, .ofs_x = 0, .ofs_y = 0},
    {.bitmap_index = 8277, .adv_w = 174, .box_w = 11, .box_h = 14, .ofs_x = 0, .ofs_y = 0},
    {.bitmap_index = 8342, .adv_w = 174, .box_w = 11, .box_h = 14, .ofs_x = 0, .ofs_y = 0},
    {.bitmap_index = 8411, .adv_w = 174, .box_w = 11, .box_h = 14, .ofs_x = 0, .ofs_y = 0},
    {.bitmap_index = 8480, .adv_w = 174, .box_w = 11, .box_h = 14, .ofs_x = 0, .ofs_y = 0},
    {.bitmap_index = 8551, .adv_w = 192, .box_w = 10, .box_h = 10, .ofs_x = 1, .ofs_y = 0},
    {.bitmap_index = 8586, .adv_w = 174, .box_w = 11, .box_h = 12, .ofs_x = 0, .ofs_y = -1},
    {.bitmap_index = 8649, .adv_w = 173, .box_w = 9, .box_h = 14, .ofs_x = 1, .ofs_y = 0},
    {.bitmap_index = 8688, .adv_w = 173, .box_w = 9, .box_h = 14, .ofs_x = 1, .ofs_y = 0},
    {.bitmap_index = 8728, .adv_w = 173, .box_w = 9, .box_h = 14, .ofs_x = 1, .ofs_y = 0},
    {.bitmap_index = 8771, .adv_w = 173, .box_w = 9, .box_h = 14, .ofs_x = 1, .ofs_y = 0},
    {.bitmap_index = 8815, .adv_w = 166, .box_w = 10, .box_h = 18, .ofs_x = 0, .ofs_y = -4},
    {.bitmap_index = 8890, .adv_w = 178, .box_w = 10, .box_h = 17, .ofs_x = 1, .ofs_y = -4},
    {.bitmap_index = 8945, .adv_w = 166, .box_w = 10, .box_h = 18, .ofs_x = 0, .ofs_y = -4},
    {.bitmap_index = 9026, .adv_w = 221, .box_w = 12, .box_h = 18, .ofs_x = 1, .ofs_y = -1},
    {.bitmap_index = 9120, .adv_w = 174, .box_w = 11, .box_h = 15, .ofs_x = 0, .ofs_y = -1},
    {.bitmap_index = 9194, .adv_w = 213, .box_w = 11, .box_h = 18, .ofs_x = 1, .ofs_y = -1},
    {.bitmap_index = 9252, .adv_w = 173, .box_w = 9, .box_h = 15, .ofs_x = 1, .ofs_y = -1},
    {.bitmap_index = 9305, .adv_w = 288, .box_w = 18, .box_h = 18, .ofs_x = 0, .ofs_y = -2},
    {.bitmap_index = 9403, .adv_w = 288, .box_w = 18, .box_h = 19, .ofs_x = 0, .ofs_y = -3},
    {.bitmap_index = 9538, .adv_w = 216, .box_w = 14, .box_h = 20, .ofs_x = 0, .ofs_y = -3},
    {.bitmap_index = 9612, .adv_w = 180, .box_w = 11, .box_h = 17, .ofs_x = 0, .ofs_y = -2},
    {.bitmap_index = 9664, .adv_w = 252, .box_w = 15, .box_h = 17, .ofs_x = 0, .ofs_y = -2},
    {.bitmap_index = 9740, .adv_w = 360, .box_w = 22, .box_h = 17, .ofs_x = 1, .ofs_y = -2},
    {.bitmap_index = 9877, .adv_w = 216, .box_w = 14, .box_h = 17, .ofs_x = 0, .ofs_y = -2},
    {.bitmap_index = 9946, .adv_w = 252, .box_w = 15, .box_h = 17, .ofs_x = 1, .ofs_y = -2},
    {.bitmap_index = 10022, .adv_w = 216, .box_w = 14, .box_h = 17, .ofs_x = 0, .ofs_y = -2},
    {.bitmap_index = 10068, .adv_w = 252, .box_w = 16, .box_h = 17, .ofs_x = 0, .ofs_y = -2},
    {.bitmap_index = 10109, .adv_w = 216, .box_w = 15, .box_h = 17, .ofs_x = -1, .ofs_y = -2},
    {.bitmap_index = 10179, .adv_w = 288, .box_w = 18, .box_h = 15, .ofs_x = 0, .ofs_y = 0},
    {.bitmap_index = 10221, .adv_w = 216, .box_w = 14, .box_h = 20, .ofs_x = 0, .ofs_y = -3},
    {.bitmap_index = 10293, .adv_w = 360, .box_w = 22, .box_h = 14, .ofs_x = 1, .ofs_y = 0},
    {.bitmap_index = 10376, .adv_w = 360, .box_w = 22, .box_h = 14, .ofs_x = 1, .ofs_y = 0},
    {.bitmap_index = 10458, .adv_w = 360, .box_w = 22, .box_h = 14, .ofs_x = 1, .ofs_y = 0},
    {.bitmap_index = 10540, .adv_w = 360, .box_w = 22, .box_h = 14, .ofs_x = 1, .ofs_y = 0},
    {.bitmap_index = 10625, .adv_w = 360, .box_w = 22, .box_h = 15, .ofs_x = 1, .ofs_y = -2}
};

/*---------------------
 *  CHARACTER MAPPING
 *--------------------*/

static const uint16_t unicode_list_3[] = {
    0x0, 0x1, 0x20, 0x21, 0xeeb1, 0xeed1, 0xeed3, 0xeed6,
    0xeed7, 0xeed8, 0xeef8, 0xeefb, 0xeefc, 0xeefd, 0xef01, 0xef2b,
    0xef4c, 0xf0f0, 0xf0f1, 0xf0f2, 0xf0f3, 0xf0f4
};

/*Collect the unicode lists and glyph_id offsets*/
static const lv_font_fmt_txt_cmap_t cmaps[] =
{
    {
        .range_start = 32, .range_length = 95, .glyph_id_start = 1,
        .unicode_list = NULL, .glyph_id_ofs_list = NULL, .list_length = 0, .type = LV_FONT_FMT_TXT_CMAP_FORMAT0_TINY
    },
    {
        .range_start = 160, .range_length = 13, .glyph_id_start = 96,
        .unicode_list = NULL, .glyph_id_ofs_list = NULL, .list_length = 0, .type = LV_FONT_FMT_TXT_CMAP_FORMAT0_TINY
    },
    {
        .range_start = 174, .range_length = 82, .glyph_id_start = 109,
        .unicode_list = NULL, .glyph_id_ofs_list = NULL, .list_length = 0, .type = LV_FONT_FMT_TXT_CMAP_FORMAT0_TINY
    },
    {
        .range_start = 336, .range_length = 61685, .glyph_id_start = 191,
        .unicode_list = unicode_list_3, .glyph_id_ofs_list = NULL, .list_length = 22, .type = LV_FONT_FMT_TXT_CMAP_SPARSE_TINY
    }
};

/*-----------------
 *    KERNING
 *----------------*/


/*Pair left and right glyphs for kerning*/
static const uint8_t kern_pair_glyph_ids[] =
{
    3, 7,
    3, 13,
    3, 15,
    3, 21,
    3, 98,
    7, 3,
    7, 8,
    7, 61,
    7, 109,
    8, 7,
    8, 13,
    8, 15,
    8, 21,
    8, 98,
    9, 93,
    9, 98,
    11, 7,
    11, 13,
    11, 15,
    11, 21,
    11, 33,
    11, 64,
    11, 105,
    12, 19,
    12, 20,
    12, 24,
    12, 61,
    12, 117,
    13, 1,
    13, 2,
    13, 3,
    13, 8,
    13, 17,
    13, 18,
    13, 20,
    13, 22,
    13, 23,
    13, 24,
    13, 25,
    13, 26,
    13, 32,
    13, 33,
    13, 105,
    13, 117,
    14, 19,
    14, 20,
    14, 24,
    14, 61,
    14, 117,
    15, 1,
    15, 2,
    15, 3,
    15, 8,
    15, 17,
    15, 18,
    15, 20,
    15, 22,
    15, 23,
    15, 24,
    15, 25,
    15, 26,
    15, 32,
    15, 33,
    15, 105,
    15, 117,
    16, 13,
    16, 15,
    16, 61,
    17, 13,
    17, 15,
    17, 24,
    17, 61,
    17, 64,
    18, 10,
    18, 62,
    18, 64,
    18, 94,
    19, 21,
    20, 11,
    20, 13,
    20, 15,
    20, 63,
    20, 107,
    20, 111,
    21, 11,
    21, 13,
    21, 15,
    21, 18,
    21, 63,
    21, 109,
    21, 111,
    21, 117,
    22, 11,
    22, 13,
    22, 15,
    22, 63,
    22, 109,
    22, 111,
    23, 13,
    23, 15,
    23, 64,
    24, 4,
    24, 7,
    24, 13,
    24, 15,
    24, 17,
    24, 20,
    24, 21,
    24, 22,
    24, 23,
    24, 24,
    24, 25,
    24, 26,
    24, 27,
    24, 28,
    24, 29,
    24, 64,
    24, 98,
    24, 107,
    25, 11,
    25, 13,
    25, 15,
    25, 63,
    25, 107,
    25, 111,
    26, 13,
    26, 15,
    26, 24,
    26, 61,
    26, 64,
    27, 61,
    28, 61,
    30, 61,
    31, 24,
    31, 61,
    33, 13,
    33, 15,
    33, 16,
    33, 61,
    33, 64,
    33, 109,
    60, 93,
    60, 98,
    61, 3,
    61, 5,
    61, 8,
    61, 11,
    61, 12,
    61, 14,
    61, 16,
    61, 18,
    61, 29,
    61, 30,
    61, 32,
    61, 33,
    61, 61,
    61, 63,
    61, 95,
    61, 98,
    61, 105,
    61, 107,
    61, 108,
    61, 109,
    61, 111,
    61, 112,
    61, 117,
    61, 118,
    61, 122,
    61, 150,
    61, 182,
    63, 7,
    63, 13,
    63, 15,
    63, 21,
    63, 33,
    63, 64,
    63, 105,
    64, 11,
    64, 17,
    64, 18,
    64, 20,
    64, 21,
    64, 22,
    64, 23,
    64, 25,
    64, 26,
    64, 33,
    64, 61,
    64, 63,
    64, 93,
    64, 105,
    64, 111,
    64, 117,
    92, 93,
    92, 98,
    93, 10,
    93, 62,
    93, 64,
    93, 94,
    95, 19,
    95, 20,
    95, 24,
    95, 61,
    95, 117,
    97, 61,
    98, 3,
    98, 8,
    98, 10,
    98, 18,
    98, 61,
    98, 62,
    98, 94,
    98, 109,
    105, 13,
    105, 15,
    105, 16,
    105, 61,
    105, 64,
    105, 109,
    109, 7,
    109, 21,
    109, 33,
    109, 98,
    109, 105,
    111, 7,
    111, 13,
    111, 15,
    111, 21,
    111, 33,
    111, 64,
    111, 105,
    112, 61,
    116, 12,
    116, 14,
    116, 16,
    116, 29,
    116, 64,
    116, 95,
    116, 108,
    116, 118,
    116, 182,
    117, 10,
    117, 62,
    117, 64,
    117, 94,
    118, 19,
    118, 20,
    118, 24,
    118, 61,
    118, 117,
    122, 18,
    122, 19,
    122, 20,
    122, 24,
    122, 25,
    122, 61,
    126, 61,
    150, 61,
    182, 19,
    182, 20,
    182, 24,
    182, 61,
    182, 117
};

/* Kerning between the respective left and right glyphs
 * 4.4 format which needs to scaled with `kern_scale`*/
static const int8_t kern_pair_values[] =
{
    -10, -24, -24, -18, -5, -10, -10, -18,
    -6, -10, -24, -24, -18, -5, 2, -3,
    -10, -39, -39, -13, -4, -20, -4, -9,
    -3, -7, -14, -4, -3, -1, -25, -25,
    -8, -25, -7, -3, -8, -5, -7, -3,
    -25, -13, -13, -15, -9, -3, -7, -14,
    -4, -3, -1, -25, -25, -8, -25, -7,
    -3, -8, -5, -7, -3, -25, -13, -13,
    -15, -11, -11, 1, -8, -8, -6, -4,
    -13, 2, 2, 2, 2, -4, -4, -6,
    -6, -4, -10, -4, -7, -10, -10, -7,
    -7, -2, -7, -12, -1, -7, -7, -1,
    -2, -1, -9, -9, -13, -16, -13, -36,
    -36, -4, -5, -17, -3, -4, 6, -4,
    -3, -10, -10, -26, -46, -15, -18, -4,
    -6, -6, -4, -10, -4, -8, -8, -6,
    -4, -13, -18, -18, -20, -21, -21, -13,
    -13, -11, -10, -11, -2, 2, -3, -23,
    -1, -23, -24, -10, -10, 5, -11, -4,
    -15, -18, -11, -14, -24, -10, -2, -11,
    -10, -10, -20, -24, -15, -14, -10, -10,
    -10, -10, -10, -39, -39, -13, -4, -20,
    -4, -20, -13, -31, -13, -16, -13, -13,
    -13, -13, -11, -23, -20, 10, -11, -20,
    -13, 2, -3, 2, 2, 2, 2, -9,
    -3, -7, -14, -4, -10, -5, -5, -3,
    -10, -16, -3, -3, -3, -13, -13, -11,
    -10, -11, -2, -10, -14, -2, -8, -2,
    -10, -39, -39, -13, -4, -20, -4, -20,
    -11, -11, -10, -11, -10, -11, -10, -11,
    -11, 2, 2, 2, 2, -9, -3, -7,
    -11, -4, -11, -15, -13, -15, -10, -18,
    -26, -11, -9, -3, -7, -14, -4
};

/*Collect the kern pair's data in one place*/
static const lv_font_fmt_txt_kern_pair_t kern_pairs =
{
    .glyph_ids = kern_pair_glyph_ids,
    .values = kern_pair_values,
    .pair_cnt = 263,
    .glyph_ids_size = 0
};

/*--------------------
 *  ALL CUSTOM DATA
 *--------------------*/

#if LVGL_VERSION_MAJOR == 8
/*Store all the custom data of the font*/
static  lv_font_fmt_txt_glyph_cache_t cache;
#endif

#if LVGL_VERSION_MAJOR >= 8
static const lv_font_fmt_txt_dsc_t font_dsc = {
#else
static lv_font_fmt_txt_dsc_t font_dsc = {
#endif
    .glyph_bitmap = glyph_bitmap,
    .glyph_dsc = glyph_dsc,
    .cmaps = cmaps,
    .kern_dsc = &kern_pairs,
    .kern_scale = 16,
    .cmap_num = 4,
    .bpp = 4,
    .kern_classes = 0,
    .bitmap_format = 1,
#if LVGL_VERSION_MAJOR == 8
    .cache = &cache
#endif
};



/*-----------------
 *  PUBLIC FONT
 *----------------*/

/*Initialize a public general font descriptor*/
#if LVGL_VERSION_MAJOR >= 8
const lv_font_t mp3_inter_18 = {
#else
lv_font_t mp3_inter_18 = {
#endif
    .get_glyph_dsc = lv_font_get_glyph_dsc_fmt_txt,    /*Function pointer to get glyph's data*/
    .get_glyph_bitmap = lv_font_get_bitmap_fmt_txt,    /*Function pointer to get glyph's bitmap*/
    .line_height = 22,          /*The maximum line height required by the font*/
    .base_line = 4,             /*Baseline measured from the bottom of the line*/
#if !(LVGL_VERSION_MAJOR == 6 && LVGL_VERSION_MINOR == 0)
    .subpx = LV_FONT_SUBPX_NONE,
#endif
#if LV_VERSION_CHECK(7, 4, 0) || LVGL_VERSION_MAJOR >= 8
    .underline_position = -3,
    .underline_thickness = 1,
#endif
    .dsc = &font_dsc,          /*The custom font data. Will be accessed by `get_glyph_bitmap/dsc` */
#if LV_VERSION_CHECK(8, 2, 0) || LVGL_VERSION_MAJOR >= 9
    .fallback = NULL,
#endif
    .user_data = NULL,
};



#endif /*#if MP3_INTER_18*/

